doi,title,file_id,access_link
doi:10.7910/DVN/TJIJ02,A85_1.JPG,4882385,https://dataverse.harvard.edu/api/access/datafile/4882385
doi:10.7910/DVN/H0AVAM,A85_6.jpg,4882386,https://dataverse.harvard.edu/api/access/datafile/4882386
doi:10.7910/DVN/5QVTRQ,A85_8.jpg,4882387,https://dataverse.harvard.edu/api/access/datafile/4882387
doi:10.7910/DVN/FJCPKG,A85_9.jpg,4882388,https://dataverse.harvard.edu/api/access/datafile/4882388
doi:10.7910/DVN/5HASK4,A85_11.jpg,4882389,https://dataverse.harvard.edu/api/access/datafile/4882389
doi:10.7910/DVN/V04LA9,A85_12.jpg,4882390,https://dataverse.harvard.edu/api/access/datafile/4882390
doi:10.7910/DVN/CWIXYY,A85_14.jpg,4882391,https://dataverse.harvard.edu/api/access/datafile/4882391
doi:10.7910/DVN/YEECKB,A85_15.jpg,4882392,https://dataverse.harvard.edu/api/access/datafile/4882392
doi:10.7910/DVN/H8ZAHR,A85_16.jpg,4882393,https://dataverse.harvard.edu/api/access/datafile/4882393
doi:10.7910/DVN/IWXQ6X,A85_17.jpg,4882394,https://dataverse.harvard.edu/api/access/datafile/4882394
doi:10.7910/DVN/WZHHP2,A85_18.jpg,4882395,https://dataverse.harvard.edu/api/access/datafile/4882395
doi:10.7910/DVN/OFI8IB,A85_19.jpg,4882396,https://dataverse.harvard.edu/api/access/datafile/4882396
doi:10.7910/DVN/UAPVIP,A85_20.jpg,4882397,https://dataverse.harvard.edu/api/access/datafile/4882397
doi:10.7910/DVN/WTRPDF,A85_22.jpg,4882398,https://dataverse.harvard.edu/api/access/datafile/4882398
doi:10.7910/DVN/SZRDN5,A85_24.jpg,4882399,https://dataverse.harvard.edu/api/access/datafile/4882399
doi:10.7910/DVN/2CPL4C,A85_26.jpg,4882400,https://dataverse.harvard.edu/api/access/datafile/4882400
doi:10.7910/DVN/NTBRVG,A85_27.jpg,4882401,https://dataverse.harvard.edu/api/access/datafile/4882401
doi:10.7910/DVN/QAAXCN,A85_29.jpg,4882402,https://dataverse.harvard.edu/api/access/datafile/4882402
doi:10.7910/DVN/M0HA6F,A85_33.jpg,4882403,https://dataverse.harvard.edu/api/access/datafile/4882403
doi:10.7910/DVN/KSU3PO,A85_34.jpg,4882404,https://dataverse.harvard.edu/api/access/datafile/4882404
doi:10.7910/DVN/P1IFP0,A85_35.jpg,4882405,https://dataverse.harvard.edu/api/access/datafile/4882405
doi:10.7910/DVN/IQBXJG,A85_36.jpg,4882406,https://dataverse.harvard.edu/api/access/datafile/4882406
doi:10.7910/DVN/FZVMO8,A85_40.jpg,4882407,https://dataverse.harvard.edu/api/access/datafile/4882407
doi:10.7910/DVN/4RKDCX,A85_41a.JPG,4882408,https://dataverse.harvard.edu/api/access/datafile/4882408
doi:10.7910/DVN/AM1AAD,A85_41b.JPG,4882409,https://dataverse.harvard.edu/api/access/datafile/4882409
doi:10.7910/DVN/6OC1BA,A85_42.jpg,4882410,https://dataverse.harvard.edu/api/access/datafile/4882410
doi:10.7910/DVN/SWHIKP,A85_43a.JPG,4882411,https://dataverse.harvard.edu/api/access/datafile/4882411
doi:10.7910/DVN/VOIDPB,A85_43b.JPG,4882412,https://dataverse.harvard.edu/api/access/datafile/4882412
doi:10.7910/DVN/8PBL5G,A85_44.jpg,4882413,https://dataverse.harvard.edu/api/access/datafile/4882413
doi:10.7910/DVN/X2Q8JZ,A85_46.jpg,4882414,https://dataverse.harvard.edu/api/access/datafile/4882414
doi:10.7910/DVN/VBOX9R,A85_47.jpg,4882415,https://dataverse.harvard.edu/api/access/datafile/4882415
doi:10.7910/DVN/NH8RB4,A85_50.jpg,4882416,https://dataverse.harvard.edu/api/access/datafile/4882416
doi:10.7910/DVN/WDPCVD,A85_95a.jpg,4882417,https://dataverse.harvard.edu/api/access/datafile/4882417
doi:10.7910/DVN/BNXNB9,A85_102.jpg,4882418,https://dataverse.harvard.edu/api/access/datafile/4882418
doi:10.7910/DVN/CRGZKH,A85_103.jpg,4882419,https://dataverse.harvard.edu/api/access/datafile/4882419
doi:10.7910/DVN/WWRH7J,A85_104.jpg,4882420,https://dataverse.harvard.edu/api/access/datafile/4882420
doi:10.7910/DVN/WVPQDU,A85_108.jpg,4882421,https://dataverse.harvard.edu/api/access/datafile/4882421
doi:10.7910/DVN/DJCC1O,A85_130.jpg,4882422,https://dataverse.harvard.edu/api/access/datafile/4882422
doi:10.7910/DVN/3P2PDB,A85_131.jpg,4882423,https://dataverse.harvard.edu/api/access/datafile/4882423
doi:10.7910/DVN/WNVDCK,A85_132.jpg,4882424,https://dataverse.harvard.edu/api/access/datafile/4882424
doi:10.7910/DVN/0QAKQS,A85_133.jpg,4882425,https://dataverse.harvard.edu/api/access/datafile/4882425
doi:10.7910/DVN/CNUZKF,A85_134.jpg,4882426,https://dataverse.harvard.edu/api/access/datafile/4882426
doi:10.7910/DVN/AE22XL,A85_135.jpg,4882427,https://dataverse.harvard.edu/api/access/datafile/4882427
doi:10.7910/DVN/LJIR2V,A85_136.jpg,4882428,https://dataverse.harvard.edu/api/access/datafile/4882428
doi:10.7910/DVN/2M5RLV,A85_137.jpg,4882429,https://dataverse.harvard.edu/api/access/datafile/4882429
doi:10.7910/DVN/DL827M,A85_138a.jpg,4882430,https://dataverse.harvard.edu/api/access/datafile/4882430
doi:10.7910/DVN/2MKD46,A85_138B.jpg,4882431,https://dataverse.harvard.edu/api/access/datafile/4882431
doi:10.7910/DVN/EGDGLK,A85_139.jpg,4882432,https://dataverse.harvard.edu/api/access/datafile/4882432
doi:10.7910/DVN/57YNEP,A85_140.jpg,4882433,https://dataverse.harvard.edu/api/access/datafile/4882433
doi:10.7910/DVN/ZGMZKK,A85_141.jpg,4882434,https://dataverse.harvard.edu/api/access/datafile/4882434
doi:10.7910/DVN/CROTI7,A85_142a.jpg,4882435,https://dataverse.harvard.edu/api/access/datafile/4882435
doi:10.7910/DVN/JDYH9Z,A85_142b.jpg,4882436,https://dataverse.harvard.edu/api/access/datafile/4882436
doi:10.7910/DVN/ZNUNHC,A85_143.jpg,4882437,https://dataverse.harvard.edu/api/access/datafile/4882437
doi:10.7910/DVN/PI3TA1,A85_144.jpg,4882438,https://dataverse.harvard.edu/api/access/datafile/4882438
doi:10.7910/DVN/D4PNAF,A85_145.jpg,4882439,https://dataverse.harvard.edu/api/access/datafile/4882439
doi:10.7910/DVN/PCC2SN,A85_146.jpg,4882440,https://dataverse.harvard.edu/api/access/datafile/4882440
doi:10.7910/DVN/AN3FJT,A85_147.jpg,4882441,https://dataverse.harvard.edu/api/access/datafile/4882441
doi:10.7910/DVN/8ITDGE,A85_148.jpg,4882442,https://dataverse.harvard.edu/api/access/datafile/4882442
doi:10.7910/DVN/L5MRIK,A85_149.jpg,4882443,https://dataverse.harvard.edu/api/access/datafile/4882443
doi:10.7910/DVN/OSPT3O,A85_150.jpg,4882444,https://dataverse.harvard.edu/api/access/datafile/4882444
doi:10.7910/DVN/8DRHAV,A85_151.jpg,4882445,https://dataverse.harvard.edu/api/access/datafile/4882445
doi:10.7910/DVN/K9CAHD,A85_152.jpg,4882446,https://dataverse.harvard.edu/api/access/datafile/4882446
doi:10.7910/DVN/TC7TY0,A85_153.jpg,4882447,https://dataverse.harvard.edu/api/access/datafile/4882447
doi:10.7910/DVN/DNR3UF,A85_154.jpg,4882448,https://dataverse.harvard.edu/api/access/datafile/4882448
doi:10.7910/DVN/FG1W5G,A85_155.jpg,4882449,https://dataverse.harvard.edu/api/access/datafile/4882449
doi:10.7910/DVN/PBE6FW,A85_156.jpg,4882450,https://dataverse.harvard.edu/api/access/datafile/4882450
doi:10.7910/DVN/QZXHJO,A85_157.jpg,4882451,https://dataverse.harvard.edu/api/access/datafile/4882451
doi:10.7910/DVN/1HECTP,A85_158.jpg,4882452,https://dataverse.harvard.edu/api/access/datafile/4882452
doi:10.7910/DVN/2NUGRM,A85_159.jpg,4882453,https://dataverse.harvard.edu/api/access/datafile/4882453
doi:10.7910/DVN/TAYJVX,A85_160.jpg,4882454,https://dataverse.harvard.edu/api/access/datafile/4882454
doi:10.7910/DVN/5F3KY0,A85_161.jpg,4882455,https://dataverse.harvard.edu/api/access/datafile/4882455
doi:10.7910/DVN/2WFVDH,A85_162.jpg,4882456,https://dataverse.harvard.edu/api/access/datafile/4882456
doi:10.7910/DVN/LMXIH0,A85_163.jpg,4882457,https://dataverse.harvard.edu/api/access/datafile/4882457
doi:10.7910/DVN/G1UT2C,A85_164.jpg,4882458,https://dataverse.harvard.edu/api/access/datafile/4882458
doi:10.7910/DVN/J4GNUH,A85_165.jpg,4882459,https://dataverse.harvard.edu/api/access/datafile/4882459
doi:10.7910/DVN/SCLVEC,A85_166.jpg,4882460,https://dataverse.harvard.edu/api/access/datafile/4882460
doi:10.7910/DVN/UXJCNB,A85_167.jpg,4882461,https://dataverse.harvard.edu/api/access/datafile/4882461
doi:10.7910/DVN/IFT4ON,A85_168.jpg,4882462,https://dataverse.harvard.edu/api/access/datafile/4882462
doi:10.7910/DVN/BHUAQP,A85_169.jpg,4882463,https://dataverse.harvard.edu/api/access/datafile/4882463
doi:10.7910/DVN/M70HMZ,A85_170.jpg,4882464,https://dataverse.harvard.edu/api/access/datafile/4882464
doi:10.7910/DVN/V1F8O3,A85_171.jpg,4882465,https://dataverse.harvard.edu/api/access/datafile/4882465
doi:10.7910/DVN/KLOZP7,A85_172.jpg,4882466,https://dataverse.harvard.edu/api/access/datafile/4882466
doi:10.7910/DVN/X2DKJU,A85_173.jpg,6097245,https://dataverse.harvard.edu/api/access/datafile/6097245
doi:10.7910/DVN/GUSI7L,A85_174.jpg,4882467,https://dataverse.harvard.edu/api/access/datafile/4882467
doi:10.7910/DVN/WZWWNW,A85_175.jpg,4882468,https://dataverse.harvard.edu/api/access/datafile/4882468
doi:10.7910/DVN/GNPOY4,A85_176.jpg,4882469,https://dataverse.harvard.edu/api/access/datafile/4882469
doi:10.7910/DVN/TILCI7,A85_177.jpg,4882470,https://dataverse.harvard.edu/api/access/datafile/4882470
doi:10.7910/DVN/EPFXYW,A85_178.jpg,4882471,https://dataverse.harvard.edu/api/access/datafile/4882471
doi:10.7910/DVN/TL7V33,A85_179a.jpg,4882472,https://dataverse.harvard.edu/api/access/datafile/4882472
doi:10.7910/DVN/HSKEIJ,A85_179b.jpg,4882473,https://dataverse.harvard.edu/api/access/datafile/4882473
doi:10.7910/DVN/7CNSWY,A85_180.jpg,4882474,https://dataverse.harvard.edu/api/access/datafile/4882474
doi:10.7910/DVN/YDD1YT,A85_181.jpg,4882475,https://dataverse.harvard.edu/api/access/datafile/4882475
doi:10.7910/DVN/WGB85U,A85_182.jpg,4882476,https://dataverse.harvard.edu/api/access/datafile/4882476
doi:10.7910/DVN/GCYKJW,A85_183.jpg,4882477,https://dataverse.harvard.edu/api/access/datafile/4882477
doi:10.7910/DVN/S2OJVI,A85_184a.jpg,4882478,https://dataverse.harvard.edu/api/access/datafile/4882478
doi:10.7910/DVN/7W92MJ,A85_185.jpg,4882479,https://dataverse.harvard.edu/api/access/datafile/4882479
doi:10.7910/DVN/N7COEZ,A85_186.jpg,4882480,https://dataverse.harvard.edu/api/access/datafile/4882480
doi:10.7910/DVN/KMM07T,A85_187.jpg,4882481,https://dataverse.harvard.edu/api/access/datafile/4882481
doi:10.7910/DVN/KRJPIO,A85_188.jpg,4882482,https://dataverse.harvard.edu/api/access/datafile/4882482
doi:10.7910/DVN/RBCIC0,A85_189.jpg,4882483,https://dataverse.harvard.edu/api/access/datafile/4882483
doi:10.7910/DVN/6KT4YU,A85_190.jpg,4882484,https://dataverse.harvard.edu/api/access/datafile/4882484
doi:10.7910/DVN/QPVHHU,A85_191.jpg,4882485,https://dataverse.harvard.edu/api/access/datafile/4882485
doi:10.7910/DVN/X4QARW,A85_192.jpg,4882486,https://dataverse.harvard.edu/api/access/datafile/4882486
doi:10.7910/DVN/2S9O8V,A85_193.jpg,4882487,https://dataverse.harvard.edu/api/access/datafile/4882487
doi:10.7910/DVN/JLBWXJ,A85_194.jpg,4882488,https://dataverse.harvard.edu/api/access/datafile/4882488
doi:10.7910/DVN/Z79XUI,A85_195.jpg,4882489,https://dataverse.harvard.edu/api/access/datafile/4882489
doi:10.7910/DVN/GP71A7,A85_196.jpg,4882490,https://dataverse.harvard.edu/api/access/datafile/4882490
doi:10.7910/DVN/COJ4LN,A85_197.jpg,4882491,https://dataverse.harvard.edu/api/access/datafile/4882491
doi:10.7910/DVN/ZNQM2P,A85_198.jpg,4882492,https://dataverse.harvard.edu/api/access/datafile/4882492
doi:10.7910/DVN/ISYPOG,A85_199.jpg,4882493,https://dataverse.harvard.edu/api/access/datafile/4882493
doi:10.7910/DVN/D4BY3M,A85_200.jpg,4882494,https://dataverse.harvard.edu/api/access/datafile/4882494
doi:10.7910/DVN/LYTNTZ,A85_201.jpg,4882495,https://dataverse.harvard.edu/api/access/datafile/4882495
doi:10.7910/DVN/5HRVUY,A85_202.jpg,4882496,https://dataverse.harvard.edu/api/access/datafile/4882496
doi:10.7910/DVN/USBVU6,A85_203.jpg,4882497,https://dataverse.harvard.edu/api/access/datafile/4882497
doi:10.7910/DVN/EKW3DH,A85_204.jpg,4882498,https://dataverse.harvard.edu/api/access/datafile/4882498
doi:10.7910/DVN/6Q2QCV,A85_205.jpg,4882499,https://dataverse.harvard.edu/api/access/datafile/4882499
doi:10.7910/DVN/51F1OU,A85_206.jpg,4882500,https://dataverse.harvard.edu/api/access/datafile/4882500
doi:10.7910/DVN/7UVQ5L,A85_207.jpg,4882501,https://dataverse.harvard.edu/api/access/datafile/4882501
doi:10.7910/DVN/ZR4B3J,A85_208.jpg,4882502,https://dataverse.harvard.edu/api/access/datafile/4882502
doi:10.7910/DVN/TZARJN,A85_209.jpg,4882503,https://dataverse.harvard.edu/api/access/datafile/4882503
doi:10.7910/DVN/KT1HQ5,A85_210.jpg,4882504,https://dataverse.harvard.edu/api/access/datafile/4882504
doi:10.7910/DVN/CN0VSF,A85_211.jpg,4882505,https://dataverse.harvard.edu/api/access/datafile/4882505
doi:10.7910/DVN/NVBA6R,A85_212.jpg,4882506,https://dataverse.harvard.edu/api/access/datafile/4882506
doi:10.7910/DVN/5DZDQK,A85_213.jpg,4882507,https://dataverse.harvard.edu/api/access/datafile/4882507
doi:10.7910/DVN/7O44UR,A85_214.jpg,4882508,https://dataverse.harvard.edu/api/access/datafile/4882508
doi:10.7910/DVN/QBYVLM,A85_215.jpg,4882509,https://dataverse.harvard.edu/api/access/datafile/4882509
doi:10.7910/DVN/FYFOMH,A85_216.jpg,4882510,https://dataverse.harvard.edu/api/access/datafile/4882510
doi:10.7910/DVN/W5ISVG,A85_217.jpg,4882511,https://dataverse.harvard.edu/api/access/datafile/4882511
doi:10.7910/DVN/HOHR6N,A85_218.jpg,4882512,https://dataverse.harvard.edu/api/access/datafile/4882512
doi:10.7910/DVN/KS3ORH,A85_219.jpg,4882513,https://dataverse.harvard.edu/api/access/datafile/4882513
doi:10.7910/DVN/MQSDI4,A85_220.jpg,4882514,https://dataverse.harvard.edu/api/access/datafile/4882514
doi:10.7910/DVN/QETDB9,A85_221.jpg,4882515,https://dataverse.harvard.edu/api/access/datafile/4882515
doi:10.7910/DVN/USISBF,A85_222.jpg,4882516,https://dataverse.harvard.edu/api/access/datafile/4882516
doi:10.7910/DVN/TWUF3D,A85_223.jpg,4882517,https://dataverse.harvard.edu/api/access/datafile/4882517
doi:10.7910/DVN/UIZD2U,A85_224.jpg,4882518,https://dataverse.harvard.edu/api/access/datafile/4882518
doi:10.7910/DVN/AB2NLP,A85_225.jpg,4882519,https://dataverse.harvard.edu/api/access/datafile/4882519
doi:10.7910/DVN/UFZPLM,A85_226.jpg,4882520,https://dataverse.harvard.edu/api/access/datafile/4882520
doi:10.7910/DVN/YD7DRV,A85_228.jpg,4882521,https://dataverse.harvard.edu/api/access/datafile/4882521
doi:10.7910/DVN/IIJ7AX,A85_229.jpg,4882522,https://dataverse.harvard.edu/api/access/datafile/4882522
doi:10.7910/DVN/GJXSJD,A85_230.jpg,4882523,https://dataverse.harvard.edu/api/access/datafile/4882523
doi:10.7910/DVN/LUYIFK,A85_231.jpg,4882524,https://dataverse.harvard.edu/api/access/datafile/4882524
doi:10.7910/DVN/KB9YGV,A85_232.jpg,4882525,https://dataverse.harvard.edu/api/access/datafile/4882525
doi:10.7910/DVN/IMNL0L,A85_233.jpg,4882526,https://dataverse.harvard.edu/api/access/datafile/4882526
doi:10.7910/DVN/L1DHPF,A85_234.jpg,4882527,https://dataverse.harvard.edu/api/access/datafile/4882527
doi:10.7910/DVN/OYSCIX,A85_235.jpg,4882528,https://dataverse.harvard.edu/api/access/datafile/4882528
doi:10.7910/DVN/AEZYKW,A85_236.jpg,4882529,https://dataverse.harvard.edu/api/access/datafile/4882529
doi:10.7910/DVN/C7ECMO,A85_237.jpg,4882530,https://dataverse.harvard.edu/api/access/datafile/4882530
doi:10.7910/DVN/IPJWOX,A85_238.jpg,4882531,https://dataverse.harvard.edu/api/access/datafile/4882531
doi:10.7910/DVN/F5UUIB,A85_239.jpg,4882532,https://dataverse.harvard.edu/api/access/datafile/4882532
doi:10.7910/DVN/EUNF0T,A85_240.jpg,4882533,https://dataverse.harvard.edu/api/access/datafile/4882533
doi:10.7910/DVN/ND0LKA,A85_241.jpg,4882534,https://dataverse.harvard.edu/api/access/datafile/4882534
doi:10.7910/DVN/TI2VTP,A85_242.jpg,4882535,https://dataverse.harvard.edu/api/access/datafile/4882535
doi:10.7910/DVN/YDMJRP,A85_243.jpg,4882536,https://dataverse.harvard.edu/api/access/datafile/4882536
doi:10.7910/DVN/PDI0TK,A85_244.jpg,4882537,https://dataverse.harvard.edu/api/access/datafile/4882537
doi:10.7910/DVN/O2FJBA,A85_245.jpg,4882538,https://dataverse.harvard.edu/api/access/datafile/4882538
doi:10.7910/DVN/HGMDLJ,A85_246.jpg,4882539,https://dataverse.harvard.edu/api/access/datafile/4882539
doi:10.7910/DVN/SBRBN6,A85_247.jpg,4882540,https://dataverse.harvard.edu/api/access/datafile/4882540
doi:10.7910/DVN/KYJULV,A85_248.jpg,4882541,https://dataverse.harvard.edu/api/access/datafile/4882541
doi:10.7910/DVN/QYLBXY,A85_249.jpg,4882542,https://dataverse.harvard.edu/api/access/datafile/4882542
doi:10.7910/DVN/QMT6CO,A85_250.jpg,4882543,https://dataverse.harvard.edu/api/access/datafile/4882543
doi:10.7910/DVN/UPBCRJ,A85_289.jpg,4882544,https://dataverse.harvard.edu/api/access/datafile/4882544
doi:10.7910/DVN/PFVS59,A85_296a.JPG,4882545,https://dataverse.harvard.edu/api/access/datafile/4882545
doi:10.7910/DVN/BSVEX2,A85_315a.jpg,4882546,https://dataverse.harvard.edu/api/access/datafile/4882546
doi:10.7910/DVN/AIJVPF,A85_318a.jpg,4882547,https://dataverse.harvard.edu/api/access/datafile/4882547
doi:10.7910/DVN/WUDRCU,A85_318b.jpg,4882548,https://dataverse.harvard.edu/api/access/datafile/4882548
doi:10.7910/DVN/QFGCBC,A85_320.jpg,4882549,https://dataverse.harvard.edu/api/access/datafile/4882549
doi:10.7910/DVN/4J7KIA,A85_324b.jpg,4882550,https://dataverse.harvard.edu/api/access/datafile/4882550
doi:10.7910/DVN/WPGTXB,A85_324c.jpg,4882551,https://dataverse.harvard.edu/api/access/datafile/4882551
doi:10.7910/DVN/DMJONH,A85_326.jpg,4882552,https://dataverse.harvard.edu/api/access/datafile/4882552
doi:10.7910/DVN/YPXZVT,A85_327.jpg,4882553,https://dataverse.harvard.edu/api/access/datafile/4882553
doi:10.7910/DVN/M7Y7CP,A85_328.jpg,4882554,https://dataverse.harvard.edu/api/access/datafile/4882554
doi:10.7910/DVN/VEHXF3,A85_329.jpg,4882555,https://dataverse.harvard.edu/api/access/datafile/4882555
doi:10.7910/DVN/YTLWAA,A85_335a.JPG,4882556,https://dataverse.harvard.edu/api/access/datafile/4882556
doi:10.7910/DVN/PLVIZF,A85_348c.jpg,4882557,https://dataverse.harvard.edu/api/access/datafile/4882557
doi:10.7910/DVN/3GHPHW,A85_348d.JPG,4882558,https://dataverse.harvard.edu/api/access/datafile/4882558
doi:10.7910/DVN/LYBB3T,A85_349.jpg,4882559,https://dataverse.harvard.edu/api/access/datafile/4882559
doi:10.7910/DVN/ANUEKY,A85_350.jpg,4882560,https://dataverse.harvard.edu/api/access/datafile/4882560
doi:10.7910/DVN/A0Z1QV,A85_351.jpg,4882561,https://dataverse.harvard.edu/api/access/datafile/4882561
doi:10.7910/DVN/NQW7XT,A85_352.jpg,4882562,https://dataverse.harvard.edu/api/access/datafile/4882562
doi:10.7910/DVN/XYLFUB,A85_353a.JPG,4882563,https://dataverse.harvard.edu/api/access/datafile/4882563
doi:10.7910/DVN/06PEQB,A85_354a.JPG,4882564,https://dataverse.harvard.edu/api/access/datafile/4882564
doi:10.7910/DVN/MWW06P,A85_355.jpg,4882565,https://dataverse.harvard.edu/api/access/datafile/4882565
doi:10.7910/DVN/LVS3IH,A85_356.jpg,4882566,https://dataverse.harvard.edu/api/access/datafile/4882566
doi:10.7910/DVN/RH24GX,A85_357.jpg,4882567,https://dataverse.harvard.edu/api/access/datafile/4882567
doi:10.7910/DVN/BMWWID,A85_358.jpg,4882568,https://dataverse.harvard.edu/api/access/datafile/4882568
doi:10.7910/DVN/WCBOPO,A85_359.jpg,4882569,https://dataverse.harvard.edu/api/access/datafile/4882569
doi:10.7910/DVN/GM5O5S,A85_360.jpg,4882570,https://dataverse.harvard.edu/api/access/datafile/4882570
doi:10.7910/DVN/IJEPPU,A85_361.jpg,4882571,https://dataverse.harvard.edu/api/access/datafile/4882571
doi:10.7910/DVN/FVXWS9,A85_362.jpg,4882572,https://dataverse.harvard.edu/api/access/datafile/4882572
doi:10.7910/DVN/7Z7YEW,A85_363.jpg,4882573,https://dataverse.harvard.edu/api/access/datafile/4882573
doi:10.7910/DVN/LYZAGA,A85_365.jpg,4882574,https://dataverse.harvard.edu/api/access/datafile/4882574
doi:10.7910/DVN/ZTM5IM,A85_366.jpg,4882575,https://dataverse.harvard.edu/api/access/datafile/4882575
doi:10.7910/DVN/EEY9MN,A85_367.jpg,4882576,https://dataverse.harvard.edu/api/access/datafile/4882576
doi:10.7910/DVN/MYSF1I,A85_368a.jpg,4882577,https://dataverse.harvard.edu/api/access/datafile/4882577
doi:10.7910/DVN/G55WHL,A85_368b.jpg,4882578,https://dataverse.harvard.edu/api/access/datafile/4882578
doi:10.7910/DVN/Q2BFWR,A85_369.jpg,4882579,https://dataverse.harvard.edu/api/access/datafile/4882579
doi:10.7910/DVN/VW8MPL,A85_370.jpg,4882580,https://dataverse.harvard.edu/api/access/datafile/4882580
doi:10.7910/DVN/PYPUKW,A85_371.jpg,4882581,https://dataverse.harvard.edu/api/access/datafile/4882581
doi:10.7910/DVN/BDISDT,A85_372a.jpg,4882582,https://dataverse.harvard.edu/api/access/datafile/4882582
doi:10.7910/DVN/HVAGDO,A85_372b.jpg,4882583,https://dataverse.harvard.edu/api/access/datafile/4882583
doi:10.7910/DVN/DL3LD9,A85_373.jpg,4882584,https://dataverse.harvard.edu/api/access/datafile/4882584
doi:10.7910/DVN/XT33XO,A85_374.jpg,4882585,https://dataverse.harvard.edu/api/access/datafile/4882585
doi:10.7910/DVN/9X6QYJ,A85_375.jpg,4882586,https://dataverse.harvard.edu/api/access/datafile/4882586
doi:10.7910/DVN/RZ9RTE,A85_376a.jpg,4882587,https://dataverse.harvard.edu/api/access/datafile/4882587
doi:10.7910/DVN/6WRXN7,A85_377a.jpg,4882588,https://dataverse.harvard.edu/api/access/datafile/4882588
doi:10.7910/DVN/YXXL3T,A85_377b.jpg,4882589,https://dataverse.harvard.edu/api/access/datafile/4882589
doi:10.7910/DVN/AUQHQX,A85_378.jpg,4882590,https://dataverse.harvard.edu/api/access/datafile/4882590
doi:10.7910/DVN/URBTZ7,A85_379.jpg,4882591,https://dataverse.harvard.edu/api/access/datafile/4882591
doi:10.7910/DVN/PIVV4G,A85_380.jpg,4882592,https://dataverse.harvard.edu/api/access/datafile/4882592
doi:10.7910/DVN/K1THMI,A85_381.jpg,4882593,https://dataverse.harvard.edu/api/access/datafile/4882593
doi:10.7910/DVN/UYCDUD,A85_382a.jpg,4882594,https://dataverse.harvard.edu/api/access/datafile/4882594
doi:10.7910/DVN/CGOSNZ,A85_382b.jpg,4882595,https://dataverse.harvard.edu/api/access/datafile/4882595
doi:10.7910/DVN/XZKV0X,A85_383.jpg,4882596,https://dataverse.harvard.edu/api/access/datafile/4882596
doi:10.7910/DVN/9PAQYM,A85_384.jpg,4882597,https://dataverse.harvard.edu/api/access/datafile/4882597
doi:10.7910/DVN/EGDPWA,A85_385.jpg,4882598,https://dataverse.harvard.edu/api/access/datafile/4882598
doi:10.7910/DVN/8WPZZ5,A85_386.jpg,4882599,https://dataverse.harvard.edu/api/access/datafile/4882599
doi:10.7910/DVN/LUPTTL,A85_387a.jpg,4882600,https://dataverse.harvard.edu/api/access/datafile/4882600
doi:10.7910/DVN/UQOR1F,A85_388a.jpg,4882601,https://dataverse.harvard.edu/api/access/datafile/4882601
doi:10.7910/DVN/AV4NKT,A85_389.jpg,4882602,https://dataverse.harvard.edu/api/access/datafile/4882602
doi:10.7910/DVN/759IX9,A85_390.jpg,4882603,https://dataverse.harvard.edu/api/access/datafile/4882603
doi:10.7910/DVN/R1U4G1,A85_391.jpg,4882604,https://dataverse.harvard.edu/api/access/datafile/4882604
doi:10.7910/DVN/NJJTQW,A85_392.jpg,4882605,https://dataverse.harvard.edu/api/access/datafile/4882605
doi:10.7910/DVN/6HKXKJ,A85_393.jpg,4882606,https://dataverse.harvard.edu/api/access/datafile/4882606
doi:10.7910/DVN/LULOFP,A85_394.jpg,4882607,https://dataverse.harvard.edu/api/access/datafile/4882607
doi:10.7910/DVN/YIZJUJ,A85_395a.jpg,4882608,https://dataverse.harvard.edu/api/access/datafile/4882608
doi:10.7910/DVN/OJ9VSW,A85_395b.jpg,4882609,https://dataverse.harvard.edu/api/access/datafile/4882609
doi:10.7910/DVN/USBTQW,A85_396.jpg,4882610,https://dataverse.harvard.edu/api/access/datafile/4882610
doi:10.7910/DVN/DQSWY7,A85_397a.jpg,4882611,https://dataverse.harvard.edu/api/access/datafile/4882611
doi:10.7910/DVN/EPE9OV,A85_397b.jpg,4882612,https://dataverse.harvard.edu/api/access/datafile/4882612
doi:10.7910/DVN/S46SWF,A85_398a.jpg,4882613,https://dataverse.harvard.edu/api/access/datafile/4882613
doi:10.7910/DVN/Y4LDLW,A85_398b.jpg,4882614,https://dataverse.harvard.edu/api/access/datafile/4882614
doi:10.7910/DVN/I00UYL,A85_398c.jpg,4882615,https://dataverse.harvard.edu/api/access/datafile/4882615
doi:10.7910/DVN/ZBR9JR,A85_399.jpg,4882616,https://dataverse.harvard.edu/api/access/datafile/4882616
doi:10.7910/DVN/Z5SEVF,A85_400.jpg,4882617,https://dataverse.harvard.edu/api/access/datafile/4882617
doi:10.7910/DVN/NAZKJ1,A85_401.jpg,4882618,https://dataverse.harvard.edu/api/access/datafile/4882618
doi:10.7910/DVN/DK5OY7,A85_402.jpg,4882619,https://dataverse.harvard.edu/api/access/datafile/4882619
doi:10.7910/DVN/ZUOHWO,A85_403.jpg,4882620,https://dataverse.harvard.edu/api/access/datafile/4882620
doi:10.7910/DVN/E8JV57,A85_404.jpg,4882621,https://dataverse.harvard.edu/api/access/datafile/4882621
doi:10.7910/DVN/CCEQ2K,A85_405.jpg,4882622,https://dataverse.harvard.edu/api/access/datafile/4882622
doi:10.7910/DVN/BYLXHB,A85_406.jpg,4882623,https://dataverse.harvard.edu/api/access/datafile/4882623
doi:10.7910/DVN/N4UYRQ,A85_407.jpg,4882624,https://dataverse.harvard.edu/api/access/datafile/4882624
doi:10.7910/DVN/D6B1LE,A85_408a.jpg,4882625,https://dataverse.harvard.edu/api/access/datafile/4882625
doi:10.7910/DVN/J7WX0S,A85_409.jpg,4882626,https://dataverse.harvard.edu/api/access/datafile/4882626
doi:10.7910/DVN/QL4ECZ,A85_410.jpg,4882627,https://dataverse.harvard.edu/api/access/datafile/4882627
doi:10.7910/DVN/NOZTJH,A85_411.jpg,4882628,https://dataverse.harvard.edu/api/access/datafile/4882628
doi:10.7910/DVN/RM8UOL,A85_412.jpg,4882629,https://dataverse.harvard.edu/api/access/datafile/4882629
doi:10.7910/DVN/7D2YSQ,A85_413.jpg,4882630,https://dataverse.harvard.edu/api/access/datafile/4882630
doi:10.7910/DVN/YASPXE,A85_414.jpg,4882631,https://dataverse.harvard.edu/api/access/datafile/4882631
doi:10.7910/DVN/US3SBA,A85_415.jpg,4882632,https://dataverse.harvard.edu/api/access/datafile/4882632
doi:10.7910/DVN/MASCSZ,A85_416.jpg,4882633,https://dataverse.harvard.edu/api/access/datafile/4882633
doi:10.7910/DVN/CBW9KT,A85_417.jpg,4882634,https://dataverse.harvard.edu/api/access/datafile/4882634
doi:10.7910/DVN/3GMM4X,A85_418.jpg,4882635,https://dataverse.harvard.edu/api/access/datafile/4882635
doi:10.7910/DVN/SG13ZD,A85_419.jpg,4882636,https://dataverse.harvard.edu/api/access/datafile/4882636
doi:10.7910/DVN/6CRCMW,A85_420.jpg,4882637,https://dataverse.harvard.edu/api/access/datafile/4882637
doi:10.7910/DVN/GFJ9R8,A85_421.jpg,4882638,https://dataverse.harvard.edu/api/access/datafile/4882638
doi:10.7910/DVN/HSAZDD,A85_422.jpg,4882639,https://dataverse.harvard.edu/api/access/datafile/4882639
doi:10.7910/DVN/T0MT7Z,A85_423.jpg,4882640,https://dataverse.harvard.edu/api/access/datafile/4882640
doi:10.7910/DVN/LVLYZW,A85_424.jpg,4882641,https://dataverse.harvard.edu/api/access/datafile/4882641
doi:10.7910/DVN/959YHV,A85_425.jpg,4882642,https://dataverse.harvard.edu/api/access/datafile/4882642
doi:10.7910/DVN/OMEBRC,A85_426a.jpg,4882643,https://dataverse.harvard.edu/api/access/datafile/4882643
doi:10.7910/DVN/IVZMJK,A85_427.jpg,4882644,https://dataverse.harvard.edu/api/access/datafile/4882644
doi:10.7910/DVN/G2YEXF,A85_428.jpg,4882645,https://dataverse.harvard.edu/api/access/datafile/4882645
doi:10.7910/DVN/KNIRDY,A85_429.jpg,4882646,https://dataverse.harvard.edu/api/access/datafile/4882646
doi:10.7910/DVN/26YEHJ,A85_430.jpg,4882647,https://dataverse.harvard.edu/api/access/datafile/4882647
doi:10.7910/DVN/OWARN0,A85_431.jpg,4882648,https://dataverse.harvard.edu/api/access/datafile/4882648
doi:10.7910/DVN/MA5Q5I,A85_432.jpg,4882649,https://dataverse.harvard.edu/api/access/datafile/4882649
doi:10.7910/DVN/FQVJQI,A85_433.jpg,4882650,https://dataverse.harvard.edu/api/access/datafile/4882650
doi:10.7910/DVN/R2GWRF,A85_434.jpg,4882651,https://dataverse.harvard.edu/api/access/datafile/4882651
doi:10.7910/DVN/WPY1HY,A85_435.jpg,4882652,https://dataverse.harvard.edu/api/access/datafile/4882652
doi:10.7910/DVN/YXJ3Q0,A85_436.jpg,4882653,https://dataverse.harvard.edu/api/access/datafile/4882653
doi:10.7910/DVN/WVIPKF,A85_437.jpg,4882654,https://dataverse.harvard.edu/api/access/datafile/4882654
doi:10.7910/DVN/ZJ8CSL,A85_438.jpg,4882655,https://dataverse.harvard.edu/api/access/datafile/4882655
doi:10.7910/DVN/M0BYWW,A85_439a.jpg,4882656,https://dataverse.harvard.edu/api/access/datafile/4882656
doi:10.7910/DVN/HRJWKU,A85_439b.jpg,4882657,https://dataverse.harvard.edu/api/access/datafile/4882657
doi:10.7910/DVN/RE60M5,A85_440a.jpg,4882658,https://dataverse.harvard.edu/api/access/datafile/4882658
doi:10.7910/DVN/8YWFHM,A85_440b.jpg,4882659,https://dataverse.harvard.edu/api/access/datafile/4882659
doi:10.7910/DVN/6CV0HK,A85_441.jpg,4882660,https://dataverse.harvard.edu/api/access/datafile/4882660
doi:10.7910/DVN/FP7A02,A85_442.jpg,4882661,https://dataverse.harvard.edu/api/access/datafile/4882661
doi:10.7910/DVN/5CVCAY,A85_443.jpg,4882662,https://dataverse.harvard.edu/api/access/datafile/4882662
doi:10.7910/DVN/ZUAFNY,A85_444.jpg,4882663,https://dataverse.harvard.edu/api/access/datafile/4882663
doi:10.7910/DVN/4IQQBH,A85_445.jpg,4882664,https://dataverse.harvard.edu/api/access/datafile/4882664
doi:10.7910/DVN/NIIYOJ,A85_446.jpg,4882665,https://dataverse.harvard.edu/api/access/datafile/4882665
doi:10.7910/DVN/GGB2E7,A85_447.jpg,4882666,https://dataverse.harvard.edu/api/access/datafile/4882666
doi:10.7910/DVN/ESDADP,A85_448.jpg,4882667,https://dataverse.harvard.edu/api/access/datafile/4882667
doi:10.7910/DVN/UT7PFJ,A85_449.jpg,4882668,https://dataverse.harvard.edu/api/access/datafile/4882668
doi:10.7910/DVN/COMX1W,A85_450.jpg,4882669,https://dataverse.harvard.edu/api/access/datafile/4882669
doi:10.7910/DVN/TDGKIQ,A85_451.jpg,4882670,https://dataverse.harvard.edu/api/access/datafile/4882670
doi:10.7910/DVN/KQLLYX,A85_452.jpg,4882671,https://dataverse.harvard.edu/api/access/datafile/4882671
doi:10.7910/DVN/Q0WTYQ,A85_453.jpg,4882672,https://dataverse.harvard.edu/api/access/datafile/4882672
doi:10.7910/DVN/D81F8L,A85_454.jpg,4882673,https://dataverse.harvard.edu/api/access/datafile/4882673
doi:10.7910/DVN/X384OZ,A85_455.jpg,4882674,https://dataverse.harvard.edu/api/access/datafile/4882674
doi:10.7910/DVN/8PTUXV,A85_456.jpg,4882675,https://dataverse.harvard.edu/api/access/datafile/4882675
doi:10.7910/DVN/NNZE9W,A85_457.jpg,4882676,https://dataverse.harvard.edu/api/access/datafile/4882676
doi:10.7910/DVN/45TS0H,A85_458.jpg,4882677,https://dataverse.harvard.edu/api/access/datafile/4882677
doi:10.7910/DVN/E3SCUX,A85_459a.jpg,4882678,https://dataverse.harvard.edu/api/access/datafile/4882678
doi:10.7910/DVN/ZIGR0W,A85_459b.jpg,4882679,https://dataverse.harvard.edu/api/access/datafile/4882679
doi:10.7910/DVN/GQ0IXV,A85_460a.jpg,4882680,https://dataverse.harvard.edu/api/access/datafile/4882680
doi:10.7910/DVN/HGDM75,A85_460b.jpg,4882681,https://dataverse.harvard.edu/api/access/datafile/4882681
doi:10.7910/DVN/R85YUT,A85_461.jpg,4882682,https://dataverse.harvard.edu/api/access/datafile/4882682
doi:10.7910/DVN/0IBHVN,A85_462.jpg,4882683,https://dataverse.harvard.edu/api/access/datafile/4882683
doi:10.7910/DVN/HPUXZQ,A85_463.jpg,4882684,https://dataverse.harvard.edu/api/access/datafile/4882684
doi:10.7910/DVN/TYIH47,A85_464.jpg,4882685,https://dataverse.harvard.edu/api/access/datafile/4882685
doi:10.7910/DVN/SWIIYW,A85_465.jpg,4882686,https://dataverse.harvard.edu/api/access/datafile/4882686
doi:10.7910/DVN/5K1MBX,A85_466.jpg,4882687,https://dataverse.harvard.edu/api/access/datafile/4882687
doi:10.7910/DVN/MF6MU3,A85_467.jpg,4882688,https://dataverse.harvard.edu/api/access/datafile/4882688
doi:10.7910/DVN/L8DMEN,A85_468.jpg,4882690,https://dataverse.harvard.edu/api/access/datafile/4882690
doi:10.7910/DVN/R5EWK8,A85_469.jpg,4882691,https://dataverse.harvard.edu/api/access/datafile/4882691
doi:10.7910/DVN/MXPZYD,A85_470.jpg,4882692,https://dataverse.harvard.edu/api/access/datafile/4882692
doi:10.7910/DVN/1XW1BS,A85_471.jpg,4882693,https://dataverse.harvard.edu/api/access/datafile/4882693
doi:10.7910/DVN/TOFGU8,A85_472.jpg,4882694,https://dataverse.harvard.edu/api/access/datafile/4882694
doi:10.7910/DVN/0Z1SOS,A85_473.jpg,4882695,https://dataverse.harvard.edu/api/access/datafile/4882695
doi:10.7910/DVN/KURF8W,A85_474a.jpg,4882696,https://dataverse.harvard.edu/api/access/datafile/4882696
doi:10.7910/DVN/GI9OOR,A85_474b.jpg,4882697,https://dataverse.harvard.edu/api/access/datafile/4882697
doi:10.7910/DVN/XK8PLQ,A85_475.jpg,4882698,https://dataverse.harvard.edu/api/access/datafile/4882698
doi:10.7910/DVN/LFFQFT,A85_476.jpg,4882699,https://dataverse.harvard.edu/api/access/datafile/4882699
doi:10.7910/DVN/05WKFP,A85_477.jpg,4882700,https://dataverse.harvard.edu/api/access/datafile/4882700
doi:10.7910/DVN/CDZEGQ,A85_478.jpg,4882701,https://dataverse.harvard.edu/api/access/datafile/4882701
doi:10.7910/DVN/ZBT9SZ,A85_479.jpg,4882702,https://dataverse.harvard.edu/api/access/datafile/4882702
doi:10.7910/DVN/OOC1IV,A85_480.jpg,4882703,https://dataverse.harvard.edu/api/access/datafile/4882703
doi:10.7910/DVN/BCA3QO,A85_481.jpg,4882704,https://dataverse.harvard.edu/api/access/datafile/4882704
doi:10.7910/DVN/GZF85I,A85_482.jpg,4882705,https://dataverse.harvard.edu/api/access/datafile/4882705
doi:10.7910/DVN/NVESQX,A85_483.jpg,4882706,https://dataverse.harvard.edu/api/access/datafile/4882706
doi:10.7910/DVN/MYRXEQ,A85_484.jpg,4882707,https://dataverse.harvard.edu/api/access/datafile/4882707
doi:10.7910/DVN/1PP4UA,A85_485.jpg,4882708,https://dataverse.harvard.edu/api/access/datafile/4882708
doi:10.7910/DVN/PNJ4JL,A85_486.jpg,4882709,https://dataverse.harvard.edu/api/access/datafile/4882709
doi:10.7910/DVN/KX9ANK,A85_487.jpg,4882710,https://dataverse.harvard.edu/api/access/datafile/4882710
doi:10.7910/DVN/DU4T24,A85_488.jpg,4882711,https://dataverse.harvard.edu/api/access/datafile/4882711
doi:10.7910/DVN/0GPGVO,A85_489.jpg,4882712,https://dataverse.harvard.edu/api/access/datafile/4882712
doi:10.7910/DVN/YS6H4V,A85_490.jpg,4882713,https://dataverse.harvard.edu/api/access/datafile/4882713
doi:10.7910/DVN/PNX2MV,A85_491.jpg,4882714,https://dataverse.harvard.edu/api/access/datafile/4882714
doi:10.7910/DVN/KJSRPE,A85_492.jpg,4882715,https://dataverse.harvard.edu/api/access/datafile/4882715
doi:10.7910/DVN/BZJBP0,A85_493.jpg,4882716,https://dataverse.harvard.edu/api/access/datafile/4882716
doi:10.7910/DVN/KYZRY6,A85_494.jpg,4882717,https://dataverse.harvard.edu/api/access/datafile/4882717
doi:10.7910/DVN/UT5WAG,A85_495.jpg,4882718,https://dataverse.harvard.edu/api/access/datafile/4882718
doi:10.7910/DVN/P4VSS0,A85_496.jpg,4882719,https://dataverse.harvard.edu/api/access/datafile/4882719
doi:10.7910/DVN/PUAYXY,A85_497a.jpg,4882720,https://dataverse.harvard.edu/api/access/datafile/4882720
doi:10.7910/DVN/YMCZDN,A85_497b.jpg,4882721,https://dataverse.harvard.edu/api/access/datafile/4882721
doi:10.7910/DVN/75BU1V,A85_497c.jpg,4882722,https://dataverse.harvard.edu/api/access/datafile/4882722
doi:10.7910/DVN/RGS9DU,A85_498.jpg,4882723,https://dataverse.harvard.edu/api/access/datafile/4882723
doi:10.7910/DVN/KEX3EJ,A85_499.jpg,4882724,https://dataverse.harvard.edu/api/access/datafile/4882724
doi:10.7910/DVN/5EVA8I,A85_500.jpg,4882725,https://dataverse.harvard.edu/api/access/datafile/4882725
doi:10.7910/DVN/PD6AL4,A85_501.jpg,4882726,https://dataverse.harvard.edu/api/access/datafile/4882726
doi:10.7910/DVN/6X3PSX,A85_502.jpg,4882727,https://dataverse.harvard.edu/api/access/datafile/4882727
doi:10.7910/DVN/94U2RG,A85_507.jpg,4882728,https://dataverse.harvard.edu/api/access/datafile/4882728
doi:10.7910/DVN/VKO3W3,A85_508.jpg,4882729,https://dataverse.harvard.edu/api/access/datafile/4882729
doi:10.7910/DVN/XAFGO1,A85_510a.JPG,4882730,https://dataverse.harvard.edu/api/access/datafile/4882730
doi:10.7910/DVN/7KSSPN,A85_511.jpg,4882731,https://dataverse.harvard.edu/api/access/datafile/4882731
doi:10.7910/DVN/EAV61Y,A85_512.jpg,4882732,https://dataverse.harvard.edu/api/access/datafile/4882732
doi:10.7910/DVN/BE5GDS,A85_513.jpg,4882733,https://dataverse.harvard.edu/api/access/datafile/4882733
doi:10.7910/DVN/UYV8RN,A85_514.jpg,4882734,https://dataverse.harvard.edu/api/access/datafile/4882734
doi:10.7910/DVN/NURVOE,A85_515.jpg,4882735,https://dataverse.harvard.edu/api/access/datafile/4882735
doi:10.7910/DVN/1D2EAI,A85_517.jpg,4882736,https://dataverse.harvard.edu/api/access/datafile/4882736
doi:10.7910/DVN/IPOK43,A85_518.jpg,4882737,https://dataverse.harvard.edu/api/access/datafile/4882737
doi:10.7910/DVN/RWYVKH,A85_519.jpg,4882738,https://dataverse.harvard.edu/api/access/datafile/4882738
doi:10.7910/DVN/TGWK5V,A85_520.jpg,4882739,https://dataverse.harvard.edu/api/access/datafile/4882739
doi:10.7910/DVN/GBJZU0,A85_523.jpg,4882740,https://dataverse.harvard.edu/api/access/datafile/4882740
doi:10.7910/DVN/6I7QZS,A85_524.jpg,4882741,https://dataverse.harvard.edu/api/access/datafile/4882741
doi:10.7910/DVN/BADSOE,A85_525.jpg,4882742,https://dataverse.harvard.edu/api/access/datafile/4882742
doi:10.7910/DVN/P4FVZ2,A85_526.jpg,4882743,https://dataverse.harvard.edu/api/access/datafile/4882743
doi:10.7910/DVN/M4DEG9,A85_527.jpg,4882744,https://dataverse.harvard.edu/api/access/datafile/4882744
doi:10.7910/DVN/EKQ9MH,A85_528.jpg,4882745,https://dataverse.harvard.edu/api/access/datafile/4882745
doi:10.7910/DVN/P14N5W,A85_530.jpg,4882747,https://dataverse.harvard.edu/api/access/datafile/4882747
doi:10.7910/DVN/CLH01V,A85_532.jpg,4882749,https://dataverse.harvard.edu/api/access/datafile/4882749
doi:10.7910/DVN/J6TJFF,A85_2.jpg,5657536,https://dataverse.harvard.edu/api/access/datafile/5657536
doi:10.7910/DVN/ICNAT5,A85_3.jpg,5657537,https://dataverse.harvard.edu/api/access/datafile/5657537
doi:10.7910/DVN/E1QIZI,A85_4.jpg,5657538,https://dataverse.harvard.edu/api/access/datafile/5657538
doi:10.7910/DVN/PFKC6O,A85_5.jpg,5657539,https://dataverse.harvard.edu/api/access/datafile/5657539
doi:10.7910/DVN/MS8XS6,A85_7.jpg,5657540,https://dataverse.harvard.edu/api/access/datafile/5657540
doi:10.7910/DVN/2VFLIR,A85_10.jpg,5657541,https://dataverse.harvard.edu/api/access/datafile/5657541
doi:10.7910/DVN/DGNH1T,A85_13.jpg,5657542,https://dataverse.harvard.edu/api/access/datafile/5657542
doi:10.7910/DVN/HSRXKG,A85_21.jpg,5657543,https://dataverse.harvard.edu/api/access/datafile/5657543
doi:10.7910/DVN/HVFG2F,A85_23.jpg,5657544,https://dataverse.harvard.edu/api/access/datafile/5657544
doi:10.7910/DVN/G7KMPE,A85_25.jpg,5657545,https://dataverse.harvard.edu/api/access/datafile/5657545
doi:10.7910/DVN/FMIWMY,A85_28.jpg,5657546,https://dataverse.harvard.edu/api/access/datafile/5657546
doi:10.7910/DVN/IFHDUG,A85_30.jpg,5657547,https://dataverse.harvard.edu/api/access/datafile/5657547
doi:10.7910/DVN/WMX7HA,A85_31.jpg,5657548,https://dataverse.harvard.edu/api/access/datafile/5657548
doi:10.7910/DVN/SXKHTT,A85_32.jpg,5657549,https://dataverse.harvard.edu/api/access/datafile/5657549
doi:10.7910/DVN/UZA3CQ,A85_37.jpg,5657550,https://dataverse.harvard.edu/api/access/datafile/5657550
doi:10.7910/DVN/KPBMLC,A85_38.jpg,5657551,https://dataverse.harvard.edu/api/access/datafile/5657551
doi:10.7910/DVN/DX79XC,A85_39.jpg,5657552,https://dataverse.harvard.edu/api/access/datafile/5657552
doi:10.7910/DVN/SYKPVK,A85_45.jpg,5657553,https://dataverse.harvard.edu/api/access/datafile/5657553
doi:10.7910/DVN/DJ0JPJ,A85_48.jpg,5657554,https://dataverse.harvard.edu/api/access/datafile/5657554
doi:10.7910/DVN/8IESTQ,A85_49.jpg,5657555,https://dataverse.harvard.edu/api/access/datafile/5657555
doi:10.7910/DVN/FIZACI,A85_51.jpg,5657556,https://dataverse.harvard.edu/api/access/datafile/5657556
doi:10.7910/DVN/TQGEYP,A85_52.jpg,5657557,https://dataverse.harvard.edu/api/access/datafile/5657557
doi:10.7910/DVN/R4ZPZY,A85_53a.jpg,5657558,https://dataverse.harvard.edu/api/access/datafile/5657558
doi:10.7910/DVN/D2T6PU,A85_53b.jpg,5657559,https://dataverse.harvard.edu/api/access/datafile/5657559
doi:10.7910/DVN/NBRMQY,A85_54.jpg,5657560,https://dataverse.harvard.edu/api/access/datafile/5657560
doi:10.7910/DVN/DI6B4D,A85_55.jpg,5657561,https://dataverse.harvard.edu/api/access/datafile/5657561
doi:10.7910/DVN/OVTJYB,A85_57.jpg,5657562,https://dataverse.harvard.edu/api/access/datafile/5657562
doi:10.7910/DVN/CQMHWF,A85_58.jpg,5657563,https://dataverse.harvard.edu/api/access/datafile/5657563
doi:10.7910/DVN/A5YWDH,A85_59.jpg,5657564,https://dataverse.harvard.edu/api/access/datafile/5657564
doi:10.7910/DVN/Z3ULJ5,A85_60.jpg,5657565,https://dataverse.harvard.edu/api/access/datafile/5657565
doi:10.7910/DVN/TLGVJG,A85_61.jpg,5657566,https://dataverse.harvard.edu/api/access/datafile/5657566
doi:10.7910/DVN/CFJASF,A85_62.jpg,5657567,https://dataverse.harvard.edu/api/access/datafile/5657567
doi:10.7910/DVN/IDEKPA,A85_63.jpg,5657568,https://dataverse.harvard.edu/api/access/datafile/5657568
doi:10.7910/DVN/XWLEDD,A85_64.jpg,5657569,https://dataverse.harvard.edu/api/access/datafile/5657569
doi:10.7910/DVN/BU1IPA,A85_65.jpg,5657570,https://dataverse.harvard.edu/api/access/datafile/5657570
doi:10.7910/DVN/UMEQ31,A85_66.jpg,5657571,https://dataverse.harvard.edu/api/access/datafile/5657571
doi:10.7910/DVN/2ZCCUN,A85_67.jpg,5657572,https://dataverse.harvard.edu/api/access/datafile/5657572
doi:10.7910/DVN/SVPTDR,A85_68.jpg,5657573,https://dataverse.harvard.edu/api/access/datafile/5657573
doi:10.7910/DVN/P6NIQA,A85_69.jpg,5657574,https://dataverse.harvard.edu/api/access/datafile/5657574
doi:10.7910/DVN/IRTO8N,A85_70.jpg,5657575,https://dataverse.harvard.edu/api/access/datafile/5657575
doi:10.7910/DVN/BAD90Q,A85_71.jpg,5657576,https://dataverse.harvard.edu/api/access/datafile/5657576
doi:10.7910/DVN/1MP0KS,A85_72.jpg,5657577,https://dataverse.harvard.edu/api/access/datafile/5657577
doi:10.7910/DVN/LAIQ3W,A85_73.jpg,5657578,https://dataverse.harvard.edu/api/access/datafile/5657578
doi:10.7910/DVN/QLPXXQ,A85_74.jpg,5657579,https://dataverse.harvard.edu/api/access/datafile/5657579
doi:10.7910/DVN/PFG9OL,A85_75.jpg,5657580,https://dataverse.harvard.edu/api/access/datafile/5657580
doi:10.7910/DVN/ZSAH4N,A85_76.jpg,5657581,https://dataverse.harvard.edu/api/access/datafile/5657581
doi:10.7910/DVN/NDCRHX,A85_77.jpg,5657582,https://dataverse.harvard.edu/api/access/datafile/5657582
doi:10.7910/DVN/JNLTKD,A85_78.jpg,5657583,https://dataverse.harvard.edu/api/access/datafile/5657583
doi:10.7910/DVN/E09XQE,A85_79.jpg,5657584,https://dataverse.harvard.edu/api/access/datafile/5657584
doi:10.7910/DVN/KLNR4A,A85_80.jpg,5657585,https://dataverse.harvard.edu/api/access/datafile/5657585
doi:10.7910/DVN/VCMB4V,A85_81.jpg,5657586,https://dataverse.harvard.edu/api/access/datafile/5657586
doi:10.7910/DVN/XVPZC4,A85_82.jpg,5657587,https://dataverse.harvard.edu/api/access/datafile/5657587
doi:10.7910/DVN/NPX19A,A85_83.jpg,5657588,https://dataverse.harvard.edu/api/access/datafile/5657588
doi:10.7910/DVN/JTV06P,A85_84.jpg,5657589,https://dataverse.harvard.edu/api/access/datafile/5657589
doi:10.7910/DVN/H3NDHS,A85_85.jpg,5657590,https://dataverse.harvard.edu/api/access/datafile/5657590
doi:10.7910/DVN/VS8E8I,A85_86.jpg,5657591,https://dataverse.harvard.edu/api/access/datafile/5657591
doi:10.7910/DVN/BLVZDL,A85_87.jpg,5657592,https://dataverse.harvard.edu/api/access/datafile/5657592
doi:10.7910/DVN/IV31QO,A85_88.jpg,5657593,https://dataverse.harvard.edu/api/access/datafile/5657593
doi:10.7910/DVN/2EDPVG,A85_89.jpg,5657594,https://dataverse.harvard.edu/api/access/datafile/5657594
doi:10.7910/DVN/YXSIFJ,A85_90.jpg,5657595,https://dataverse.harvard.edu/api/access/datafile/5657595
doi:10.7910/DVN/NKGKKM,A85_91.jpg,5657596,https://dataverse.harvard.edu/api/access/datafile/5657596
doi:10.7910/DVN/XRY39C,A85_92.jpg,5657597,https://dataverse.harvard.edu/api/access/datafile/5657597
doi:10.7910/DVN/EUS28G,A85_93.jpg,5657598,https://dataverse.harvard.edu/api/access/datafile/5657598
doi:10.7910/DVN/1GDVZL,A85_94.jpg,5657599,https://dataverse.harvard.edu/api/access/datafile/5657599
doi:10.7910/DVN/HRF7NV,A85_96.jpg,5657600,https://dataverse.harvard.edu/api/access/datafile/5657600
doi:10.7910/DVN/XT0TEU,A85_97.jpg,5657601,https://dataverse.harvard.edu/api/access/datafile/5657601
doi:10.7910/DVN/1YWUIG,A85_98.jpg,5657602,https://dataverse.harvard.edu/api/access/datafile/5657602
doi:10.7910/DVN/NAWQU8,A85_99.jpg,5657603,https://dataverse.harvard.edu/api/access/datafile/5657603
doi:10.7910/DVN/J1Z6MH,A85_100.jpg,5657604,https://dataverse.harvard.edu/api/access/datafile/5657604
doi:10.7910/DVN/3PL2DT,A85_101.jpg,5657605,https://dataverse.harvard.edu/api/access/datafile/5657605
doi:10.7910/DVN/Q5VJ2S,A85_105.jpg,5657606,https://dataverse.harvard.edu/api/access/datafile/5657606
doi:10.7910/DVN/YWGTYE,A85_106.jpg,5657607,https://dataverse.harvard.edu/api/access/datafile/5657607
doi:10.7910/DVN/6BTJOL,A85_107.jpg,5657608,https://dataverse.harvard.edu/api/access/datafile/5657608
doi:10.7910/DVN/PHDOOF,A85_109.jpg,5657609,https://dataverse.harvard.edu/api/access/datafile/5657609
doi:10.7910/DVN/VTWS4I,A85_110.jpg,5657610,https://dataverse.harvard.edu/api/access/datafile/5657610
doi:10.7910/DVN/I0G747,A85_111.jpg,5657611,https://dataverse.harvard.edu/api/access/datafile/5657611
doi:10.7910/DVN/URLIQ4,A85_112.jpg,5657612,https://dataverse.harvard.edu/api/access/datafile/5657612
doi:10.7910/DVN/MNAFGJ,A85_113.jpg,5657613,https://dataverse.harvard.edu/api/access/datafile/5657613
doi:10.7910/DVN/RQ04GR,A85_114.jpg,5657614,https://dataverse.harvard.edu/api/access/datafile/5657614
doi:10.7910/DVN/PWATVC,A85_115.jpg,5657615,https://dataverse.harvard.edu/api/access/datafile/5657615
doi:10.7910/DVN/PZ6OMH,A85_116.jpg,5657616,https://dataverse.harvard.edu/api/access/datafile/5657616
doi:10.7910/DVN/OQQ5RU,A85_117.jpg,5657617,https://dataverse.harvard.edu/api/access/datafile/5657617
doi:10.7910/DVN/DSUWL1,A85_118.jpg,5657618,https://dataverse.harvard.edu/api/access/datafile/5657618
doi:10.7910/DVN/CHVHAL,A85_119.jpg,5657619,https://dataverse.harvard.edu/api/access/datafile/5657619
doi:10.7910/DVN/17HRER,A85_120.jpg,5657620,https://dataverse.harvard.edu/api/access/datafile/5657620
doi:10.7910/DVN/NHAN8Z,A85_121.jpg,5657621,https://dataverse.harvard.edu/api/access/datafile/5657621
doi:10.7910/DVN/J8UEEC,A85_122.jpg,5657622,https://dataverse.harvard.edu/api/access/datafile/5657622
doi:10.7910/DVN/9AMSMO,A85_123.jpg,5657623,https://dataverse.harvard.edu/api/access/datafile/5657623
doi:10.7910/DVN/3CMGHQ,A85_124.jpg,5657624,https://dataverse.harvard.edu/api/access/datafile/5657624
doi:10.7910/DVN/IEQ427,A85_125.jpg,5657625,https://dataverse.harvard.edu/api/access/datafile/5657625
doi:10.7910/DVN/XOLF0Y,A85_126.jpg,5657626,https://dataverse.harvard.edu/api/access/datafile/5657626
doi:10.7910/DVN/A6QQ1I,A85_127.jpg,5657627,https://dataverse.harvard.edu/api/access/datafile/5657627
doi:10.7910/DVN/UZQAQD,A85_128.jpg,5657629,https://dataverse.harvard.edu/api/access/datafile/5657629
doi:10.7910/DVN/RE0SGP,A85_129.jpg,5657630,https://dataverse.harvard.edu/api/access/datafile/5657630
doi:10.7910/DVN/OXJXCS,A85_227.jpg,5657631,https://dataverse.harvard.edu/api/access/datafile/5657631
doi:10.7910/DVN/H67DB2,A85_251.jpg,5657633,https://dataverse.harvard.edu/api/access/datafile/5657633
doi:10.7910/DVN/NAPNSL,A85_252.jpg,5657634,https://dataverse.harvard.edu/api/access/datafile/5657634
doi:10.7910/DVN/Z0KOJU,A85_253.jpg,5657635,https://dataverse.harvard.edu/api/access/datafile/5657635
doi:10.7910/DVN/L1ZYKX,A85_254.jpg,5657636,https://dataverse.harvard.edu/api/access/datafile/5657636
doi:10.7910/DVN/7QKP5H,A85_255.jpg,5657637,https://dataverse.harvard.edu/api/access/datafile/5657637
doi:10.7910/DVN/LH4833,A85_256.jpg,5657638,https://dataverse.harvard.edu/api/access/datafile/5657638
doi:10.7910/DVN/PQ36IG,A85_257.jpg,5657639,https://dataverse.harvard.edu/api/access/datafile/5657639
doi:10.7910/DVN/OOH3CV,A85_258.jpg,5657640,https://dataverse.harvard.edu/api/access/datafile/5657640
doi:10.7910/DVN/8R9NBI,A85_259.jpg,5657641,https://dataverse.harvard.edu/api/access/datafile/5657641
doi:10.7910/DVN/0DKB2L,A85_260.jpg,5657642,https://dataverse.harvard.edu/api/access/datafile/5657642
doi:10.7910/DVN/BQLV19,A85_261.jpg,5657643,https://dataverse.harvard.edu/api/access/datafile/5657643
doi:10.7910/DVN/N2J5MY,A85_262.jpg,5657644,https://dataverse.harvard.edu/api/access/datafile/5657644
doi:10.7910/DVN/E40UJ5,A85_263.jpg,5657645,https://dataverse.harvard.edu/api/access/datafile/5657645
doi:10.7910/DVN/QWGYLR,A85_264.jpg,5657646,https://dataverse.harvard.edu/api/access/datafile/5657646
doi:10.7910/DVN/UORYID,A85_265.jpg,5657647,https://dataverse.harvard.edu/api/access/datafile/5657647
doi:10.7910/DVN/TZW63L,A85_266.jpg,5657648,https://dataverse.harvard.edu/api/access/datafile/5657648
doi:10.7910/DVN/EX3JOO,A85_267.jpg,5657649,https://dataverse.harvard.edu/api/access/datafile/5657649
doi:10.7910/DVN/QYRKG4,A85_268a.jpg,5657650,https://dataverse.harvard.edu/api/access/datafile/5657650
doi:10.7910/DVN/FASSNA,A85_268b.jpg,5657651,https://dataverse.harvard.edu/api/access/datafile/5657651
doi:10.7910/DVN/VMOMWR,A85_269a.jpg,5657652,https://dataverse.harvard.edu/api/access/datafile/5657652
doi:10.7910/DVN/KA5FQS,A85_269b.jpg,5657653,https://dataverse.harvard.edu/api/access/datafile/5657653
doi:10.7910/DVN/WU7HMV,A85_270.jpg,5657654,https://dataverse.harvard.edu/api/access/datafile/5657654
doi:10.7910/DVN/QTA3BH,A85_271.jpg,5657655,https://dataverse.harvard.edu/api/access/datafile/5657655
doi:10.7910/DVN/H1CRR8,A85_272a.jpg,5657656,https://dataverse.harvard.edu/api/access/datafile/5657656
doi:10.7910/DVN/MKQ0ZA,A85_272b.jpg,5657657,https://dataverse.harvard.edu/api/access/datafile/5657657
doi:10.7910/DVN/4KFLFV,A85_273.jpg,5657658,https://dataverse.harvard.edu/api/access/datafile/5657658
doi:10.7910/DVN/OX92AQ,A85_274.jpg,5657659,https://dataverse.harvard.edu/api/access/datafile/5657659
doi:10.7910/DVN/SC381D,A85_275.jpg,5657660,https://dataverse.harvard.edu/api/access/datafile/5657660
doi:10.7910/DVN/Z1G269,A85_276.jpg,5657661,https://dataverse.harvard.edu/api/access/datafile/5657661
doi:10.7910/DVN/5OIJKG,A85_277.jpg,5657662,https://dataverse.harvard.edu/api/access/datafile/5657662
doi:10.7910/DVN/J2PYKP,A85_278.jpg,5657663,https://dataverse.harvard.edu/api/access/datafile/5657663
doi:10.7910/DVN/KLPM6H,A85_279.jpg,5657664,https://dataverse.harvard.edu/api/access/datafile/5657664
doi:10.7910/DVN/ECIXWA,A85_280.jpg,5657665,https://dataverse.harvard.edu/api/access/datafile/5657665
doi:10.7910/DVN/VUGLZ8,A85_281.jpg,5657666,https://dataverse.harvard.edu/api/access/datafile/5657666
doi:10.7910/DVN/KWCKXN,A85_282.jpg,5657667,https://dataverse.harvard.edu/api/access/datafile/5657667
doi:10.7910/DVN/RWIZQT,A85_283.jpg,5657668,https://dataverse.harvard.edu/api/access/datafile/5657668
doi:10.7910/DVN/EWACEW,A85_284.jpg,5657669,https://dataverse.harvard.edu/api/access/datafile/5657669
doi:10.7910/DVN/YEI3NR,A85_285.jpg,5657670,https://dataverse.harvard.edu/api/access/datafile/5657670
doi:10.7910/DVN/TJQIGE,A85_286.jpg,5657671,https://dataverse.harvard.edu/api/access/datafile/5657671
doi:10.7910/DVN/HQIOEU,A85_287a.jpg,5657672,https://dataverse.harvard.edu/api/access/datafile/5657672
doi:10.7910/DVN/D8NRQN,A85_287b.jpg,5657673,https://dataverse.harvard.edu/api/access/datafile/5657673
doi:10.7910/DVN/NWDVHU,A85_288.jpg,5657674,https://dataverse.harvard.edu/api/access/datafile/5657674
doi:10.7910/DVN/Z59FIS,A85_290.jpg,5657675,https://dataverse.harvard.edu/api/access/datafile/5657675
doi:10.7910/DVN/OJDCTA,A85_291.jpg,5657676,https://dataverse.harvard.edu/api/access/datafile/5657676
doi:10.7910/DVN/HNT0VQ,A85_292.jpg,5657677,https://dataverse.harvard.edu/api/access/datafile/5657677
doi:10.7910/DVN/ID7T8Z,A85_293.jpg,5657678,https://dataverse.harvard.edu/api/access/datafile/5657678
doi:10.7910/DVN/DAQLD0,A85_294.jpg,5657679,https://dataverse.harvard.edu/api/access/datafile/5657679
doi:10.7910/DVN/4APIU4,A85_295.jpg,5657680,https://dataverse.harvard.edu/api/access/datafile/5657680
doi:10.7910/DVN/V2N34Z,A85_297.jpg,6151652,https://dataverse.harvard.edu/api/access/datafile/6151652
doi:10.7910/DVN/VICKIU,A85_298.jpg,5657681,https://dataverse.harvard.edu/api/access/datafile/5657681
doi:10.7910/DVN/MPQYY7,A85_299.jpg,5657682,https://dataverse.harvard.edu/api/access/datafile/5657682
doi:10.7910/DVN/NUCE3O,A85_300.jpg,5657683,https://dataverse.harvard.edu/api/access/datafile/5657683
doi:10.7910/DVN/DNFW9C,A85_301.jpg,5657684,https://dataverse.harvard.edu/api/access/datafile/5657684
doi:10.7910/DVN/DYCMSL,A85_302.jpg,5657685,https://dataverse.harvard.edu/api/access/datafile/5657685
doi:10.7910/DVN/QMLIAG,A85_303.jpg,5657686,https://dataverse.harvard.edu/api/access/datafile/5657686
doi:10.7910/DVN/ZA4LL3,A85_304.jpg,5657687,https://dataverse.harvard.edu/api/access/datafile/5657687
doi:10.7910/DVN/5BX3E6,A85_305.jpg,5657688,https://dataverse.harvard.edu/api/access/datafile/5657688
doi:10.7910/DVN/VXBWIV,A85_306.jpg,5657689,https://dataverse.harvard.edu/api/access/datafile/5657689
doi:10.7910/DVN/GZJU5Z,A85_307.jpg,6097248,https://dataverse.harvard.edu/api/access/datafile/6097248
doi:10.7910/DVN/NHR7HW,A85_308.jpg,6097249,https://dataverse.harvard.edu/api/access/datafile/6097249
doi:10.7910/DVN/FQ9ERS,A85_309.jpg,6097250,https://dataverse.harvard.edu/api/access/datafile/6097250
doi:10.7910/DVN/Q6GWYD,A85_310.jpg,6097251,https://dataverse.harvard.edu/api/access/datafile/6097251
doi:10.7910/DVN/5EXDLE,A85_311.jpg,6151651,https://dataverse.harvard.edu/api/access/datafile/6151651
doi:10.7910/DVN/14KRE1,A85_312.jpg,6151650,https://dataverse.harvard.edu/api/access/datafile/6151650
doi:10.7910/DVN/5P9VJ9,A85_313.jpg,6151649,https://dataverse.harvard.edu/api/access/datafile/6151649
doi:10.7910/DVN/ZRJ7R6,A85_314.jpg,6151648,https://dataverse.harvard.edu/api/access/datafile/6151648
doi:10.7910/DVN/3MPEBL,A85_316.jpg,6151647,https://dataverse.harvard.edu/api/access/datafile/6151647
doi:10.7910/DVN/RS3GJB,A85_317a.jpg,6151646,https://dataverse.harvard.edu/api/access/datafile/6151646
doi:10.7910/DVN/3UXONC,A85_317b.jpg,6151645,https://dataverse.harvard.edu/api/access/datafile/6151645
doi:10.7910/DVN/1AYKO9,A85_317c.jpg,6151644,https://dataverse.harvard.edu/api/access/datafile/6151644
doi:10.7910/DVN/FRY6HP,A85_317d.jpg,6151643,https://dataverse.harvard.edu/api/access/datafile/6151643
doi:10.7910/DVN/B4TAYQ,A85_319.jpg,6151642,https://dataverse.harvard.edu/api/access/datafile/6151642
doi:10.7910/DVN/KOUGBS,A85_321.jpg,6151641,https://dataverse.harvard.edu/api/access/datafile/6151641
doi:10.7910/DVN/ZQ8EUR,A85_322.jpg,6151640,https://dataverse.harvard.edu/api/access/datafile/6151640
doi:10.7910/DVN/JRHIJM,A85_323.jpg,6151639,https://dataverse.harvard.edu/api/access/datafile/6151639
doi:10.7910/DVN/OFKJM4,A85_324a.jpg,6151637,https://dataverse.harvard.edu/api/access/datafile/6151637
doi:10.7910/DVN/UUDNJK,A85_325.jpg,6151636,https://dataverse.harvard.edu/api/access/datafile/6151636
doi:10.7910/DVN/ID7EOZ,A85_330.jpg,6151635,https://dataverse.harvard.edu/api/access/datafile/6151635
doi:10.7910/DVN/HQLHOH,A85_331.jpg,6151634,https://dataverse.harvard.edu/api/access/datafile/6151634
doi:10.7910/DVN/YZKFQW,A85_332.jpg,6151638,https://dataverse.harvard.edu/api/access/datafile/6151638
doi:10.7910/DVN/DRPXBE,A85_333.jpg,6151633,https://dataverse.harvard.edu/api/access/datafile/6151633
doi:10.7910/DVN/JAEAT6,A85_334.jpg,6151632,https://dataverse.harvard.edu/api/access/datafile/6151632
doi:10.7910/DVN/JBVJJA,A85_336.jpg,6149252,https://dataverse.harvard.edu/api/access/datafile/6149252
doi:10.7910/DVN/RDTFHS,A85_337.jpg,6149250,https://dataverse.harvard.edu/api/access/datafile/6149250
doi:10.7910/DVN/UVQGAR,A85_338.jpg,6149249,https://dataverse.harvard.edu/api/access/datafile/6149249
doi:10.7910/DVN/GSREA1,A85_339.jpg,6149247,https://dataverse.harvard.edu/api/access/datafile/6149247
doi:10.7910/DVN/QMY4WH,A85_340.jpg,6149245,https://dataverse.harvard.edu/api/access/datafile/6149245
doi:10.7910/DVN/U7S4TA,A85_341.jpg,6149218,https://dataverse.harvard.edu/api/access/datafile/6149218
doi:10.7910/DVN/AUVODH,A85_342.jpg,6149216,https://dataverse.harvard.edu/api/access/datafile/6149216
doi:10.7910/DVN/DTHLUH,A85_343.jpg,6149214,https://dataverse.harvard.edu/api/access/datafile/6149214
doi:10.7910/DVN/FZHIPZ,A85_344.jpg,6149213,https://dataverse.harvard.edu/api/access/datafile/6149213
doi:10.7910/DVN/O77QSX,A85_345.jpg,6149210,https://dataverse.harvard.edu/api/access/datafile/6149210
doi:10.7910/DVN/PV0UBY,A85_346.jpg,6149180,https://dataverse.harvard.edu/api/access/datafile/6149180
doi:10.7910/DVN/WJR3WI,A85_347.jpg,6149178,https://dataverse.harvard.edu/api/access/datafile/6149178
doi:10.7910/DVN/6PIUQQ,A85_503.jpg,6149176,https://dataverse.harvard.edu/api/access/datafile/6149176
doi:10.7910/DVN/TIGZAB,A85_504.jpg,6149152,https://dataverse.harvard.edu/api/access/datafile/6149152
doi:10.7910/DVN/CX7YGG,A85_505.jpg,6149151,https://dataverse.harvard.edu/api/access/datafile/6149151
doi:10.7910/DVN/TE5GGV,A85_506.jpg,6149149,https://dataverse.harvard.edu/api/access/datafile/6149149
doi:10.7910/DVN/WAPN8Z,A85_509a.jpg,6149147,https://dataverse.harvard.edu/api/access/datafile/6149147
doi:10.7910/DVN/EW5VU0,A85_509b.jpg,6149126,https://dataverse.harvard.edu/api/access/datafile/6149126
doi:10.7910/DVN/0RTMSM,A85_509c.jpg,6149127,https://dataverse.harvard.edu/api/access/datafile/6149127
doi:10.7910/DVN/YLQPNA,A85_516a.jpg,6149122,https://dataverse.harvard.edu/api/access/datafile/6149122
doi:10.7910/DVN/OPJQZL,A85_516b.jpg,6149081,https://dataverse.harvard.edu/api/access/datafile/6149081
doi:10.7910/DVN/RBAUWK,A85_521a.jpg,6149080,https://dataverse.harvard.edu/api/access/datafile/6149080
doi:10.7910/DVN/EX8GCX,A85_521b.jpg,6149078,https://dataverse.harvard.edu/api/access/datafile/6149078
doi:10.7910/DVN/Y8QBGG,A85_521c.jpg,6149056,https://dataverse.harvard.edu/api/access/datafile/6149056
doi:10.7910/DVN/UGLG0M,A85_521d.jpg,6149053,https://dataverse.harvard.edu/api/access/datafile/6149053
doi:10.7910/DVN/YPHHFU,A85_521e.jpg,6149051,https://dataverse.harvard.edu/api/access/datafile/6149051
doi:10.7910/DVN/GQX06F,A85_522a.jpg,6149035,https://dataverse.harvard.edu/api/access/datafile/6149035
doi:10.7910/DVN/LDACFL,A85_522b.jpg,6149020,https://dataverse.harvard.edu/api/access/datafile/6149020
doi:10.7910/DVN/DMQTJN,A85_529.jpg,6149017,https://dataverse.harvard.edu/api/access/datafile/6149017
doi:10.7910/DVN/XM8CBJ,A85_531a.jpg,6149005,https://dataverse.harvard.edu/api/access/datafile/6149005
doi:10.7910/DVN/UAH1SJ,A85_531b.jpg,6152176,https://dataverse.harvard.edu/api/access/datafile/6152176