File,UUID
51_phase9_2016.tif,5e664bee-2311-4ce1-a997-ae0e31188c81
51_phase8b_2016.tif,ee0676fd-33f3-45d3-8a83-31bb7fb3b2e3
51_phase8a_2016.tif,c05bdf23-a25b-444e-ae62-a77e25407009
51_phase7mid_2016.tif,08833618-49ea-4eb6-9ea0-46f16d572606
51_phase7b_2016.tif,a6127fce-3d1d-409e-8529-0f3c776ee593
51_FTP_2016.tif,89fcd95c-1a15-4185-8df8-77fc2daf445a
51_TP06-06-16.tif,35d8de26-b3f4-4a42-a454-4e9f01508cac
51_TP06-06-16_test.tif,2e440f09-c347-4a6b-9ba1-0069583483dd
51_TP06-07-16.tif,3f796ba9-b53b-4691-b68e-9732e0f4c6d9
51_TP06-08-16.tif,093a66cf-3ca2-44e6-ae1c-758264e2e434
51_TP06-09-16.tif,9ca941ee-dcbf-4456-a0af-f5a8de2e21ca
51_TP06-13-16.tif,7a9f4857-82fc-440d-a1b7-3be84c9c7422
51_TP06-14-16.tif,0314f75e-2256-4efd-b0da-8026e945eee7
51_TP06-15-16.tif,08a22891-651d-468f-bf94-f13426b89907
51_TP06-16-16.tif,5f393be4-2d3f-4d34-84a8-a4e98423aa0d
51_TP06-17-16.tif,c61e19da-35c9-43ef-a27a-75daa8c3fb59
51_TP06-19-16.tif,fa1c36fe-7640-4c01-9e4e-84d502d274ad
51_TP06-20-16.tif,d02385d5-77b6-4a34-acc1-197ff9be7378
51_TP06-21-16.tif,4240e17f-84fa-4f8e-86ac-7c04937a7422
51_TP06-22-16.tif,f6a0b02c-7328-42b7-b2ac-3ebc6bc03871
51_TP06-23-16.tif,854c1463-d81f-4a35-a2de-1f7f30836cad
51_TP06-24-16.tif,a4540fd9-242f-4821-bba3-88728d457766
51_TP06-27-16.tif,4f215a1f-4ce7-44ec-af5d-e4dedf71846a
51_TP06-28-16.tif,d5a9c9e4-4ddf-47da-bfc2-e3cc20bf6606
51_TP06-29-16.tif,02f190ea-1ad3-42b1-978c-69b6f927afd1
51_TP06-30-16.tif,01f6ff9b-76d3-4c65-aaa3-106425dc13f2
51_TP07-01-16.tif,6bdf2588-b0d2-4990-a8e0-447955bb4135
51_TP07-03-16.tif,c54eb0c9-e4f6-4dec-9dbb-952717362c6b
51_TP07-04-16.tif,25fc4a7e-7b39-4047-8efa-0fb579029232
51_TP07-05-16.tif,a37d403e-3ccb-47f1-9c5a-87b8bae2a6c6
51_TP07-06-16.tif,f2da2122-2afc-4ea0-9883-f07450ece9a3
51_TP07-07-16.tif,88899892-7249-48d1-b6eb-59d975c77634
51_TP07-08-16.tif,2b519141-95a0-4bc3-835c-6f3f30a9c75f
51_TP07-10-16a.tif,a7a84175-71a6-451d-a1c5-d6035932cb30
51_TP07-10-16b.tif,e562873f-0b10-4b27-a310-272f34430765
51_TP07-10-16c.tif,900ef0d4-22df-408d-8712-eb580efa368b
N5_03_FTP_2016.tif,48665746-9112-40a7-a72d-15f46dc1ea49
N5_03_Phase1_2016.tif,71811e18-287e-47bc-86c0-91dc89b650d2
N5_03_Phase2_2016.tif,c85aa2be-940d-4326-a848-4ae8108320c9
N5_03_Phase3_2016.tif,e7f5e921-acf8-42ea-a173-9aa63f2efc05
N5_03_TP06-19-16.tif,a31d62b9-73de-44c0-9883-8f130e6e3a34
N5_03_TP06-20-16.tif,e0d821e8-bbcc-4102-809a-a43fe465ab71
N5_03_TP06-21-16.tif,188d6a18-3306-40ce-8e85-470fb91abc1c
N5_03_TP06-22-16.tif,10c0e944-b12d-43a0-b7b2-e34f51e2a6f9
N5_03_TP06-23-16.tif,59f614b6-62fe-45c4-b353-7256650f9406
N5_03_TP06-24-16.tif,b7c40693-9ae2-4e80-b9b7-53eb104a6a73
N5_03_TP06-27-16.tif,998df342-85e8-43b9-837c-78c5241f1667
N5_03_TP06-28-16.tif,e3be2e9a-7479-479e-94ce-21fa7754ab0f
N5_03_TP06-29-16.tif,55cc7fe1-3695-435d-8160-b8eafbbb04f5
N5_03_TP06-30-16.tif,37b27fab-6643-4d7f-8c42-baade66be854
N5_03_TP07-01-16.tif,d0e5f785-3958-4804-8cdb-e805866f3979
N5_03_TP07-03-16.tif,7e35fdf0-758e-40e7-bcb2-bc3776204e3f
N5_03_TP07-04-16.tif,824efe89-eee8-4473-b5be-e846c84c2b5f
N5_03_TP07-05-16.tif,5619094d-c9ff-402d-81e1-88fc2222d908
N5_03_TP07-06-16.tif,d5744b5e-98cf-4d16-a6d6-6b68cb17b9ae
N5_03_TP07-07-16.tif,b54fec25-e39a-4ca8-86fe-28aa6bcfbfab
N5_03_TP07-08-16.tif,89de418f-8eb2-4a07-8f26-6b4026aa4ee3
N5_03-04_TP06-06-16.tif,989b2920-5465-41d2-adbd-59609c8fdb14
N5_03-04_TP06-07-16.tif,6b52f381-f900-4a12-baf2-ecbf47f90334
N5_03-04_TP06-09-16.tif,d214d3e7-0829-4cbb-82b6-20b3bf4a5939
N5_03-04_TP06-13-16.tif,62cdfc85-7cbe-4d70-ba07-ceaff39126a9
N5_03-04_TP06-14-16.tif,3806f72f-4bf7-4517-904a-dc2960083de6
N5_03-04_TP06-15-16a.tif,a47851bf-bb70-42f0-80e4-0b9628dd6a10
N5_03-04_TP06-15-16b.tif,8f6866cd-eb91-4b14-8554-7c0d5f6092ea
N5_03-04_TP06-16-16.tif,5e2e4c8d-a2ee-46fd-94e0-6ac0d22403be
N5_03-04_TP06-17-16a.tif,592c4818-eaf3-4d4f-b1f0-57acc4061f9c
N5_03-04_TP06-17-16b.tif,59af0952-678c-4d48-8e99-157ca2a175e9
N5_04_FTP_2016.tif,de63e9ce-37ff-4621-8245-be3f35236230
N5_04_Phase1_2016.tif,a5482286-2232-455c-963d-32b6968e524d
N5_04_Phase3_2016.tif,44180acc-1fe1-4ee3-b8b5-521d7bdd757d
N5_04_TP06-19-16a.tif,37564741-2138-4a68-bd6c-b0f0789be957
N5_04_TP06-19-16b.tif,774e93c1-ed10-4678-bdd0-b3ae50c631b9
N5_04_TP06-20-16a.tif,c36edfa2-ed22-4cc7-8a4f-5afd6bd55320
N5_04_TP06-20-16b.tif,b7937107-19fc-4005-bf0a-31f07593c2ea
N5_04_TP06-21-16.tif,25b04078-8a7c-4e60-9ecb-5aaf5777bf90
N5_04_TP06-22-16a.tif,a1f24ea3-409f-4de8-b36f-1f013482c0c3
N5_04_TP06-22-16b.tif,94b4bd19-ef3d-4c53-b9d8-94511cd38e4e
N5_04_TP06-23-16a.tif,5fc8930a-ee8e-471d-a17e-9ac9b958980d
N5_04_TP06-23-16b.tif,ff00896a-1d84-45d0-9b33-b4e8737f24ae
N5_04_TP06-24-16.tif,3626508f-3a30-41ba-ab9f-aa4284c9e225
N5_04_TP06-27-16a.tif,095d448a-7538-43c9-aa19-400da66eced4
N5_04_TP06-27-16b.tif,b5d59cc1-e95c-4c87-a232-2f72ef48f62c
N5_04_TP06-28-16a.tif,d87b54e7-9bc7-4f10-8b02-648c1c121a8c
N5_04_TP06-28-16b.tif,8936f6d4-6970-4acf-a0cc-b894cb7e8b4d
N5_04_TP06-29-16.tif,14c35c1e-3d9c-4246-b45d-b593302206e8
N5_04_TP06-30-16a.tif,3f6c0c9a-3a8d-45bf-bd06-74195780bb98
N5_04_TP06-30-16b.tif,2ab44920-30ee-4756-9c1e-f6db2239731e
N5_04_TP07-01-16a.tif,961f8e46-cda3-4ac9-9b4d-305b9e517e7c
N5_04_TP07-01-16b.tif,7e4e40ad-de54-4a27-9bdc-b7277c3e2b41
N5_04_TP07-03-16a.tif,b334d6b3-0449-498a-88d9-48a9206400cc
N5_04_TP07-03-16b.tif,3ea9f0e3-98b3-4200-9fc5-d083e3437adb
N5_04_TP07-04-16a.tif,beee0920-a9c1-41f6-98ea-0174a76292cc
N5_04_TP07-04-16b.tif,ef0008be-0eab-4b53-b501-04fbf4a6d541
N5_04_TP07-05-16a.tif,7a81d440-d53f-456a-8c04-bf7f20a5c613
N5_04_TP07-05-16b.tif,75f01ed1-c570-4fa3-9063-543205ba2b28
N5_04_TP07-06-16.tif,8d389056-aa61-4843-83f5-1c22c45f9ad8
N5_04_TP07-07-16.tif,9cfba599-9b65-4f61-b4ce-c6d2fba478f2
N5_04_TP07-08-16.tif,c79078ce-64ff-4f04-a92c-1155e83385a6
N5_04_TP07-09-16.tif,5dd0d18f-5a12-42fc-b82f-143829fb526c
N5_24_TP06-06-16.tif,05737919-7c19-4835-a35f-63a44f7b3b71
N5_24_TP06-07-16.tif,33e12152-7149-4b47-8dcc-4b6a02454f49
N5_24_TP06-08-16.tif,9531aea4-4173-41b5-b709-ccb62ed2c620
N5_24_TP06-09-16.tif,44e87d78-ed3a-4052-aef8-228fab3e493d
N5_24_TP06-13-16.tif,1c2ad53d-5400-4ab4-9a98-c39983c25043
N5_24_TP06-14-16a.tif,680543fc-329b-4bd7-9ab5-2036deaf0555
N5_24_TP06-14-16b.tif,53b2a8eb-64a1-4bc1-b1c4-4ec539063da5
N5_24_TP06-15-16a.tif,ac6d77b8-9a33-4cf0-a0b4-4d63334d3d29
N5_24_TP06-15-16b.tif,e5ac2951-461a-4d31-96cc-63fd6a796eb7
N5_24_TP06-16-16a.tif,2022551e-5772-4ccb-929c-9108b138293f
N5_24_TP06-16-16b.tif,3a3e4101-ac9e-412c-88ac-a64a93b9ee41
N5_24_TP06-17-16a.tif,fdc1eb59-6253-40f0-9c64-b6928f053e4c
N5_24_TP06-17-16b.tif,8b9fe7e9-4773-4c93-997e-3b93412e0ff2
N5_24_TP06-19-16.tif,2942ee2d-85b9-4933-84d4-44b8e36cd41e
N5_24_TP06-20-16.tif,97c512a1-2728-4d8c-a93f-c50148a5c984
N5_24_TP06-21-16a.tif,3543c404-fb3d-48f3-b3f5-2401bc5afaf5
N5_24_TP06-21-16b.tif,df11c5a4-02ce-4994-a52b-9a10666d4a5f
N5_24_TP06-22-16.tif,282f530f-7dbe-4c93-ae7a-dc664ab0198b
N5_24_TP06-23-16a.tif,4cfd81c4-56f8-4bb4-b899-31597b96fdd9
N5_24_TP06-23-16b.tif,52ae30f9-b6ff-40b9-a0c7-99edd83eca2c
N5_24_TP06-24-16a.tif,767a86e2-c893-4c35-bca0-961a96f15ed6
N5_24_TP06-24-16b.tif,f8657f4c-e1e7-493d-93f4-1bb12e9c87d3
N5_24_TP06-27-16a.tif,24b80684-93bc-4d40-a39b-56a76038e6cf
N5_24_TP06-27-16b.tif,453aafa3-dc7c-4067-bb80-62fdcb8c86e1
N5_24_TP06-28-16.tif,be94656a-ffc6-406f-b3fa-2a0bb005f609
N5_24_TP06-29-16.tif,2f29e87e-7a27-46f6-8aad-01d57b9ef75a
N5_24_TP06-30-16.tif,dc294328-bd63-4c4d-a1a2-d22fad4e9369
N5_24_TP07-01-16.tif,516d7452-5e82-4fc5-864d-50c201d672b3
N5_24_TP07-03-16.tif,3989b838-e184-4316-a7f7-be3c247c3a9e
N5_24_TP07-04-16.tif,da2709b7-ef7e-42de-9ff4-1999fa776e39