Filename,Persistent OCHRE Link,file_description,dataset_description,dataset_title
Master Registry vol. 01 (1985).pdf,https://pi.lib.uchicago.edu/1001/org/ochre/fecb3b66-249f-f741-c3cf-560f9b4e186e,"OCHRE Link:<a href=""https://pi.lib.uchicago.edu/1001/org/ochre/fecb3b66-249f-f741-c3cf-560f9b4e186e"">https://pi.lib.uchicago.edu/1001/org/ochre/fecb3b66-249f-f741-c3cf-560f9b4e186e</a>",Matieral culture registry files from excavation: 1985-2016,Leon Levy Expedition to Ashkelon Dataset: Material Culture Registry
Master Registry vol. 02 (1985).pdf,https://pi.lib.uchicago.edu/1001/org/ochre/9ec14b07-3cc3-e07d-d4fa-44e7d74c877a,"OCHRE Link:<a href=""https://pi.lib.uchicago.edu/1001/org/ochre/9ec14b07-3cc3-e07d-d4fa-44e7d74c877a"">https://pi.lib.uchicago.edu/1001/org/ochre/9ec14b07-3cc3-e07d-d4fa-44e7d74c877a</a>",Matieral culture registry files from excavation: 1985-2016,Leon Levy Expedition to Ashkelon Dataset: Material Culture Registry
Master Registry vol. 03 (1985).pdf,https://pi.lib.uchicago.edu/1001/org/ochre/72bcc5ce-86df-2d73-848a-eabc07dc3091,"OCHRE Link:<a href=""https://pi.lib.uchicago.edu/1001/org/ochre/72bcc5ce-86df-2d73-848a-eabc07dc3091"">https://pi.lib.uchicago.edu/1001/org/ochre/72bcc5ce-86df-2d73-848a-eabc07dc3091</a>",Matieral culture registry files from excavation: 1985-2016,Leon Levy Expedition to Ashkelon Dataset: Material Culture Registry
Master Registry vol. 04 (1985).pdf,https://pi.lib.uchicago.edu/1001/org/ochre/4f37d4a4-2d6e-3571-8272-6908599127e4,"OCHRE Link:<a href=""https://pi.lib.uchicago.edu/1001/org/ochre/4f37d4a4-2d6e-3571-8272-6908599127e4"">https://pi.lib.uchicago.edu/1001/org/ochre/4f37d4a4-2d6e-3571-8272-6908599127e4</a>",Matieral culture registry files from excavation: 1985-2016,Leon Levy Expedition to Ashkelon Dataset: Material Culture Registry
Master Registry vol. 05 (1986).pdf,https://pi.lib.uchicago.edu/1001/org/ochre/19af27c8-0016-f507-37a9-587e5c50e585,"OCHRE Link:<a href=""https://pi.lib.uchicago.edu/1001/org/ochre/19af27c8-0016-f507-37a9-587e5c50e585"">https://pi.lib.uchicago.edu/1001/org/ochre/19af27c8-0016-f507-37a9-587e5c50e585</a>",Matieral culture registry files from excavation: 1985-2016,Leon Levy Expedition to Ashkelon Dataset: Material Culture Registry
Master Registry vol. 06 (1986).pdf,https://pi.lib.uchicago.edu/1001/org/ochre/a8a4cf82-5bae-a2d7-87f7-29086cb0325a,"OCHRE Link:<a href=""https://pi.lib.uchicago.edu/1001/org/ochre/a8a4cf82-5bae-a2d7-87f7-29086cb0325a"">https://pi.lib.uchicago.edu/1001/org/ochre/a8a4cf82-5bae-a2d7-87f7-29086cb0325a</a>",Matieral culture registry files from excavation: 1985-2016,Leon Levy Expedition to Ashkelon Dataset: Material Culture Registry
Master Registry vol. 07 (1987).pdf,https://pi.lib.uchicago.edu/1001/org/ochre/e3a454e0-7db5-0f9b-ef2a-7ca25f3dbf56,"OCHRE Link:<a href=""https://pi.lib.uchicago.edu/1001/org/ochre/e3a454e0-7db5-0f9b-ef2a-7ca25f3dbf56"">https://pi.lib.uchicago.edu/1001/org/ochre/e3a454e0-7db5-0f9b-ef2a-7ca25f3dbf56</a>",Matieral culture registry files from excavation: 1985-2016,Leon Levy Expedition to Ashkelon Dataset: Material Culture Registry
Master Registry vol. 09 (1987).pdf,https://pi.lib.uchicago.edu/1001/org/ochre/267fc9ff-9a0b-6967-bea8-cb8aad5b6d0b,"OCHRE Link:<a href=""https://pi.lib.uchicago.edu/1001/org/ochre/267fc9ff-9a0b-6967-bea8-cb8aad5b6d0b"">https://pi.lib.uchicago.edu/1001/org/ochre/267fc9ff-9a0b-6967-bea8-cb8aad5b6d0b</a>",Matieral culture registry files from excavation: 1985-2016,Leon Levy Expedition to Ashkelon Dataset: Material Culture Registry
Master Registry vol. 10 (1988).pdf,https://pi.lib.uchicago.edu/1001/org/ochre/4aa4441f-77c3-cd41-3585-4b3a02f794be,"OCHRE Link:<a href=""https://pi.lib.uchicago.edu/1001/org/ochre/4aa4441f-77c3-cd41-3585-4b3a02f794be"">https://pi.lib.uchicago.edu/1001/org/ochre/4aa4441f-77c3-cd41-3585-4b3a02f794be</a>",Matieral culture registry files from excavation: 1985-2016,Leon Levy Expedition to Ashkelon Dataset: Material Culture Registry
Master Registry vol. 11 (1988).pdf,https://pi.lib.uchicago.edu/1001/org/ochre/9e7c2801-13ac-fbdd-f496-0bd29814d189,"OCHRE Link:<a href=""https://pi.lib.uchicago.edu/1001/org/ochre/9e7c2801-13ac-fbdd-f496-0bd29814d189"">https://pi.lib.uchicago.edu/1001/org/ochre/9e7c2801-13ac-fbdd-f496-0bd29814d189</a>",Matieral culture registry files from excavation: 1985-2016,Leon Levy Expedition to Ashkelon Dataset: Material Culture Registry
Master Registry vol. 11a (1988).pdf,https://pi.lib.uchicago.edu/1001/org/ochre/b0e30033-c597-e21f-9e30-97fbaa591ca4,"OCHRE Link:<a href=""https://pi.lib.uchicago.edu/1001/org/ochre/b0e30033-c597-e21f-9e30-97fbaa591ca4"">https://pi.lib.uchicago.edu/1001/org/ochre/b0e30033-c597-e21f-9e30-97fbaa591ca4</a>",Matieral culture registry files from excavation: 1985-2016,Leon Levy Expedition to Ashkelon Dataset: Material Culture Registry
Master Registry vol. 12 (1989).pdf,https://pi.lib.uchicago.edu/1001/org/ochre/d4c9f23c-12cd-dc1b-6c4f-ef3556530203,"OCHRE Link:<a href=""https://pi.lib.uchicago.edu/1001/org/ochre/d4c9f23c-12cd-dc1b-6c4f-ef3556530203"">https://pi.lib.uchicago.edu/1001/org/ochre/d4c9f23c-12cd-dc1b-6c4f-ef3556530203</a>",Matieral culture registry files from excavation: 1985-2016,Leon Levy Expedition to Ashkelon Dataset: Material Culture Registry
Master Registry vol. 13 (1989).pdf,https://pi.lib.uchicago.edu/1001/org/ochre/6c54fbc1-3633-8d23-f5b5-e77f4ff5c87a,"OCHRE Link:<a href=""https://pi.lib.uchicago.edu/1001/org/ochre/6c54fbc1-3633-8d23-f5b5-e77f4ff5c87a"">https://pi.lib.uchicago.edu/1001/org/ochre/6c54fbc1-3633-8d23-f5b5-e77f4ff5c87a</a>",Matieral culture registry files from excavation: 1985-2016,Leon Levy Expedition to Ashkelon Dataset: Material Culture Registry
Master Registry vol. 14 (1989).pdf,https://pi.lib.uchicago.edu/1001/org/ochre/c23d2da3-8a30-463e-7b04-33bda3567f94,"OCHRE Link:<a href=""https://pi.lib.uchicago.edu/1001/org/ochre/c23d2da3-8a30-463e-7b04-33bda3567f94"">https://pi.lib.uchicago.edu/1001/org/ochre/c23d2da3-8a30-463e-7b04-33bda3567f94</a>",Matieral culture registry files from excavation: 1985-2016,Leon Levy Expedition to Ashkelon Dataset: Material Culture Registry
Master Registry vol. 15 (1990).pdf,https://pi.lib.uchicago.edu/1001/org/ochre/78714fd8-bfef-f39c-291b-fe525623412f,"OCHRE Link:<a href=""https://pi.lib.uchicago.edu/1001/org/ochre/78714fd8-bfef-f39c-291b-fe525623412f"">https://pi.lib.uchicago.edu/1001/org/ochre/78714fd8-bfef-f39c-291b-fe525623412f</a>",Matieral culture registry files from excavation: 1985-2016,Leon Levy Expedition to Ashkelon Dataset: Material Culture Registry
Master Registry vol. 16 (1990).pdf,https://pi.lib.uchicago.edu/1001/org/ochre/acd47ec8-f86b-24fb-b332-b5ca671942c6,"OCHRE Link:<a href=""https://pi.lib.uchicago.edu/1001/org/ochre/acd47ec8-f86b-24fb-b332-b5ca671942c6"">https://pi.lib.uchicago.edu/1001/org/ochre/acd47ec8-f86b-24fb-b332-b5ca671942c6</a>",Matieral culture registry files from excavation: 1985-2016,Leon Levy Expedition to Ashkelon Dataset: Material Culture Registry
Master Registry vol. 17 (1990).pdf,https://pi.lib.uchicago.edu/1001/org/ochre/a0f0dc7b-5416-3ff0-ef05-a5f76696135d,"OCHRE Link:<a href=""https://pi.lib.uchicago.edu/1001/org/ochre/a0f0dc7b-5416-3ff0-ef05-a5f76696135d"">https://pi.lib.uchicago.edu/1001/org/ochre/a0f0dc7b-5416-3ff0-ef05-a5f76696135d</a>",Matieral culture registry files from excavation: 1985-2016,Leon Levy Expedition to Ashkelon Dataset: Material Culture Registry
Master Registry vol. 18 (1991).pdf,https://pi.lib.uchicago.edu/1001/org/ochre/1e2a4e89-08ab-a917-42d6-e2e8a5d1e75c,"OCHRE Link:<a href=""https://pi.lib.uchicago.edu/1001/org/ochre/1e2a4e89-08ab-a917-42d6-e2e8a5d1e75c"">https://pi.lib.uchicago.edu/1001/org/ochre/1e2a4e89-08ab-a917-42d6-e2e8a5d1e75c</a>",Matieral culture registry files from excavation: 1985-2016,Leon Levy Expedition to Ashkelon Dataset: Material Culture Registry
Master Registry vol. 19 (1991).pdf,https://pi.lib.uchicago.edu/1001/org/ochre/afd85471-eb59-ab2e-84f7-e05ecba85560,"OCHRE Link:<a href=""https://pi.lib.uchicago.edu/1001/org/ochre/afd85471-eb59-ab2e-84f7-e05ecba85560"">https://pi.lib.uchicago.edu/1001/org/ochre/afd85471-eb59-ab2e-84f7-e05ecba85560</a>",Matieral culture registry files from excavation: 1985-2016,Leon Levy Expedition to Ashkelon Dataset: Material Culture Registry
Master Registry vol. 20 (1992).pdf,https://pi.lib.uchicago.edu/1001/org/ochre/1e1d3686-2553-58ec-b050-c24aefc5bc6e,"OCHRE Link:<a href=""https://pi.lib.uchicago.edu/1001/org/ochre/1e1d3686-2553-58ec-b050-c24aefc5bc6e"">https://pi.lib.uchicago.edu/1001/org/ochre/1e1d3686-2553-58ec-b050-c24aefc5bc6e</a>",Matieral culture registry files from excavation: 1985-2016,Leon Levy Expedition to Ashkelon Dataset: Material Culture Registry
Master Registry vol. 21 (1992).pdf,https://pi.lib.uchicago.edu/1001/org/ochre/08855b87-cf08-d683-3eb0-a65a6e39aff0,"OCHRE Link:<a href=""https://pi.lib.uchicago.edu/1001/org/ochre/08855b87-cf08-d683-3eb0-a65a6e39aff0"">https://pi.lib.uchicago.edu/1001/org/ochre/08855b87-cf08-d683-3eb0-a65a6e39aff0</a>",Matieral culture registry files from excavation: 1985-2016,Leon Levy Expedition to Ashkelon Dataset: Material Culture Registry
Master Registry vol. 22 (1993).pdf,https://pi.lib.uchicago.edu/1001/org/ochre/b2135154-a625-1ce4-d795-3f41c5397232,"OCHRE Link:<a href=""https://pi.lib.uchicago.edu/1001/org/ochre/b2135154-a625-1ce4-d795-3f41c5397232"">https://pi.lib.uchicago.edu/1001/org/ochre/b2135154-a625-1ce4-d795-3f41c5397232</a>",Matieral culture registry files from excavation: 1985-2016,Leon Levy Expedition to Ashkelon Dataset: Material Culture Registry
Master Registry vol. 23 (1993).pdf,https://pi.lib.uchicago.edu/1001/org/ochre/3890a6e7-e41e-1e90-1b05-2f171f2716c4,"OCHRE Link:<a href=""https://pi.lib.uchicago.edu/1001/org/ochre/3890a6e7-e41e-1e90-1b05-2f171f2716c4"">https://pi.lib.uchicago.edu/1001/org/ochre/3890a6e7-e41e-1e90-1b05-2f171f2716c4</a>",Matieral culture registry files from excavation: 1985-2016,Leon Levy Expedition to Ashkelon Dataset: Material Culture Registry
Master Registry vol. 24 (1994).pdf,https://pi.lib.uchicago.edu/1001/org/ochre/72063cf0-d68a-5e56-6732-f003d11dc3de,"OCHRE Link:<a href=""https://pi.lib.uchicago.edu/1001/org/ochre/72063cf0-d68a-5e56-6732-f003d11dc3de"">https://pi.lib.uchicago.edu/1001/org/ochre/72063cf0-d68a-5e56-6732-f003d11dc3de</a>",Matieral culture registry files from excavation: 1985-2016,Leon Levy Expedition to Ashkelon Dataset: Material Culture Registry
Master Registry vol. 25 (1995).pdf,https://pi.lib.uchicago.edu/1001/org/ochre/6b841de2-8544-7110-90a6-54bab9d86ec9,"OCHRE Link:<a href=""https://pi.lib.uchicago.edu/1001/org/ochre/6b841de2-8544-7110-90a6-54bab9d86ec9"">https://pi.lib.uchicago.edu/1001/org/ochre/6b841de2-8544-7110-90a6-54bab9d86ec9</a>",Matieral culture registry files from excavation: 1985-2016,Leon Levy Expedition to Ashkelon Dataset: Material Culture Registry
Master Registry vol. 26 (1996).pdf,https://pi.lib.uchicago.edu/1001/org/ochre/cd857922-79de-b217-72d5-255e80d58c9e,"OCHRE Link:<a href=""https://pi.lib.uchicago.edu/1001/org/ochre/cd857922-79de-b217-72d5-255e80d58c9e"">https://pi.lib.uchicago.edu/1001/org/ochre/cd857922-79de-b217-72d5-255e80d58c9e</a>",Matieral culture registry files from excavation: 1985-2016,Leon Levy Expedition to Ashkelon Dataset: Material Culture Registry
Master Registry vol. 27 (1996).pdf,https://pi.lib.uchicago.edu/1001/org/ochre/0ca7f4ad-c9a1-2677-f394-03d55085d3b7,"OCHRE Link:<a href=""https://pi.lib.uchicago.edu/1001/org/ochre/0ca7f4ad-c9a1-2677-f394-03d55085d3b7"">https://pi.lib.uchicago.edu/1001/org/ochre/0ca7f4ad-c9a1-2677-f394-03d55085d3b7</a>",Matieral culture registry files from excavation: 1985-2016,Leon Levy Expedition to Ashkelon Dataset: Material Culture Registry
Master Registry vol. 28 (1997).pdf,https://pi.lib.uchicago.edu/1001/org/ochre/57f22ea5-c7ea-1c2f-cead-5ed091335aa9,"OCHRE Link:<a href=""https://pi.lib.uchicago.edu/1001/org/ochre/57f22ea5-c7ea-1c2f-cead-5ed091335aa9"">https://pi.lib.uchicago.edu/1001/org/ochre/57f22ea5-c7ea-1c2f-cead-5ed091335aa9</a>",Matieral culture registry files from excavation: 1985-2016,Leon Levy Expedition to Ashkelon Dataset: Material Culture Registry
Master Registry vol. 29 (1997).pdf,https://pi.lib.uchicago.edu/1001/org/ochre/161f8435-af05-0e09-47a2-c545f8d04b25,"OCHRE Link:<a href=""https://pi.lib.uchicago.edu/1001/org/ochre/161f8435-af05-0e09-47a2-c545f8d04b25"">https://pi.lib.uchicago.edu/1001/org/ochre/161f8435-af05-0e09-47a2-c545f8d04b25</a>",Matieral culture registry files from excavation: 1985-2016,Leon Levy Expedition to Ashkelon Dataset: Material Culture Registry
Master Registry vol. 30 (1998).pdf,https://pi.lib.uchicago.edu/1001/org/ochre/303a8f4e-d0eb-77d4-7c25-76b1803e6801,"OCHRE Link:<a href=""https://pi.lib.uchicago.edu/1001/org/ochre/303a8f4e-d0eb-77d4-7c25-76b1803e6801"">https://pi.lib.uchicago.edu/1001/org/ochre/303a8f4e-d0eb-77d4-7c25-76b1803e6801</a>",Matieral culture registry files from excavation: 1985-2016,Leon Levy Expedition to Ashkelon Dataset: Material Culture Registry
Master Registry vol. 31 (1998).pdf,https://pi.lib.uchicago.edu/1001/org/ochre/06a8a80f-9943-024d-ae92-3ba8d45ce87b,"OCHRE Link:<a href=""https://pi.lib.uchicago.edu/1001/org/ochre/06a8a80f-9943-024d-ae92-3ba8d45ce87b"">https://pi.lib.uchicago.edu/1001/org/ochre/06a8a80f-9943-024d-ae92-3ba8d45ce87b</a>",Matieral culture registry files from excavation: 1985-2016,Leon Levy Expedition to Ashkelon Dataset: Material Culture Registry
Master Registry vol. 33 (1999).pdf,https://pi.lib.uchicago.edu/1001/org/ochre/d8d7f24d-dbb3-c0f8-0736-fe56168999aa,"OCHRE Link:<a href=""https://pi.lib.uchicago.edu/1001/org/ochre/d8d7f24d-dbb3-c0f8-0736-fe56168999aa"">https://pi.lib.uchicago.edu/1001/org/ochre/d8d7f24d-dbb3-c0f8-0736-fe56168999aa</a>",Matieral culture registry files from excavation: 1985-2016,Leon Levy Expedition to Ashkelon Dataset: Material Culture Registry
Master Registry vol. 34 (2000).pdf,https://pi.lib.uchicago.edu/1001/org/ochre/894e2c8a-47c8-6ec4-0733-64730ee7d1d5,"OCHRE Link:<a href=""https://pi.lib.uchicago.edu/1001/org/ochre/894e2c8a-47c8-6ec4-0733-64730ee7d1d5"">https://pi.lib.uchicago.edu/1001/org/ochre/894e2c8a-47c8-6ec4-0733-64730ee7d1d5</a>",Matieral culture registry files from excavation: 1985-2016,Leon Levy Expedition to Ashkelon Dataset: Material Culture Registry
Master Registry vol. 35 (2000).pdf,https://pi.lib.uchicago.edu/1001/org/ochre/cc659bbf-555a-e607-1cb1-be95fd80eb14,"OCHRE Link:<a href=""https://pi.lib.uchicago.edu/1001/org/ochre/cc659bbf-555a-e607-1cb1-be95fd80eb14"">https://pi.lib.uchicago.edu/1001/org/ochre/cc659bbf-555a-e607-1cb1-be95fd80eb14</a>",Matieral culture registry files from excavation: 1985-2016,Leon Levy Expedition to Ashkelon Dataset: Material Culture Registry
Master Registry vol. 36 (2000).pdf,https://pi.lib.uchicago.edu/1001/org/ochre/7fb31a11-5e58-76a0-50dd-8d228ce03636,"OCHRE Link:<a href=""https://pi.lib.uchicago.edu/1001/org/ochre/7fb31a11-5e58-76a0-50dd-8d228ce03636"">https://pi.lib.uchicago.edu/1001/org/ochre/7fb31a11-5e58-76a0-50dd-8d228ce03636</a>",Matieral culture registry files from excavation: 1985-2016,Leon Levy Expedition to Ashkelon Dataset: Material Culture Registry
Master Registry vol. 37 (2004).pdf,https://pi.lib.uchicago.edu/1001/org/ochre/3e87b711-adb5-4e93-b7f3-8ba19a2d8ebe,"OCHRE Link:<a href=""https://pi.lib.uchicago.edu/1001/org/ochre/3e87b711-adb5-4e93-b7f3-8ba19a2d8ebe"">https://pi.lib.uchicago.edu/1001/org/ochre/3e87b711-adb5-4e93-b7f3-8ba19a2d8ebe</a>",Matieral culture registry files from excavation: 1985-2016,Leon Levy Expedition to Ashkelon Dataset: Material Culture Registry
Metal Objects Catalogue.pdf,https://pi.lib.uchicago.edu/1001/org/ochre/d372a6bd-4af2-ede2-71b6-5bc73a63ee44,"OCHRE Link:<a href=""https://pi.lib.uchicago.edu/1001/org/ochre/d372a6bd-4af2-ede2-71b6-5bc73a63ee44"">https://pi.lib.uchicago.edu/1001/org/ochre/d372a6bd-4af2-ede2-71b6-5bc73a63ee44</a>",Matieral culture registry files from excavation: 1985-2016,Leon Levy Expedition to Ashkelon Dataset: Material Culture Registry