ochre_metadata,filename,status
http://pi.lib.uchicago.edu/1001/org/ochre/d604c0ac-153f-aac3-c602-ed17442869e8,dwgid0015.jpg,missing in dir_files
http://pi.lib.uchicago.edu/1001/org/ochre/f116bb34-72d6-60c3-b4c2-0da7ca5aa7dd,dwgid0020.jpg,missing in dir_files
http://pi.lib.uchicago.edu/1001/org/ochre/e29b701f-251a-afd9-d4b2-08d27c83f410,dwgid0116.jpg,missing in dir_files
http://pi.lib.uchicago.edu/1001/org/ochre/315b0b31-2595-d84f-28b6-739489908c7b,dwgid0125.jpg,missing in dir_files
http://pi.lib.uchicago.edu/1001/org/ochre/53ea03f1-f5ea-b9e8-98b4-b9525c75b6c5,dwgid0217.jpg,missing in dir_files
http://pi.lib.uchicago.edu/1001/org/ochre/4a182d9e-e29f-fda5-7d3b-c0f0d60c3bba,dwgid0218.jpg,missing in dir_files
http://pi.lib.uchicago.edu/1001/org/ochre/4acf901a-d884-9147-bb75-ac7ec584c15f,dwgid0219.jpg,missing in dir_files
http://pi.lib.uchicago.edu/1001/org/ochre/93fda764-49c8-1a94-6657-fcf817761789,dwgid0220.jpg,missing in dir_files
http://pi.lib.uchicago.edu/1001/org/ochre/6500c33e-cc44-7aa9-d991-68ec34171bf6,dwgid0221.jpg,missing in dir_files
http://pi.lib.uchicago.edu/1001/org/ochre/eb67761f-7421-bfad-3ab1-deff6f7ae929,dwgid0226.jpg,missing in dir_files
http://pi.lib.uchicago.edu/1001/org/ochre/1ee4f49c-72bf-39a1-39be-5cfc4b0e50da,dwgid0247.jpg,missing in dir_files
http://pi.lib.uchicago.edu/1001/org/ochre/84059d25-df82-bb85-e0ff-c1be39847fc1,dwgid0248.jpg,missing in dir_files
http://pi.lib.uchicago.edu/1001/org/ochre/c5b1a39b-b8be-f522-63c1-717de9366c85,dwgid0250.jpg,missing in dir_files
http://pi.lib.uchicago.edu/1001/org/ochre/809eb175-669c-aee2-afed-8ad3d7fc923b,dwgid0273.jpg,missing in dir_files
http://pi.lib.uchicago.edu/1001/org/ochre/a02f6446-8554-d51f-849b-1b5474bb1eb9,dwgid0274.jpg,missing in dir_files
http://pi.lib.uchicago.edu/1001/org/ochre/4a2a029d-5f2d-c219-b1f9-7f8bcd0da8dd,dwgid0348.jpg,missing in dir_files
http://pi.lib.uchicago.edu/1001/org/ochre/56a7092e-cccb-9265-0e36-c63ceb3ff999,dwgid0390.jpg,missing in dir_files
http://pi.lib.uchicago.edu/1001/org/ochre/77ad748d-e1e3-72e0-1850-324db82219a0,dwgid0430.jpg,missing in dir_files
http://pi.lib.uchicago.edu/1001/org/ochre/d2a59790-6218-d576-9278-9fe0e13d3898,dwgid0437.jpg,missing in dir_files
http://pi.lib.uchicago.edu/1001/org/ochre/71e1bf29-8a18-e1c7-a975-c8a1cd95c3db,dwgid0497.jpg,missing in dir_files
http://pi.lib.uchicago.edu/1001/org/ochre/37662a65-052a-e0a6-7457-9e316444d568,dwgid0516.jpg,missing in dir_files
http://pi.lib.uchicago.edu/1001/org/ochre/049236ac-f69f-7014-f5f5-1a49b971699f,dwgid0517.jpg,missing in dir_files
http://pi.lib.uchicago.edu/1001/org/ochre/7632a2c3-4226-d352-9184-75c70cf2f549,dwgid0518.jpg,missing in dir_files
http://pi.lib.uchicago.edu/1001/org/ochre/4687083a-c71d-90b9-3690-7bcef194fecd,dwgid0519.jpg,missing in dir_files
http://pi.lib.uchicago.edu/1001/org/ochre/943f9913-a3f5-a1b9-0339-b63285cdb29b,dwgid0520.jpg,missing in dir_files
http://pi.lib.uchicago.edu/1001/org/ochre/5a3dfc8f-bd99-6e15-f001-4457d6e48827,dwgid0521.jpg,missing in dir_files
http://pi.lib.uchicago.edu/1001/org/ochre/e8d6cab2-54a1-66ed-8636-fae4cc7df6e8,dwgid0522.jpg,missing in dir_files
http://pi.lib.uchicago.edu/1001/org/ochre/33da97b9-2481-fc30-d2d1-e28d0c2a105d,dwgid0523.jpg,missing in dir_files
http://pi.lib.uchicago.edu/1001/org/ochre/b81a2c09-7fcd-cce9-14d9-cae319c7b2b8,dwgid0524.jpg,missing in dir_files
http://pi.lib.uchicago.edu/1001/org/ochre/ac287c8e-85b5-a593-b51a-dd7dfc64fc7e,dwgid0525.jpg,missing in dir_files
http://pi.lib.uchicago.edu/1001/org/ochre/59e5443e-2bf1-d1c0-b485-323a85702aee,dwgid0526.jpg,missing in dir_files
http://pi.lib.uchicago.edu/1001/org/ochre/a9e7878a-29b6-f37c-b056-e1511797705c,dwgid0533.jpg,missing in dir_files
http://pi.lib.uchicago.edu/1001/org/ochre/3282ebf1-d89b-65ca-c411-6f3e18bd75d0,dwgid0536.jpg,missing in dir_files
http://pi.lib.uchicago.edu/1001/org/ochre/9ccc4082-ac77-ec09-5910-b67776832019,dwgid0537.jpg,missing in dir_files
http://pi.lib.uchicago.edu/1001/org/ochre/5aad48d3-368e-292d-dfc0-ca4b51538e2d,dwgid0538.jpg,missing in dir_files
http://pi.lib.uchicago.edu/1001/org/ochre/8e610744-6aee-0253-c97d-2c8ed3f02776,dwgid0585.jpg,missing in dir_files
http://pi.lib.uchicago.edu/1001/org/ochre/6a5609bb-c964-bff3-c28e-42122f42d58c,dwgid0586.jpg,missing in dir_files
http://pi.lib.uchicago.edu/1001/org/ochre/f53613a6-b83c-fd05-120e-294525895524,dwgid0587.jpg,missing in dir_files
http://pi.lib.uchicago.edu/1001/org/ochre/f825708e-c7a6-cc61-4ff1-acc5cd226505,dwgid0596.jpg,missing in dir_files
http://pi.lib.uchicago.edu/1001/org/ochre/01da6702-daec-69db-6680-3fe5fff3eb08,dwgid0603.jpg,missing in dir_files
http://pi.lib.uchicago.edu/1001/org/ochre/71ea10da-48b2-0590-b18c-84a3c116f915,dwgid0611.jpg,missing in dir_files
http://pi.lib.uchicago.edu/1001/org/ochre/6a407a62-6410-74da-3f23-8701daf70ded,dwgid0612.jpg,missing in dir_files
http://pi.lib.uchicago.edu/1001/org/ochre/c04cd631-501e-8ecb-bc14-c087b5f45561,dwgid0630.jpg,missing in dir_files
http://pi.lib.uchicago.edu/1001/org/ochre/b017e31c-9559-b572-c22a-0ad71e652de7,dwgid0631.jpg,missing in dir_files
http://pi.lib.uchicago.edu/1001/org/ochre/cd7157a1-87b4-690f-dcec-a41e8ba8bc7f,dwgid0632.jpg,missing in dir_files
http://pi.lib.uchicago.edu/1001/org/ochre/ed6af2bd-4b2a-d1b6-724f-2eb6b29137e2,dwgid0633.jpg,missing in dir_files
http://pi.lib.uchicago.edu/1001/org/ochre/7183e69e-578a-84cc-296e-df2f148536a9,dwgid0634.jpg,missing in dir_files
http://pi.lib.uchicago.edu/1001/org/ochre/24ec8074-3a59-4205-f0a2-e471362fb772,dwgid0635.jpg,missing in dir_files
http://pi.lib.uchicago.edu/1001/org/ochre/5bbe1b06-2d5f-4547-7f6d-28f756c3c3b9,dwgid0648.jpg,missing in dir_files
http://pi.lib.uchicago.edu/1001/org/ochre/e0991254-b432-533b-71f6-c1c76157bf58,dwgid0649.jpg,missing in dir_files
http://pi.lib.uchicago.edu/1001/org/ochre/cc7de072-7b23-3830-e17c-e065d755349c,dwgid0666.jpg,missing in dir_files
http://pi.lib.uchicago.edu/1001/org/ochre/b93d0ba6-57cd-fd85-4e99-5e628c9729b1,dwgid0672.jpg,missing in dir_files
http://pi.lib.uchicago.edu/1001/org/ochre/50386dec-5361-5693-16bb-f3d4c0c7fd82,dwgid0681.jpg,missing in dir_files
http://pi.lib.uchicago.edu/1001/org/ochre/be3c2847-f67e-d325-2c0c-fd1bff2c9b92,dwgid0697.jpg,missing in dir_files
http://pi.lib.uchicago.edu/1001/org/ochre/4800cacf-f831-e1a7-3061-e6866cee4da6,dwgid0698.jpg,missing in dir_files
http://pi.lib.uchicago.edu/1001/org/ochre/36ac9905-d150-0b64-fc03-74d54a90b61f,dwgid0703.jpg,missing in dir_files
http://pi.lib.uchicago.edu/1001/org/ochre/0e690a38-6651-7900-fa97-a606a9606109,dwgid0720.jpg,missing in dir_files
http://pi.lib.uchicago.edu/1001/org/ochre/3b3ca62c-f430-09ea-c7b2-da6950d06c36,dwgid0848.jpg,missing in dir_files
http://pi.lib.uchicago.edu/1001/org/ochre/2cf954a7-cdc9-91f1-f704-6d6f5713b945,dwgid1256.jpg,missing in dir_files
http://pi.lib.uchicago.edu/1001/org/ochre/6dc2ae17-1198-f827-b81c-1f1ada1183ce,dwgid1720.jpg,missing in dir_files
http://pi.lib.uchicago.edu/1001/org/ochre/696f931f-0073-87e2-e7f3-7fc4a9ca86ff,dwgid1732.jpg,missing in dir_files
http://pi.lib.uchicago.edu/1001/org/ochre/8aa81f0c-45de-a94d-00e8-8868b155c0b4,dwgid1734.jpg,missing in dir_files
http://pi.lib.uchicago.edu/1001/org/ochre/a96a8b33-08e6-f3d6-1b6d-f31a8a05e21b,dwgid1735.jpg,missing in dir_files
http://pi.lib.uchicago.edu/1001/org/ochre/0650b303-4649-140f-b315-dbe8d17be558,dwgid1745.jpg,missing in dir_files
http://pi.lib.uchicago.edu/1001/org/ochre/0eeccd8a-b96d-3dcc-15bf-07400ae632d0,dwgid1746.jpg,missing in dir_files
http://pi.lib.uchicago.edu/1001/org/ochre/f2f1f8e0-7b32-a510-090b-e05af5edd1d4,dwgid1747.jpg,missing in dir_files
http://pi.lib.uchicago.edu/1001/org/ochre/6c9b3335-1dae-f988-233f-4ca92f36a003,dwgid1748.jpg,missing in dir_files
http://pi.lib.uchicago.edu/1001/org/ochre/4de95cde-993a-8d5d-c729-9c1345e8314e,dwgid1749.jpg,missing in dir_files
http://pi.lib.uchicago.edu/1001/org/ochre/80aa9017-7d57-8bfc-f9be-cebf01c34477,dwgid1750.jpg,missing in dir_files
http://pi.lib.uchicago.edu/1001/org/ochre/4740bc60-4889-cf25-a983-94c2931881cc,dwgid1751.jpg,missing in dir_files
http://pi.lib.uchicago.edu/1001/org/ochre/12f7a54f-8356-6d81-cf6b-f186cda3b2da,dwgid1759.jpg,missing in dir_files
http://pi.lib.uchicago.edu/1001/org/ochre/0e6a2153-efec-48de-93eb-5686c29cb958,dwgid1943.jpg,missing in dir_files
http://pi.lib.uchicago.edu/1001/org/ochre/85e9fede-73e7-8aef-f589-a4efaf8195f0,dwgid1952.jpg,missing in dir_files
http://pi.lib.uchicago.edu/1001/org/ochre/bbfa368f-aaee-d302-7fc7-d735c67e229a,dwgid2136.jpg,missing in dir_files
http://pi.lib.uchicago.edu/1001/org/ochre/c29dd6ca-6d50-a2ba-9181-53ddf57f1696,dwgid2137.jpg,missing in dir_files
http://pi.lib.uchicago.edu/1001/org/ochre/f1e494cd-29c3-0fdf-818e-c4ad348ef0a4,dwgid2138.jpg,missing in dir_files
http://pi.lib.uchicago.edu/1001/org/ochre/f8f392b9-3f38-a3ec-2748-dd3bdd20a78a,dwgid2139.jpg,missing in dir_files
http://pi.lib.uchicago.edu/1001/org/ochre/30278c58-4f9f-53e9-4116-8130c46be6dd,dwgid2140.jpg,missing in dir_files
http://pi.lib.uchicago.edu/1001/org/ochre/f999f22a-7493-26d8-046f-244a1d4cea49,dwgid2141.jpg,missing in dir_files
http://pi.lib.uchicago.edu/1001/org/ochre/b27310d6-9bce-b147-cbda-88b25951d6a3,dwgid2142.jpg,missing in dir_files
http://pi.lib.uchicago.edu/1001/org/ochre/1d4d1c32-2bd1-b613-8a30-29295b59813d,dwgid2143.jpg,missing in dir_files
http://pi.lib.uchicago.edu/1001/org/ochre/7b67c662-d860-91d3-33a4-f534b464ee15,dwgid2144.jpg,missing in dir_files
http://pi.lib.uchicago.edu/1001/org/ochre/dcbff0a9-8862-6d04-86ff-068103c96ded,dwgid2145.jpg,missing in dir_files
http://pi.lib.uchicago.edu/1001/org/ochre/03fefefe-7f72-b2bb-8fff-6c60ba2ada45,dwgid2146.jpg,missing in dir_files
http://pi.lib.uchicago.edu/1001/org/ochre/ddd50412-3729-cfb5-2ac1-a9342d14dd02,dwgid2147.jpg,missing in dir_files
http://pi.lib.uchicago.edu/1001/org/ochre/914bcbb7-ceb4-c8e4-076f-24268cd9e82b,dwgid2148.jpg,missing in dir_files
http://pi.lib.uchicago.edu/1001/org/ochre/fc579ab0-d518-4aca-9225-257523d7da45,dwgid2149.jpg,missing in dir_files
http://pi.lib.uchicago.edu/1001/org/ochre/92ee4392-1c8b-19ad-8ef9-52a6681e7663,dwgid2150.jpg,missing in dir_files
http://pi.lib.uchicago.edu/1001/org/ochre/e06be4cb-7ec4-1db8-db14-051baaacbcd1,dwgid2151.jpg,missing in dir_files
http://pi.lib.uchicago.edu/1001/org/ochre/51a6d793-3ffd-345b-16bb-a97c27082b73,dwgid2152.jpg,missing in dir_files
http://pi.lib.uchicago.edu/1001/org/ochre/ebf142f9-2fc9-9a17-83dc-2c7f30e0e026,dwgid2153.jpg,missing in dir_files
http://pi.lib.uchicago.edu/1001/org/ochre/ee9954ae-a0da-8624-d232-5c4c26a97f00,dwgid2154.jpg,missing in dir_files
http://pi.lib.uchicago.edu/1001/org/ochre/574cb649-f74e-ff12-c389-bfc8b73a122a,dwgid2155.jpg,missing in dir_files
http://pi.lib.uchicago.edu/1001/org/ochre/8dda840a-34fd-ce70-0c5b-e68b1b98556e,dwgid2156.jpg,missing in dir_files
http://pi.lib.uchicago.edu/1001/org/ochre/c32b9797-0b93-21df-fe43-497125785861,dwgid2157.jpg,missing in dir_files
http://pi.lib.uchicago.edu/1001/org/ochre/c7d5510f-f03f-49c1-615c-837b5b235216,dwgid2158.jpg,missing in dir_files
http://pi.lib.uchicago.edu/1001/org/ochre/1fea59ee-675d-933c-57c6-9436a5bd9e67,dwgid2159.jpg,missing in dir_files
http://pi.lib.uchicago.edu/1001/org/ochre/b44f466e-247b-b6ca-21a8-85d22aabad66,dwgid2160.jpg,missing in dir_files
http://pi.lib.uchicago.edu/1001/org/ochre/42ab2679-59b5-2061-e625-7f6f34d21f16,dwgid2161.jpg,missing in dir_files
http://pi.lib.uchicago.edu/1001/org/ochre/01624f8d-59b3-fb53-36fd-75b31e819692,dwgid2162.jpg,missing in dir_files
http://pi.lib.uchicago.edu/1001/org/ochre/e70aa59f-c96b-958d-bdfc-6b81c47ab7b9,dwgid2163.jpg,missing in dir_files
http://pi.lib.uchicago.edu/1001/org/ochre/04a956b0-c9d6-96f7-9a87-22b662f374a5,dwgid2164.jpg,missing in dir_files
http://pi.lib.uchicago.edu/1001/org/ochre/4061f4b0-5b90-8be0-d037-4ed73731e05c,dwgid2165.jpg,missing in dir_files
http://pi.lib.uchicago.edu/1001/org/ochre/773467ac-fe9f-9d41-a23d-1330e4884db5,dwgid2166.jpg,missing in dir_files
http://pi.lib.uchicago.edu/1001/org/ochre/9c6a02c6-a0f2-3bd2-f78b-e44b184df92a,dwgid2167.jpg,missing in dir_files
http://pi.lib.uchicago.edu/1001/org/ochre/29b50751-47e4-c007-078e-ced358d2a106,dwgid2168.jpg,missing in dir_files
http://pi.lib.uchicago.edu/1001/org/ochre/54efae95-f064-7967-0925-72cd75a73a4e,dwgid2169.jpg,missing in dir_files
http://pi.lib.uchicago.edu/1001/org/ochre/dfbd5d6a-0dde-a89b-8489-b0ee0f9306c4,dwgid2170.jpg,missing in dir_files
http://pi.lib.uchicago.edu/1001/org/ochre/04252743-e98a-eb6c-5bc3-4ed12c293e55,dwgid2171.jpg,missing in dir_files
http://pi.lib.uchicago.edu/1001/org/ochre/686b5bd5-eb80-e03c-4ad5-a836e3a0d142,dwgid2172.jpg,missing in dir_files
http://pi.lib.uchicago.edu/1001/org/ochre/33149cd8-e1d4-d4ab-1bf8-d16379235178,dwgid2173.jpg,missing in dir_files
http://pi.lib.uchicago.edu/1001/org/ochre/79ab2f24-38b7-c1ec-e2fa-e40b7434eede,dwgid2174.jpg,missing in dir_files
http://pi.lib.uchicago.edu/1001/org/ochre/3c7471f4-9eba-5d23-58d8-eb79a94200c5,dwgid2175.jpg,missing in dir_files
http://pi.lib.uchicago.edu/1001/org/ochre/1f237105-42c0-fdee-f7c1-a2646c81ac37,dwgid2176.jpg,missing in dir_files
http://pi.lib.uchicago.edu/1001/org/ochre/e5e829cb-2012-6bbe-ce09-ca990522d2e7,dwgid2177.jpg,missing in dir_files
http://pi.lib.uchicago.edu/1001/org/ochre/e0ca294c-81cd-164f-697b-230eba2b62d8,dwgid2178.jpg,missing in dir_files
http://pi.lib.uchicago.edu/1001/org/ochre/47cfcebf-8ff6-e16a-e1cc-cc298bec5f3c,dwgid2179.jpg,missing in dir_files
http://pi.lib.uchicago.edu/1001/org/ochre/388c86aa-325b-394d-f67a-0edcc386f71f,dwgid2180.jpg,missing in dir_files
http://pi.lib.uchicago.edu/1001/org/ochre/40c434c1-c528-5457-2340-a13ce5b95d34,dwgid2181.jpg,missing in dir_files
http://pi.lib.uchicago.edu/1001/org/ochre/4ac5c044-9f4c-b508-f118-09bdfccea99e,dwgid2182.jpg,missing in dir_files
http://pi.lib.uchicago.edu/1001/org/ochre/b877f522-d1c4-e29f-5b10-47066acf15d4,dwgid2183.jpg,missing in dir_files
http://pi.lib.uchicago.edu/1001/org/ochre/f6f9b509-a160-b67a-6a06-f40e53b24fa5,dwgid2184.jpg,missing in dir_files
http://pi.lib.uchicago.edu/1001/org/ochre/d9dc0d91-3a71-a3ed-3ff5-459e0d0b49dd,dwgid2185.jpg,missing in dir_files
http://pi.lib.uchicago.edu/1001/org/ochre/969bc85b-f997-8a86-56db-7ca6afad5ce9,dwgid2186.jpg,missing in dir_files
http://pi.lib.uchicago.edu/1001/org/ochre/b7183040-9a0e-b0f0-85cb-aacfb893c466,dwgid2187.jpg,missing in dir_files
http://pi.lib.uchicago.edu/1001/org/ochre/7a22283c-420f-e3b7-9be3-b9b5905bb67f,dwgid2188.jpg,missing in dir_files
http://pi.lib.uchicago.edu/1001/org/ochre/1d229835-4e32-62f5-d3b9-20e16db62670,dwgid2189.jpg,missing in dir_files
http://pi.lib.uchicago.edu/1001/org/ochre/f41d44e1-1b1e-9bc6-0a4a-8a0a71a63df5,dwgid2190.jpg,missing in dir_files
http://pi.lib.uchicago.edu/1001/org/ochre/d63dc477-faa1-45a4-f004-bd14137642cd,dwgid2191.jpg,missing in dir_files
http://pi.lib.uchicago.edu/1001/org/ochre/9c0c735a-65ff-ff6a-2e2a-802454ed8a26,dwgid2192.jpg,missing in dir_files
http://pi.lib.uchicago.edu/1001/org/ochre/6c0adb1d-56ea-7274-f72e-e013086ee3a7,dwgid2195.jpg,missing in dir_files
http://pi.lib.uchicago.edu/1001/org/ochre/6135f150-38c4-39a0-50ba-72a8e412344b,dwgid2196.jpg,missing in dir_files
http://pi.lib.uchicago.edu/1001/org/ochre/f1ad70f0-6dcb-da0b-e62c-c30214b06786,dwgid2197.jpg,missing in dir_files
http://pi.lib.uchicago.edu/1001/org/ochre/b0d563c1-bb8b-ab6f-9230-26a0ff80ae6e,dwgid2199.jpg,missing in dir_files
http://pi.lib.uchicago.edu/1001/org/ochre/b1f76d42-ffdb-1197-faa4-fb1af5be70f0,dwgid2200.jpg,missing in dir_files
http://pi.lib.uchicago.edu/1001/org/ochre/178a5f3c-caed-d1e8-e9bc-3958f30c93a8,dwgid2201.jpg,missing in dir_files
http://pi.lib.uchicago.edu/1001/org/ochre/7320159a-1cce-c026-f71e-71f09c729cfc,dwgid2202.jpg,missing in dir_files
http://pi.lib.uchicago.edu/1001/org/ochre/89efef10-2613-7e90-f50b-6614229a937b,dwgid2205.jpg,missing in dir_files
http://pi.lib.uchicago.edu/1001/org/ochre/2e98fcec-220f-642d-ae44-83cb4cb52d78,dwgid2206.jpg,missing in dir_files
http://pi.lib.uchicago.edu/1001/org/ochre/bdaeb8c0-6db9-cd34-ecbe-558dbc2f6329,dwgid4065.jpg,missing in dir_files
http://pi.lib.uchicago.edu/1001/org/ochre/65567fc0-990c-576d-8ecc-ccd03f3bc9e9,dwgid4119.jpg,missing in dir_files
http://pi.lib.uchicago.edu/1001/org/ochre/30cd26fc-5642-662a-5c0e-71913bc99c1a,dwgid4128.jpg,missing in dir_files
http://pi.lib.uchicago.edu/1001/org/ochre/bcbc2fc1-d0b6-06d7-c62b-b72dc8be04b9,dwgid4364.jpg,missing in dir_files
http://pi.lib.uchicago.edu/1001/org/ochre/a29f2489-de05-bf94-9b53-605d7d97d5e4,dwgid4438.jpg,missing in dir_files
http://pi.lib.uchicago.edu/1001/org/ochre/2b4937aa-b802-1422-6dd7-338ed8216adb,dwgid6209.jpg,missing in dir_files
http://pi.lib.uchicago.edu/1001/org/ochre/907f0a95-5580-f1c2-8217-b797959bbd91,dwgid6232.jpg,missing in dir_files
http://pi.lib.uchicago.edu/1001/org/ochre/2726f0d8-529b-225f-3564-c104b2ebf640,dwgid6233.jpg,missing in dir_files
http://pi.lib.uchicago.edu/1001/org/ochre/d06743bf-98e2-16ac-c52e-3fe208ea652e,dwgid6494.jpg,missing in dir_files
http://pi.lib.uchicago.edu/1001/org/ochre/296435ce-2df7-d4c0-fc8f-4436abd9d0bf,dwgid11376.jpg,missing in dir_files
http://pi.lib.uchicago.edu/1001/org/ochre/86e859d6-1d22-d2b0-4d3a-7e9623e4e133,dwgid11466.jpg,missing in dir_files
http://pi.lib.uchicago.edu/1001/org/ochre/6f20df6a-1137-7910-3666-3b567f7629d0,dwgid11654.jpg,missing in dir_files
http://pi.lib.uchicago.edu/1001/org/ochre/e4b3c592-b48c-85b2-80b9-52e72a8b7b0d,dwgid12300.jpg,missing in dir_files
http://pi.lib.uchicago.edu/1001/org/ochre/f588b33b-79aa-7f60-8f9e-a17f18a8cdb6,dwgid12301.jpg,missing in dir_files
http://pi.lib.uchicago.edu/1001/org/ochre/d284a6b8-375f-eb5f-ad2a-82a2a5f71584,dwgid12302.jpg,missing in dir_files
http://pi.lib.uchicago.edu/1001/org/ochre/dcdd559b-f484-597f-b383-e3f36427e7ad,dwgid12303.jpg,missing in dir_files
http://pi.lib.uchicago.edu/1001/org/ochre/96520cea-f141-175c-a561-f5c7fbebd8b9,dwgid12304.jpg,missing in dir_files
http://pi.lib.uchicago.edu/1001/org/ochre/ab7beb88-3854-aabc-7cb7-9218059ae58d,dwgid12637.jpg,missing in dir_files
http://pi.lib.uchicago.edu/1001/org/ochre/8b90663e-f81c-32bc-fedc-1704860e613c,dwgid12638.jpg,missing in dir_files
http://pi.lib.uchicago.edu/1001/org/ochre/fe34f8bd-1988-b499-b3bf-f4b61a408cd9,dwgid12639.jpg,missing in dir_files
http://pi.lib.uchicago.edu/1001/org/ochre/df89db44-34ab-63d1-6b47-a91b9d276d28,dwgid12640.jpg,missing in dir_files
http://pi.lib.uchicago.edu/1001/org/ochre/2071345d-329e-4bd5-138e-3723600d6af5,dwgid12641.jpg,missing in dir_files
http://pi.lib.uchicago.edu/1001/org/ochre/6d8824fc-10e5-7881-0a7a-8a70f9367d9f,dwgid12642.jpg,missing in dir_files
http://pi.lib.uchicago.edu/1001/org/ochre/f32dbe42-02f8-2b7f-1855-7fea8bb9bb23,dwgid12845.jpg,missing in dir_files
http://pi.lib.uchicago.edu/1001/org/ochre/464bffd1-90f1-649e-76aa-f27318221837,dwgid12846.jpg,missing in dir_files
http://pi.lib.uchicago.edu/1001/org/ochre/7b9c695c-8e95-b595-6f61-280f4288ee81,dwgid12847.jpg,missing in dir_files
http://pi.lib.uchicago.edu/1001/org/ochre/d83c087c-4503-ce7a-4595-147c3d4c7c2d,dwgid12848.jpg,missing in dir_files
http://pi.lib.uchicago.edu/1001/org/ochre/58bace6c-8b7d-cea2-ad9c-e8694a0b733d,dwgid12849.jpg,missing in dir_files
http://pi.lib.uchicago.edu/1001/org/ochre/43bf4827-a01c-bf48-8a7d-e9c0cb936de4,dwgid12850.jpg,missing in dir_files
http://pi.lib.uchicago.edu/1001/org/ochre/eac94055-dd35-3cff-5754-b46368db8c65,dwgid12851.jpg,missing in dir_files
http://pi.lib.uchicago.edu/1001/org/ochre/bc51569d-a1c1-7048-fe6d-16ef872bd1bd,dwgid12852.jpg,missing in dir_files
http://pi.lib.uchicago.edu/1001/org/ochre/7dda9a7c-711b-488b-bafb-2e0b0e9c5677,dwgid12853.jpg,missing in dir_files
http://pi.lib.uchicago.edu/1001/org/ochre/deaf79c2-9dbc-84f5-c48c-1c97d2a0142e,dwgid12854.jpg,missing in dir_files
http://pi.lib.uchicago.edu/1001/org/ochre/ba3435ee-0806-67c9-9bfc-f870c28c0ea4,dwgid12855.jpg,missing in dir_files
http://pi.lib.uchicago.edu/1001/org/ochre/f9e3e385-d53a-c029-a230-219a3f3e0d9a,dwgid12856.jpg,missing in dir_files
http://pi.lib.uchicago.edu/1001/org/ochre/8e6c882a-7e3b-dca0-2d63-ed412f85e3c7,dwgid12857.jpg,missing in dir_files
http://pi.lib.uchicago.edu/1001/org/ochre/70853d60-e0b6-fb42-3bb9-1d5f889bc124,dwgid12858.jpg,missing in dir_files
http://pi.lib.uchicago.edu/1001/org/ochre/544ec028-203f-c7bf-b723-8eb3a779ebb4,dwgid12878.jpg,missing in dir_files
http://pi.lib.uchicago.edu/1001/org/ochre/3f972ec0-9a92-554a-b653-eb07acdf37a5,dwgid12927.jpg,missing in dir_files
http://pi.lib.uchicago.edu/1001/org/ochre/2d5d80ba-ddf2-afe1-fbe2-3d590123173a,dwgid12941.jpg,missing in dir_files
http://pi.lib.uchicago.edu/1001/org/ochre/9c7c27cc-44c1-4f05-bc10-7ab6f42dd148,dwgid12983.jpg,missing in dir_files
http://pi.lib.uchicago.edu/1001/org/ochre/b3f59c78-eebe-0cff-91de-a48301ebfd88,dwgid13036.jpg,missing in dir_files
http://pi.lib.uchicago.edu/1001/org/ochre/27acb790-0a67-e31e-7029-0ff44c7f082d,dwgid13186.jpg,missing in dir_files
http://pi.lib.uchicago.edu/1001/org/ochre/54b4fdbb-bb8f-7d5e-16bd-51099d9a286e,dwgid13187.jpg,missing in dir_files
http://pi.lib.uchicago.edu/1001/org/ochre/79e11cc9-4c89-0375-26f8-c7c460e21980,dwgid13188.jpg,missing in dir_files
http://pi.lib.uchicago.edu/1001/org/ochre/a60c9406-42fc-b4ee-11ed-3ee5ff5f42a7,dwgid13189.jpg,missing in dir_files
http://pi.lib.uchicago.edu/1001/org/ochre/065a1fd1-5cbd-6c3f-2c3a-6b35dbd696df,dwgid13190.jpg,missing in dir_files
http://pi.lib.uchicago.edu/1001/org/ochre/b860f332-450e-05c0-4c3c-ea2fd5a1fb57,dwgid13191.jpg,missing in dir_files
http://pi.lib.uchicago.edu/1001/org/ochre/355e7324-573e-c5a7-1711-2830d66c12e1,dwgid13192.jpg,missing in dir_files
http://pi.lib.uchicago.edu/1001/org/ochre/b13082a8-6b58-adb2-4496-6da283b69406,dwgid13193.jpg,missing in dir_files
http://pi.lib.uchicago.edu/1001/org/ochre/aac5704d-0c7a-b65b-82af-605c2dd542ad,dwgid13194.jpg,missing in dir_files
http://pi.lib.uchicago.edu/1001/org/ochre/2b092f31-88eb-b40a-9760-3001305849d6,dwgid13195.jpg,missing in dir_files
http://pi.lib.uchicago.edu/1001/org/ochre/ec41645d-bd1d-49d0-7e66-b9e8b25d5f1a,dwgid13210.jpg,missing in dir_files
http://pi.lib.uchicago.edu/1001/org/ochre/56d44d9e-38e5-fdaa-4e47-ef69202b95b0,dwgid13211.jpg,missing in dir_files
http://pi.lib.uchicago.edu/1001/org/ochre/6abf8b59-c4b1-46cf-c9ba-8088b38b7d24,dwgid13212.jpg,missing in dir_files
http://pi.lib.uchicago.edu/1001/org/ochre/a138f4bc-801d-15ca-f068-36d17821c04c,dwgid13213.jpg,missing in dir_files
http://pi.lib.uchicago.edu/1001/org/ochre/f07233b8-f780-035d-bba3-d875873c21e3,dwgid13214.jpg,missing in dir_files
http://pi.lib.uchicago.edu/1001/org/ochre/a2c627de-f066-5f7d-61c9-db6a7c97808c,dwgid13215.jpg,missing in dir_files
http://pi.lib.uchicago.edu/1001/org/ochre/4ed12307-46c4-544f-16b2-835648e2cb7a,dwgid13216.jpg,missing in dir_files
http://pi.lib.uchicago.edu/1001/org/ochre/7111a699-81fe-4c12-3cea-218400bbc04d,dwgid13804.jpg,missing in dir_files
http://pi.lib.uchicago.edu/1001/org/ochre/be474495-a130-d416-90d8-8374b0b91cbe,dwgid14338.jpg,missing in dir_files
http://pi.lib.uchicago.edu/1001/org/ochre/ab9d1aee-a75d-fbf7-b0d9-ced90af946cc,dwgid14339.jpg,missing in dir_files
http://pi.lib.uchicago.edu/1001/org/ochre/4aabd9c0-af45-35d9-5f6d-2351e1ef8f9a,dwgid14340.jpg,missing in dir_files
http://pi.lib.uchicago.edu/1001/org/ochre/24db177f-258e-89f0-8527-92d81f9ac87c,dwgid14341.jpg,missing in dir_files
http://pi.lib.uchicago.edu/1001/org/ochre/7c4b9428-44e5-4986-93fd-445af601c5d9,dwgid15489.jpg,missing in dir_files
http://pi.lib.uchicago.edu/1001/org/ochre/274a23b9-84bb-4bd3-81b6-7f51caca42f3,dwgid15490.jpg,missing in dir_files
http://pi.lib.uchicago.edu/1001/org/ochre/d256f226-92c5-419d-a38b-f9b6aaccb7e4,dwgid15491.jpg,missing in dir_files
http://pi.lib.uchicago.edu/1001/org/ochre/b5a7f375-14fb-4087-8133-32f08da36b02,dwgid15492.jpg,missing in dir_files
http://pi.lib.uchicago.edu/1001/org/ochre/2c25d038-27c0-4904-a8c2-ae1b49b4ce19,dwgid16564.jpg,missing in dir_files
http://pi.lib.uchicago.edu/1001/org/ochre/da2ab510-a497-4ff4-b5d5-0c54fbd4480a,dwgid16565.jpg,missing in dir_files
http://pi.lib.uchicago.edu/1001/org/ochre/8f4e73b7-f0c5-4a7c-9730-9d49f2d86114,dwgid16566.jpg,missing in dir_files
http://pi.lib.uchicago.edu/1001/org/ochre/9146f988-14af-4573-aec1-563832f3cc39,dwgid16567.jpg,missing in dir_files
http://pi.lib.uchicago.edu/1001/org/ochre/8736c121-1024-4ee2-9352-d2f05589158b,dwgid16568.jpg,missing in dir_files
http://pi.lib.uchicago.edu/1001/org/ochre/009d0002-e0f5-4744-a297-9304e569c8f7,dwgid16569.jpg,missing in dir_files
http://pi.lib.uchicago.edu/1001/org/ochre/453e2341-51b2-45cd-acbd-e28795fa5c85,dwgid16570.jpg,missing in dir_files
http://pi.lib.uchicago.edu/1001/org/ochre/fc5706f4-918f-4313-b4b8-b0af82b0dcd9,dwgid16571.jpg,missing in dir_files
http://pi.lib.uchicago.edu/1001/org/ochre/03376ae2-bb20-4118-a120-4ff81b79fdc7,dwgid16572.jpg,missing in dir_files
http://pi.lib.uchicago.edu/1001/org/ochre/253e1029-30d0-4936-9c88-d247e2c039d5,dwgid16573.jpg,missing in dir_files
http://pi.lib.uchicago.edu/1001/org/ochre/56092a7b-0098-450c-a434-bf4366313a7e,dwgid16574.jpg,missing in dir_files
http://pi.lib.uchicago.edu/1001/org/ochre/612bb489-aaf4-493b-b693-78309254d1ed,dwgid16575.jpg,missing in dir_files
http://pi.lib.uchicago.edu/1001/org/ochre/fa066afd-3f78-4b2c-9c49-5766118dac24,dwgid16576.jpg,missing in dir_files
http://pi.lib.uchicago.edu/1001/org/ochre/4880b6bf-6f1a-4494-985f-eae18e236e1d,dwgid16577.jpg,missing in dir_files
http://pi.lib.uchicago.edu/1001/org/ochre/02374aa6-5c75-4020-9236-d5fd857cc76b,dwgid16578.jpg,missing in dir_files
http://pi.lib.uchicago.edu/1001/org/ochre/d7fc5bba-1345-48ac-9156-6703059cbab1,dwgid16579.jpg,missing in dir_files
http://pi.lib.uchicago.edu/1001/org/ochre/c941bb13-cac7-4d4f-8c6e-b70bab599520,dwgid16580.jpg,missing in dir_files
http://pi.lib.uchicago.edu/1001/org/ochre/8404157b-eadc-41fc-ac86-e8baa58d5071,dwgid16581.jpg,missing in dir_files
http://pi.lib.uchicago.edu/1001/org/ochre/cca584f5-50ad-4694-9235-8b73c82cb652,dwgid16582.jpg,missing in dir_files
http://pi.lib.uchicago.edu/1001/org/ochre/97e98705-3298-478b-9d84-d04ca30f1e26,dwgid18463.jpg,missing in dir_files
http://pi.lib.uchicago.edu/1001/org/ochre/3b441f8b-f3a1-4589-b233-c8f073ea7272,dwgid18464.jpg,missing in dir_files
http://pi.lib.uchicago.edu/1001/org/ochre/2f6138fd-93ab-41fe-b5de-531eb297c742,dwgid18465.jpg,missing in dir_files
http://pi.lib.uchicago.edu/1001/org/ochre/c64c7a87-d9e1-4be5-9428-7b2db7b654f3,dwgid18688.jpg,missing in dir_files
http://pi.lib.uchicago.edu/1001/org/ochre/1f093f79-0c78-4246-9a49-6b5be18707cc,dwgid18839.jpg,missing in dir_files
http://pi.lib.uchicago.edu/1001/org/ochre/3c3e8e0a-7a6f-46ec-b1c6-36aa0c4d0c05,dwgid18864.jpg,missing in dir_files
http://pi.lib.uchicago.edu/1001/org/ochre/d219e3b4-a34f-4e2c-8e3b-76418c6ef7d5,dwgid18865.jpg,missing in dir_files
http://pi.lib.uchicago.edu/1001/org/ochre/b539b514-730c-49fb-88b1-2f0377e3e428,dwgid19120.jpg,missing in dir_files
http://pi.lib.uchicago.edu/1001/org/ochre/58174da5-11fc-4e10-b7bf-ab1c7f571252,dwgid19121.jpg,missing in dir_files
http://pi.lib.uchicago.edu/1001/org/ochre/3e5d6ee3-8d35-4a67-b1c8-4cfb55967308,dwgid19122.jpg,missing in dir_files
http://pi.lib.uchicago.edu/1001/org/ochre/fd850460-8b7e-434c-8596-e1828c56ca30,dwgid19123.jpg,missing in dir_files
http://pi.lib.uchicago.edu/1001/org/ochre/2771d1e4-097c-418a-a477-c8367b65b26f,dwgid19124.jpg,missing in dir_files
http://pi.lib.uchicago.edu/1001/org/ochre/41079a25-274b-41b3-8c9a-bb428712f489,dwgid19176.jpg,missing in dir_files
http://pi.lib.uchicago.edu/1001/org/ochre/ac50c366-1f70-4966-8035-1ea23f59c126,dwgid19177.jpg,missing in dir_files
http://pi.lib.uchicago.edu/1001/org/ochre/ebcb5dc4-4716-475a-88c7-6ea3f5eb71c3,dwgid19178.jpg,missing in dir_files
http://pi.lib.uchicago.edu/1001/org/ochre/9f35856f-afb0-4c09-8d9a-e7aa1ef3b385,dwgid19179.jpg,missing in dir_files
http://pi.lib.uchicago.edu/1001/org/ochre/03c6560d-20b7-4f8b-910f-cd1123a8dc4b,dwgid19180.jpg,missing in dir_files
http://pi.lib.uchicago.edu/1001/org/ochre/6fdb78c1-f918-4700-8bfd-24a1ec431b3e,dwgid19181.jpg,missing in dir_files
http://pi.lib.uchicago.edu/1001/org/ochre/7f6f04d7-a5ff-4afc-a54d-b0e44f520184,dwgid19182.jpg,missing in dir_files
http://pi.lib.uchicago.edu/1001/org/ochre/f2402fbe-f06a-48de-bb63-a01d404fedf6,dwgid19183.jpg,missing in dir_files
http://pi.lib.uchicago.edu/1001/org/ochre/1d400695-6f77-4db4-9c26-5503db8e735d,dwgid19241.jpg,missing in dir_files
http://pi.lib.uchicago.edu/1001/org/ochre/9cf22ef7-979b-4045-9f57-1b62fc888543,dwgid19242.jpg,missing in dir_files
http://pi.lib.uchicago.edu/1001/org/ochre/d890610c-cb6d-4944-b4d7-67117fe7d55c,dwgid19493.jpg,missing in dir_files
http://pi.lib.uchicago.edu/1001/org/ochre/d1a7addc-910d-40ec-8480-1d603e8f34d1,dwgid19508.jpg,missing in dir_files
http://pi.lib.uchicago.edu/1001/org/ochre/b939b332-cfc2-4562-a404-88bca0119cab,dwgid19543.jpg,missing in dir_files
http://pi.lib.uchicago.edu/1001/org/ochre/47dcc98e-195a-4450-8bbd-9cd33faba27b,dwgid19690.jpg,missing in dir_files
http://pi.lib.uchicago.edu/1001/org/ochre/3253e6ec-c9d3-44d4-9c36-841634aa8af8,dwgid19800.jpg,missing in dir_files
http://pi.lib.uchicago.edu/1001/org/ochre/2893e5f0-f6d7-45b7-9ff5-a16b8d5d182b,dwgid19801.jpg,missing in dir_files
http://pi.lib.uchicago.edu/1001/org/ochre/bf7cb634-c10c-40f9-89b5-e59861146520,dwgid19802.jpg,missing in dir_files
http://pi.lib.uchicago.edu/1001/org/ochre/48bcf385-ff04-4dbd-b99d-80d391b46dde,dwgid19803.jpg,missing in dir_files
http://pi.lib.uchicago.edu/1001/org/ochre/e0cd6cc7-5731-44d6-a2dd-0102f49c6463,dwgid19804.jpg,missing in dir_files
http://pi.lib.uchicago.edu/1001/org/ochre/73545056-24cd-43be-9b5d-eab3d0221b0e,dwgid19809.jpg,missing in dir_files
http://pi.lib.uchicago.edu/1001/org/ochre/9270fd64-f7b7-4034-9f4c-551b9b0d668a,dwgid19810.jpg,missing in dir_files
http://pi.lib.uchicago.edu/1001/org/ochre/98ed8456-f577-416c-9374-8c57243f818f,dwgid19821.jpg,missing in dir_files
http://pi.lib.uchicago.edu/1001/org/ochre/cc8c10dd-8a9b-4178-b00f-57210001a0fe,dwgid19822.jpg,missing in dir_files
http://pi.lib.uchicago.edu/1001/org/ochre/144e5b47-9850-4a7b-a077-97489e6f4ce7,dwgid20104.jpg,missing in dir_files
http://pi.lib.uchicago.edu/1001/org/ochre/ea0d68a5-5626-4516-bbb5-c0a7ad9e3ce0,dwgid20105.jpg,missing in dir_files
http://pi.lib.uchicago.edu/1001/org/ochre/9ca73549-f4ea-41aa-9a34-76a175d101fe,dwgid20106.jpg,missing in dir_files
http://pi.lib.uchicago.edu/1001/org/ochre/8f1292ab-6d06-4b3e-9726-cc5ff8623dd0,dwgid20107.jpg,missing in dir_files
http://pi.lib.uchicago.edu/1001/org/ochre/d83e2011-42fb-4ea5-acaa-e72d35d9fdb9,dwgid20108.jpg,missing in dir_files
http://pi.lib.uchicago.edu/1001/org/ochre/5fb65de2-aec1-437b-b685-a50a12ff583b,dwgid20109.jpg,missing in dir_files
http://pi.lib.uchicago.edu/1001/org/ochre/8353e603-f577-4d04-b5f4-7fd6eadded84,dwgid20110.jpg,missing in dir_files
http://pi.lib.uchicago.edu/1001/org/ochre/cea8fc1e-56c9-4514-a361-9a4bdc3dd026,dwgid20111.jpg,missing in dir_files
http://pi.lib.uchicago.edu/1001/org/ochre/c4b22291-e80b-4837-a052-b614ce40d66d,dwgid20112.jpg,missing in dir_files
http://pi.lib.uchicago.edu/1001/org/ochre/8880f366-4caf-4c52-ae05-af137f5cb9ea,dwgid20113.jpg,missing in dir_files
http://pi.lib.uchicago.edu/1001/org/ochre/3ec97356-ef9a-49cc-9cf9-71d809af902a,dwgid20114.jpg,missing in dir_files
http://pi.lib.uchicago.edu/1001/org/ochre/82e47863-23eb-49c8-b41d-b1f6dea54b54,dwgid20115.jpg,missing in dir_files
http://pi.lib.uchicago.edu/1001/org/ochre/19c1b70f-0b7c-494f-a56d-cefd7cc25618,dwgid20116.jpg,missing in dir_files
http://pi.lib.uchicago.edu/1001/org/ochre/b0ee503f-7b80-4b29-9ab3-ff775334785f,dwgid20117.jpg,missing in dir_files
http://pi.lib.uchicago.edu/1001/org/ochre/1a6eca3f-c8b8-445d-8b33-d581c77408df,dwgid20118.jpg,missing in dir_files
http://pi.lib.uchicago.edu/1001/org/ochre/4d19842f-99ba-4de8-aa1b-0195585a7e46,dwgid20119.jpg,missing in dir_files
http://pi.lib.uchicago.edu/1001/org/ochre/0510c1bd-bb9c-4a0f-bc69-e35d00ac2e04,dwgid20120.jpg,missing in dir_files
http://pi.lib.uchicago.edu/1001/org/ochre/e66341d3-3189-4bcf-a2d5-fd37b0aa21af,dwgid20121.jpg,missing in dir_files
http://pi.lib.uchicago.edu/1001/org/ochre/52e66b1e-5f49-4e89-8734-e575c1e05c2a,dwgid20122.jpg,missing in dir_files
http://pi.lib.uchicago.edu/1001/org/ochre/16113e9d-95f7-4b34-8989-da76cf778d96,dwgid20123.jpg,missing in dir_files
http://pi.lib.uchicago.edu/1001/org/ochre/3df153bf-d3e3-45f4-9e25-3cb1dbdaa785,dwgid20124.jpg,missing in dir_files
http://pi.lib.uchicago.edu/1001/org/ochre/4d7d665c-1723-4c40-9ece-dac68034c2fe,dwgid20125.jpg,missing in dir_files
http://pi.lib.uchicago.edu/1001/org/ochre/cf9bf94e-51c0-4613-a9ae-3b173c459956,dwgid20126.jpg,missing in dir_files
http://pi.lib.uchicago.edu/1001/org/ochre/8a485c0d-aa81-45a1-b187-ad2e55ccca6d,dwgid20127.jpg,missing in dir_files
http://pi.lib.uchicago.edu/1001/org/ochre/10b70f14-1aa9-42af-8ec8-d93f06b7c61f,dwgid20128.jpg,missing in dir_files
http://pi.lib.uchicago.edu/1001/org/ochre/34cda6ab-f5fd-41d5-af05-917c2b5a2dac,dwgid20129.jpg,missing in dir_files
http://pi.lib.uchicago.edu/1001/org/ochre/3d8ded64-3a52-45cb-9f5f-f21294728956,dwgid20130.jpg,missing in dir_files
http://pi.lib.uchicago.edu/1001/org/ochre/7f0b6019-02ed-41a9-9098-9b808bd337be,dwgid20131.jpg,missing in dir_files
http://pi.lib.uchicago.edu/1001/org/ochre/5cbff258-1a6d-4a8f-94bc-76c67cdfdee7,dwgid20132.jpg,missing in dir_files
http://pi.lib.uchicago.edu/1001/org/ochre/ad6a684c-cdb3-4e7d-a524-37f2dee29b10,dwgid20133.jpg,missing in dir_files
http://pi.lib.uchicago.edu/1001/org/ochre/a000d0d9-c2db-458a-a548-70af35ab0664,dwgid20134.jpg,missing in dir_files
http://pi.lib.uchicago.edu/1001/org/ochre/a86861dc-cafb-476a-8bcb-79e46b6dd473,dwgid20135.jpg,missing in dir_files
http://pi.lib.uchicago.edu/1001/org/ochre/c64309a4-317c-45d9-9af9-56ce9696d360,dwgid20519.jpg,missing in dir_files
http://pi.lib.uchicago.edu/1001/org/ochre/b1cddb96-d35b-4477-9da8-c177ee97137e,dwgid20530.jpg,missing in dir_files
http://pi.lib.uchicago.edu/1001/org/ochre/9f16de75-0efe-448f-b2c4-e42d8d78177d,dwgid20547.jpg,missing in dir_files
http://pi.lib.uchicago.edu/1001/org/ochre/2a896060-6e11-4d0b-babc-5abd2e3eea50,dwgid21244.jpg,missing in dir_files
http://pi.lib.uchicago.edu/1001/org/ochre/bd570e1f-4e6e-4e62-a209-d9736e55210f,dwgid21399.jpg,missing in dir_files
http://pi.lib.uchicago.edu/1001/org/ochre/97d52aef-84f3-44ba-8ac3-3b1af673038e,dwgid21400.jpg,missing in dir_files
http://pi.lib.uchicago.edu/1001/org/ochre/d85d3bae-2ad7-4cd2-9f46-1cb5285f4b58,dwgid21401.jpg,missing in dir_files
http://pi.lib.uchicago.edu/1001/org/ochre/54fff441-be69-4f7d-9c6d-8d1136536fe4,dwgid21402.jpg,missing in dir_files
http://pi.lib.uchicago.edu/1001/org/ochre/30ca4119-40d4-461f-982e-b352eb46ee5f,dwgid21403.jpg,missing in dir_files
http://pi.lib.uchicago.edu/1001/org/ochre/8cfecbe3-ad43-4648-9ae2-e7658fc2b7fe,dwgid21404.jpg,missing in dir_files
http://pi.lib.uchicago.edu/1001/org/ochre/ba2c2df1-9a14-404d-8506-404238fff098,dwgid21405.jpg,missing in dir_files
http://pi.lib.uchicago.edu/1001/org/ochre/131c3c82-a562-436f-8e82-ac371830e6ab,dwgid21520.jpg,missing in dir_files
http://pi.lib.uchicago.edu/1001/org/ochre/63de1446-ebba-491a-baad-f63a56b08b29,dwgid21521.jpg,missing in dir_files
http://pi.lib.uchicago.edu/1001/org/ochre/9387e4ed-06ea-41e2-98fa-99fc233285b0,dwgid21522.jpg,missing in dir_files
http://pi.lib.uchicago.edu/1001/org/ochre/b4a37f43-52ad-4059-b35e-e566581a58fa,dwgid21523.jpg,missing in dir_files
http://pi.lib.uchicago.edu/1001/org/ochre/9abad4c1-675e-4f39-98ad-45ff54d5ca91,dwgid21524.jpg,missing in dir_files
http://pi.lib.uchicago.edu/1001/org/ochre/a44fe6a6-9bc3-4644-ae78-762052b7c5a5,dwgid21525.jpg,missing in dir_files
http://pi.lib.uchicago.edu/1001/org/ochre/ab922ce2-f35f-4b32-bcec-158c7c7a9743,dwgid21526.jpg,missing in dir_files
http://pi.lib.uchicago.edu/1001/org/ochre/e0f63caa-388f-46a9-8ea7-9857d04d94bb,dwgid21527.jpg,missing in dir_files
http://pi.lib.uchicago.edu/1001/org/ochre/6625d195-bf43-42d9-b7e4-434111e21125,dwgid21618.jpg,missing in dir_files
http://pi.lib.uchicago.edu/1001/org/ochre/1798c35d-3763-47fc-a512-b1538d3b5224,dwgid21641.jpg,missing in dir_files
http://pi.lib.uchicago.edu/1001/org/ochre/aef99091-ff51-4a23-af52-8ba5d15c6e63,dwgid21642.jpg,missing in dir_files
http://pi.lib.uchicago.edu/1001/org/ochre/61c747a7-2f0a-40ce-8ddb-1fb70935550f,dwgid21830.jg,missing in dir_files
http://pi.lib.uchicago.edu/1001/org/ochre/3f6a974e-f1fd-496f-8573-319c2fe7643c,dwgid22988.jpg,missing in dir_files
http://pi.lib.uchicago.edu/1001/org/ochre/c3873afd-b4e4-4227-bebb-5e5aa8734428,dwgid22989.jpg,missing in dir_files
http://pi.lib.uchicago.edu/1001/org/ochre/bde4646a-971e-4fb1-9705-7e6dc0a47444,dwgid22990.jpg,missing in dir_files
http://pi.lib.uchicago.edu/1001/org/ochre/9f83103f-f46b-40e1-b623-24cbd9eda57d,dwgid23109.jpg,missing in dir_files
http://pi.lib.uchicago.edu/1001/org/ochre/a8da9cd4-b598-4654-ad1a-dc6c6fb063c8,dwgid23111.jpg,missing in dir_files
http://pi.lib.uchicago.edu/1001/org/ochre/2ce2ab30-99c2-46e3-ae35-910543cbafaa,dwgid23147.jpg,missing in dir_files
http://pi.lib.uchicago.edu/1001/org/ochre/5572a09b-d310-4cc1-a687-ee404366a33d,dwgid23167.jpg,missing in dir_files
http://pi.lib.uchicago.edu/1001/org/ochre/6fd89930-ddad-4327-adae-eae19eb9e9e6,dwgid23168.jpg,missing in dir_files
http://pi.lib.uchicago.edu/1001/org/ochre/198f29d1-545a-47d3-9745-222784f99f87,dwgid23173.jpg,missing in dir_files
http://pi.lib.uchicago.edu/1001/org/ochre/025e3c97-05b4-402f-975b-6e0a5d3a2058,dwgid23174.jpg,missing in dir_files
http://pi.lib.uchicago.edu/1001/org/ochre/de560c33-cb7c-4d33-ba40-dd202f374a44,dwgid23181.jpg,missing in dir_files
http://pi.lib.uchicago.edu/1001/org/ochre/c8b5f7d4-78ef-4e4a-acf3-1dbc0b747912,dwgid23186.jpg,missing in dir_files
http://pi.lib.uchicago.edu/1001/org/ochre/b4af0f46-147a-4d4a-b789-cec06f2bc679,dwgid23187.jpg,missing in dir_files
http://pi.lib.uchicago.edu/1001/org/ochre/c74c8443-bd9f-4a51-b057-6b5a539de082,dwgid23231.jpg,missing in dir_files
http://pi.lib.uchicago.edu/1001/org/ochre/24a002c8-3f6f-41f9-a70e-18e409e1cf9f,dwgid23233.jpg,missing in dir_files
http://pi.lib.uchicago.edu/1001/org/ochre/48d373f4-2873-4197-92e8-b89314b3c538,dwgid23241.jpg,missing in dir_files
http://pi.lib.uchicago.edu/1001/org/ochre/009e1b54-b882-4119-af48-b736cc13dac2,dwgid23244.jpg,missing in dir_files
http://pi.lib.uchicago.edu/1001/org/ochre/4fdcbe6f-ec9a-454f-a599-414c4cbddad7,dwgid23429.jpg,missing in dir_files
http://pi.lib.uchicago.edu/1001/org/ochre/d9488008-82a8-453c-b5fe-ff39cf85ca99,dwgid23831.jpg,missing in dir_files
http://pi.lib.uchicago.edu/1001/org/ochre/8bdbb3e4-e832-4945-b1a7-dcfd9dee0411,dwgid24003.jpg,missing in dir_files
http://pi.lib.uchicago.edu/1001/org/ochre/c0762a41-bb7d-4d96-8d10-17af5c94623f,dwgid24004.jpg,missing in dir_files
http://pi.lib.uchicago.edu/1001/org/ochre/85078cf3-7559-46a9-86df-c189d61c3c13,dwgid24005.jpg,missing in dir_files
http://pi.lib.uchicago.edu/1001/org/ochre/8f121667-b5f7-4504-a5a8-1e0edba584ff,dwgid24275.jpg,missing in dir_files
http://pi.lib.uchicago.edu/1001/org/ochre/bbf4811c-9df1-493b-bbe6-70b2e6c76e0c,dwgid24470.jpg,missing in dir_files
http://pi.lib.uchicago.edu/1001/org/ochre/4147098c-8226-42b9-b912-307169838b2f,dwgid24589.jpg,missing in dir_files
http://pi.lib.uchicago.edu/1001/org/ochre/58df283b-cc1c-416e-8266-f370fed82a26,dwgid24590.jpg,missing in dir_files
http://pi.lib.uchicago.edu/1001/org/ochre/9c779c81-98bf-402a-b9ee-95cac229f188,dwgid25065.jpg,missing in dir_files
http://pi.lib.uchicago.edu/1001/org/ochre/3ca94d52-0e25-4976-8e79-b2bf729f98d1,dwgid25862.jpg,missing in dir_files
http://pi.lib.uchicago.edu/1001/org/ochre/955349cd-61a9-4011-ae8f-83f23e10ef7a,dwgid25988.jpg,missing in dir_files
http://pi.lib.uchicago.edu/1001/org/ochre/a549663c-4d01-4ba4-93ff-7daec9609695,dwgid25991.jpg,missing in dir_files
http://pi.lib.uchicago.edu/1001/org/ochre/e2f9d470-6852-44bc-85ae-94f3b0221abf,dwgid25992.jpg,missing in dir_files
http://pi.lib.uchicago.edu/1001/org/ochre/4c056f4e-4745-42f2-8f5c-1259d5dea777,dwgid25993.jpg,missing in dir_files
http://pi.lib.uchicago.edu/1001/org/ochre/093f8abc-d199-4bc1-9ae0-fe5915fea3f0,dwgid25994.jpg,missing in dir_files
http://pi.lib.uchicago.edu/1001/org/ochre/f2857390-62de-4fcb-931b-7e9893aecec6,dwgid25995.jpg,missing in dir_files
http://pi.lib.uchicago.edu/1001/org/ochre/6a30577f-d8f9-49f6-97b7-730c4ca71114,dwgid25996.jpg,missing in dir_files
http://pi.lib.uchicago.edu/1001/org/ochre/47405129-1be6-4792-90c5-3dad805d1a99,dwgid25998.jpg,missing in dir_files
http://pi.lib.uchicago.edu/1001/org/ochre/300c6b90-adbe-407d-bc37-0325079f5c4b,dwgid25999.jpg,missing in dir_files
http://pi.lib.uchicago.edu/1001/org/ochre/8ff7fdb8-0954-42db-993f-5857131e3213,dwgid26059.jpeg,missing in dir_files
http://pi.lib.uchicago.edu/1001/org/ochre/7608df93-4d61-4e37-9aa6-6361d49ef491,dwgid26061.jpeg,missing in dir_files
http://pi.lib.uchicago.edu/1001/org/ochre/fa5d477f-8d4a-4a45-8ba3-ec57e25e4ca0,dwgid26062.jpeg,missing in dir_files
http://pi.lib.uchicago.edu/1001/org/ochre/258ea476-dfbf-4e5d-9078-a17ca0113fcf,dwgid26063.jpeg,missing in dir_files
http://pi.lib.uchicago.edu/1001/org/ochre/4d93765f-3d20-424a-8d32-dd8f70a326ec,dwgid26065.jpeg,missing in dir_files
http://pi.lib.uchicago.edu/1001/org/ochre/149811c0-fe19-45cc-8de4-d75982d0d253,dwgid26224.jpg,missing in dir_files
http://pi.lib.uchicago.edu/1001/org/ochre/3e72a04a-4924-4d93-b030-c9bd861a6b87,dwgid26225.jpg,missing in dir_files
http://pi.lib.uchicago.edu/1001/org/ochre/3577e87d-08b9-4eb6-b5f4-d81a66105b23,dwgid26226.jpg,missing in dir_files
http://pi.lib.uchicago.edu/1001/org/ochre/833e4835-6849-4916-be80-1b5c2abb0ed4,dwgid26227.jpg,missing in dir_files
http://pi.lib.uchicago.edu/1001/org/ochre/64a59f1b-d2e5-461e-a193-e774cdc287ba,dwgid26228.jpg,missing in dir_files
http://pi.lib.uchicago.edu/1001/org/ochre/49fae51b-0b1e-4311-bb08-d4af63736404,dwgid26229.jpg,missing in dir_files
http://pi.lib.uchicago.edu/1001/org/ochre/b02ec82f-aff8-4f48-9842-64e66c731a27,dwgid26230.jpg,missing in dir_files
http://pi.lib.uchicago.edu/1001/org/ochre/f6ffff86-b3c1-4049-9d15-b05be0ce92de,dwgid26231.jpg,missing in dir_files
http://pi.lib.uchicago.edu/1001/org/ochre/bb336163-d108-4f26-8997-a8973002bdc6,dwgid26232.jpg,missing in dir_files
http://pi.lib.uchicago.edu/1001/org/ochre/d94d693e-7a09-4d9e-891a-6d94aaf195b2,dwgid26233.jpg,missing in dir_files
http://pi.lib.uchicago.edu/1001/org/ochre/b8fc4315-7710-4de1-8e48-f220272cca9a,dwgid26234.jpg,missing in dir_files
http://pi.lib.uchicago.edu/1001/org/ochre/a1c5ee82-ee79-459e-b025-1c79deaf3421,dwgid26235.jpg,missing in dir_files
http://pi.lib.uchicago.edu/1001/org/ochre/be3d6b36-01fa-409a-91fd-77c81861ff62,dwgid26236.jpg,missing in dir_files
http://pi.lib.uchicago.edu/1001/org/ochre/bbdcd667-ae1a-4c50-8b6e-4b6f83f0ef6a,dwgid26442.jpg,missing in dir_files
http://pi.lib.uchicago.edu/1001/org/ochre/c0acc331-23ab-4c77-a11b-26bf4f91fd3b,dwgid26443.jpg,missing in dir_files
http://pi.lib.uchicago.edu/1001/org/ochre/e304a55c-6f83-471f-a231-774457b105f6,dwgid26444.jpg,missing in dir_files
http://pi.lib.uchicago.edu/1001/org/ochre/19f78804-17ec-4af1-a179-21ed96398060,dwgid26445.jpg,missing in dir_files
http://pi.lib.uchicago.edu/1001/org/ochre/ebffa2bc-c9b7-4c5f-85f7-dabe0da94589,dwgid26447.jpg,missing in dir_files
http://pi.lib.uchicago.edu/1001/org/ochre/2c888fa8-ff81-4df6-a610-2d48cd5a8045,http://ochre.wheaton.edu/ashkelon%20ochre%20preview%20data/ashkelon%20jpeg%20illustrations/dwgid23236.jpg,missing in dir_files
http://pi.lib.uchicago.edu/1001/org/ochre/49df8d40-4752-40f3-9bf5-5dc8e9e42caa,,missing in dir_files
http://pi.lib.uchicago.edu/1001/org/ochre/c9fc943b-5a83-4b7a-ace2-a2fa7e5aee17,,missing in dir_files
http://pi.lib.uchicago.edu/1001/org/ochre/0f6efb98-ca04-4711-b8fa-4e7e049591fc,,missing in dir_files
http://pi.lib.uchicago.edu/1001/org/ochre/2a9b2304-5539-4162-a46c-2a6ef079b549,,missing in dir_files
http://pi.lib.uchicago.edu/1001/org/ochre/9b6b1172-0e28-474a-be8a-3e619736e89a,,missing in dir_files
http://pi.lib.uchicago.edu/1001/org/ochre/4ad15349-f105-4b82-8a36-afdad1d23936,,missing in dir_files
http://pi.lib.uchicago.edu/1001/org/ochre/f3c059b5-4acd-4b56-b318-42cb50c14f15,,missing in dir_files
http://pi.lib.uchicago.edu/1001/org/ochre/150183f3-0892-41aa-bf17-2b76826a2a3a,,missing in dir_files
http://pi.lib.uchicago.edu/1001/org/ochre/ab039fd2-050c-4943-8fd7-2002cedd4b92,,missing in dir_files
http://pi.lib.uchicago.edu/1001/org/ochre/a202787c-3edc-4009-805b-d3ad7a91469b,,missing in dir_files
http://pi.lib.uchicago.edu/1001/org/ochre/4e4b2735-ca02-4898-93e1-f8b910c06f0c,,missing in dir_files
http://pi.lib.uchicago.edu/1001/org/ochre/68c15670-e7ac-47f7-bc3c-d39eb348448d,,missing in dir_files
http://pi.lib.uchicago.edu/1001/org/ochre/0c9e4232-5b15-40a4-9523-04bad34d6362,,missing in dir_files
http://pi.lib.uchicago.edu/1001/org/ochre/f01f3a8f-e7bd-4ac6-be64-b34fcf7b758c,,missing in dir_files
http://pi.lib.uchicago.edu/1001/org/ochre/01a158bd-fb05-4810-8003-5f3b5d5ec036,,missing in dir_files
http://pi.lib.uchicago.edu/1001/org/ochre/254166de-5ca5-4a9a-8edb-c569288f7754,,missing in dir_files
http://pi.lib.uchicago.edu/1001/org/ochre/0e4aa8ff-b1ec-41dd-a87b-e5d2e932dc8c,,missing in dir_files
http://pi.lib.uchicago.edu/1001/org/ochre/0c5348dd-8bb7-42d8-a20f-c3eacaa75a31,,missing in dir_files
http://pi.lib.uchicago.edu/1001/org/ochre/a717ee4a-d63e-444f-a871-10e007581054,,missing in dir_files
http://pi.lib.uchicago.edu/1001/org/ochre/2b0815e1-98d2-4db6-8d7d-6abcf12a0456,,missing in dir_files
http://pi.lib.uchicago.edu/1001/org/ochre/d88dc076-f4e0-4ef7-bb72-beba1384d78a,,missing in dir_files
http://pi.lib.uchicago.edu/1001/org/ochre/ec6073e7-dff4-46e7-b36a-2ff37c397b91,,missing in dir_files
http://pi.lib.uchicago.edu/1001/org/ochre/caab572d-3baf-44b7-9b49-3215e7a770b9,,missing in dir_files
http://pi.lib.uchicago.edu/1001/org/ochre/f30a44f8-7647-4f52-bb1e-03007270d796,,missing in dir_files
http://pi.lib.uchicago.edu/1001/org/ochre/829caf45-de76-4b79-b014-edaef9d5a101,,missing in dir_files
http://pi.lib.uchicago.edu/1001/org/ochre/02ae419f-9082-4826-acb2-18781a279acb,,missing in dir_files
http://pi.lib.uchicago.edu/1001/org/ochre/7ef25a1b-be4d-430a-a66f-5c64a0842daa,,missing in dir_files
http://pi.lib.uchicago.edu/1001/org/ochre/1e5747e5-9dd9-4793-b761-3851b6f7be82,,missing in dir_files
http://pi.lib.uchicago.edu/1001/org/ochre/60437163-4ce0-455a-affb-8c39bfa484f0,,missing in dir_files
http://pi.lib.uchicago.edu/1001/org/ochre/66314aca-447d-41bd-87f8-94523033f53b,,missing in dir_files
http://pi.lib.uchicago.edu/1001/org/ochre/0434efe0-7d5e-4dad-8238-e3d76d0bec19,,missing in dir_files
http://pi.lib.uchicago.edu/1001/org/ochre/7e9d6280-e87d-441b-89c1-dd78e4197228,,missing in dir_files
http://pi.lib.uchicago.edu/1001/org/ochre/1e834d89-6800-491b-b174-59f887a249e0,,missing in dir_files