ochre_metadata,filename
http://pi.lib.uchicago.edu/1001/org/ochre/a306ee99-7ab1-d923-bc1c-196208052b63,A00_12915a.jpg
http://pi.lib.uchicago.edu/1001/org/ochre/c6eee014-05cc-38ca-d450-1a24d82bc6ed,A00_12916a.jpg
http://pi.lib.uchicago.edu/1001/org/ochre/6c571a39-1053-1d36-4a76-33da004c5e3f,A00_12916b.jpg
http://pi.lib.uchicago.edu/1001/org/ochre/cadd0504-54b8-8537-b30f-135edd9130a3,A00_12917a.jpg
http://pi.lib.uchicago.edu/1001/org/ochre/321ac384-76b8-ea57-e5c1-cdd6ee091904,A00_12917b.jpg
http://pi.lib.uchicago.edu/1001/org/ochre/da86f832-fc68-7b6d-ba30-ebd4ab61de8a,A00_12918a.jpg
http://pi.lib.uchicago.edu/1001/org/ochre/a8c7144f-f286-bcd7-42bc-1da62b6ada8d,A00_12918b.jpg
http://pi.lib.uchicago.edu/1001/org/ochre/77540d9b-3a07-5f85-f6a2-cadf67f95af3,A00_12920a.jpg
http://pi.lib.uchicago.edu/1001/org/ochre/db972a06-e234-2a1e-5c76-b816e450fa78,A00_12920b.jpg
http://pi.lib.uchicago.edu/1001/org/ochre/1bb63096-5f3c-87d4-7984-10f3724aac05,A00_12921a.jpg
http://pi.lib.uchicago.edu/1001/org/ochre/ae0b1d3f-ec0c-376a-4987-4f52950980e1,A00_12921b.jpg
http://pi.lib.uchicago.edu/1001/org/ochre/c289454e-9fed-a815-7c0b-f4d0ffd6a93a,A00_12922a.jpg
http://pi.lib.uchicago.edu/1001/org/ochre/659d20d5-163a-0741-cb1c-b6e50803749e,A00_12922b.jpg
http://pi.lib.uchicago.edu/1001/org/ochre/6b2370b0-8398-6fb3-f940-c78f9de3c540,A00_12929a.jpg
http://pi.lib.uchicago.edu/1001/org/ochre/54075573-55cc-46d6-bde4-637adf4e4b29,A00_12947.jpg
http://pi.lib.uchicago.edu/1001/org/ochre/15759f7e-3df4-08fb-1bf5-cff3df078592,A00_13006a.jpg
http://pi.lib.uchicago.edu/1001/org/ochre/5c5e7f5b-7f4f-5876-e4c6-07a31ae6dffa,A00_13052c.jpg
http://pi.lib.uchicago.edu/1001/org/ochre/e631bd27-9de0-f4e0-ebbd-a2b9d30174c6,A00_13054a.jpg
http://pi.lib.uchicago.edu/1001/org/ochre/b0fe67e5-24d1-9365-5012-423867bda801,A00_13054b.jpg
http://pi.lib.uchicago.edu/1001/org/ochre/0adbe5da-f45b-22bc-b544-8b272bf15cc6,A00_13055a.jpg
http://pi.lib.uchicago.edu/1001/org/ochre/e6dfaa1d-4d40-3f9a-46e4-f81ce058b5d0,A00_13055b.jpg
http://pi.lib.uchicago.edu/1001/org/ochre/9daeef2e-c445-abd7-d3e9-d7401068807e,A00_13057a.jpg
http://pi.lib.uchicago.edu/1001/org/ochre/028acd87-3dec-f413-52b2-f2cc45a491a1,A00_13057b.jpg
http://pi.lib.uchicago.edu/1001/org/ochre/27dd7b1d-b6f0-4414-c83e-5f9fb3497309,A00_13057c.jpg
http://pi.lib.uchicago.edu/1001/org/ochre/fdf28976-714b-a489-27d6-31764299ede5,A00_13057d.jpg
http://pi.lib.uchicago.edu/1001/org/ochre/540990d9-cf1c-e462-dbf6-827c8d347cef,A00_13057e.jpg
http://pi.lib.uchicago.edu/1001/org/ochre/1ff79336-24ca-918a-5161-92bf6756a7ec,A00_13058a.jpg
http://pi.lib.uchicago.edu/1001/org/ochre/22833169-53fc-1dd3-45fe-a31a710499c0,A00_13058b.jpg
http://pi.lib.uchicago.edu/1001/org/ochre/7024b9f6-0cf9-90d5-6f12-cbb9ae7efc7d,A00_13058c.jpg
http://pi.lib.uchicago.edu/1001/org/ochre/41afdd22-9e37-07c2-beb7-f295572f6e6a,A00_13059a.jpg
http://pi.lib.uchicago.edu/1001/org/ochre/644084ea-b8fc-4b5f-08f0-e5053f642cb7,A00_13059b.jpg
http://pi.lib.uchicago.edu/1001/org/ochre/6a05e64f-5397-497f-3a6f-300665cc7ad6,A00_13059c.jpg
http://pi.lib.uchicago.edu/1001/org/ochre/aff60768-faa0-6341-576a-a0ba0d9a0889,A00_13059d.jpg
http://pi.lib.uchicago.edu/1001/org/ochre/d1af462a-52fa-df07-226c-20e3983f7fda,A00_13059e.jpg
http://pi.lib.uchicago.edu/1001/org/ochre/ff9b3507-f66c-9535-7e25-6add1d0ae452,A00_13059f.jpg
http://pi.lib.uchicago.edu/1001/org/ochre/b7c01336-730e-7b87-984a-469e3d958f27,A00_13060a.jpg
http://pi.lib.uchicago.edu/1001/org/ochre/059ff0df-a53c-437d-76c8-ca92d7ee2151,A00_13060b.jpg
http://pi.lib.uchicago.edu/1001/org/ochre/d60c4e0a-1012-1fa6-440c-d59d405cda88,A00_13060c.jpg
http://pi.lib.uchicago.edu/1001/org/ochre/632d1013-713d-e665-95e5-f9264df54adc,A00_13062a.jpg
http://pi.lib.uchicago.edu/1001/org/ochre/7579a387-89ae-2983-db08-f6827e81d27d,A00_13062b.jpg
http://pi.lib.uchicago.edu/1001/org/ochre/1275aed0-28c7-5de8-56b0-f79a819c8a87,A00_13063a.jpg
http://pi.lib.uchicago.edu/1001/org/ochre/15a6ec96-b0a0-30c5-e2a7-e8b148bb3b89,A00_13063b.jpg
http://pi.lib.uchicago.edu/1001/org/ochre/63e68850-20e8-0720-bfb9-d8a0b7ebf0b7,A00_13063c.jpg
http://pi.lib.uchicago.edu/1001/org/ochre/6ad028b1-aa21-ef2f-0cab-4c4372fb57f5,A00_13064a.jpg
http://pi.lib.uchicago.edu/1001/org/ochre/76a051f3-069c-b124-a76d-4da2ac0e4243,A00_13064b.jpg
http://pi.lib.uchicago.edu/1001/org/ochre/182fd575-962d-29e7-7fff-b2d70d276283,A00_13064c.jpg
http://pi.lib.uchicago.edu/1001/org/ochre/109e9f6e-aae3-df3c-d4ae-8d72b67548be,A00_13065a.jpg
http://pi.lib.uchicago.edu/1001/org/ochre/0b1c8d65-6be1-2913-ab75-28bf5fed46cf,A00_13065b.jpg
http://pi.lib.uchicago.edu/1001/org/ochre/d7afd45f-a12d-abec-9d6a-d8f053d21ff9,A00_13065c.jpg
http://pi.lib.uchicago.edu/1001/org/ochre/f61704b9-4545-63ea-ff2d-58880264f163,A00_13066a.jpg
http://pi.lib.uchicago.edu/1001/org/ochre/360a99a7-cec2-5a58-335e-bc4a54981f79,A00_13066b.jpg
http://pi.lib.uchicago.edu/1001/org/ochre/d276b7f0-a539-5d28-e540-0c98a94c855a,A00_13066c.jpg
http://pi.lib.uchicago.edu/1001/org/ochre/106d499d-cd44-4e16-8a89-911f78162ad2,A00_13067a.jpg
http://pi.lib.uchicago.edu/1001/org/ochre/2312ee5c-4303-38af-f28f-e1e4ffe5f2c6,A00_13067b.jpg
http://pi.lib.uchicago.edu/1001/org/ochre/6bfc2556-7f2b-29b8-a6e9-bbabf20101e4,A00_13067c.jpg
http://pi.lib.uchicago.edu/1001/org/ochre/ea72ea6c-e47b-a536-d9ee-8a95ac1eebd3,A00_13079a.jpg
http://pi.lib.uchicago.edu/1001/org/ochre/fc46a990-5ab3-d6ab-1582-9b7f6500898b,A00_13079b.jpg
http://pi.lib.uchicago.edu/1001/org/ochre/cefc70e1-a2b6-1e88-dd43-d5ecc37c6c9f,A00_13087b.jpg
http://pi.lib.uchicago.edu/1001/org/ochre/6286354d-0d7b-6e40-25df-095811e99a3f,A00_13096.jpg
http://pi.lib.uchicago.edu/1001/org/ochre/b3d824ca-a190-5651-6c46-55a41718904d,A00_13097.jpg
http://pi.lib.uchicago.edu/1001/org/ochre/edd68d81-522a-6031-52ab-96813a8445f9,A00_13106.jpg
http://pi.lib.uchicago.edu/1001/org/ochre/6af560c2-5d48-3deb-eb6b-ad41e180b1a3,A00_13164a.jpg
http://pi.lib.uchicago.edu/1001/org/ochre/eb1fe4cb-e727-c3a5-ef64-f17a45d4b5bd,A00_13164b.jpg
http://pi.lib.uchicago.edu/1001/org/ochre/6742f8d1-1229-1ed1-ab42-0a4d1a8c8dbe,A00_13179a.jpg
http://pi.lib.uchicago.edu/1001/org/ochre/f80f0306-5d4b-4629-2b46-5285c9fc4721,A00_13179b.jpg
http://pi.lib.uchicago.edu/1001/org/ochre/528906bb-1d11-832c-5dca-11d8601c041a,A00_13179c.jpg
http://pi.lib.uchicago.edu/1001/org/ochre/467bbdc1-d80c-8261-dffa-16f4f48a2e7f,A00_13179d.jpg
http://pi.lib.uchicago.edu/1001/org/ochre/9fd8396f-2522-9993-c116-38d1b9e80e7b,A00_13181a.jpg
http://pi.lib.uchicago.edu/1001/org/ochre/ef281f0a-7ce0-67ab-c3cb-ebcc8a378057,A00_13181b.jpg
http://pi.lib.uchicago.edu/1001/org/ochre/0cabdf40-70dd-0c64-48be-c4c032d8bf93,A00_13181c.jpg
http://pi.lib.uchicago.edu/1001/org/ochre/8c082784-3437-1537-71ba-9135913a7b31,A00_13182a.jpg
http://pi.lib.uchicago.edu/1001/org/ochre/daa0b498-d902-3136-1be4-90a267ef41f5,A00_13182b.jpg
http://pi.lib.uchicago.edu/1001/org/ochre/8ec2a3d2-7eef-5211-11bc-ef5b93fc80e0,A00_13183a.jpg
http://pi.lib.uchicago.edu/1001/org/ochre/81d14e77-bc51-7455-3966-61d5d8fba578,A00_13183b.jpg
http://pi.lib.uchicago.edu/1001/org/ochre/98660df3-858b-71ef-35d6-88596dedb18b,A00_13183c.jpg
http://pi.lib.uchicago.edu/1001/org/ochre/516809fe-20c6-774e-19ec-812b9a951f1b,A00_13184a.jpg
http://pi.lib.uchicago.edu/1001/org/ochre/5de5f48f-26cb-f294-a958-15e5370d0483,A00_13184b.jpg
http://pi.lib.uchicago.edu/1001/org/ochre/a73d3094-e459-eb32-bb1f-204f3c5fafcb,A00_13188a.jpg
http://pi.lib.uchicago.edu/1001/org/ochre/4c1d3a8c-a52c-d660-e86c-cb3dcc515c8e,A00_13188b.jpg
http://pi.lib.uchicago.edu/1001/org/ochre/8953c7d6-038f-0bab-073b-56a56fa10528,A00_13192a.jpg
http://pi.lib.uchicago.edu/1001/org/ochre/631e70d0-3859-5b29-a1d6-74bbfa1a69d7,A00_13192b.jpg
http://pi.lib.uchicago.edu/1001/org/ochre/5aba8a6a-4a25-35b9-b362-276cd153ec07,A00_13193a.jpg
http://pi.lib.uchicago.edu/1001/org/ochre/7da3f335-0a08-ba09-b46c-eac226728ea9,A00_13193b.jpg
http://pi.lib.uchicago.edu/1001/org/ochre/daf5e2c8-3fcf-f834-2fa2-3402d2f09578,A00_13193c.jpg
http://pi.lib.uchicago.edu/1001/org/ochre/32ae16de-f0e1-3b1f-9ee3-564504e7c572,A00_13195a.jpg
http://pi.lib.uchicago.edu/1001/org/ochre/1ab41df1-4227-4153-9fbf-9658a46042db,A00_13195b.jpg
http://pi.lib.uchicago.edu/1001/org/ochre/27e60d64-cdc8-0e72-ef3e-a58273bce359,A00_13196a.jpg
http://pi.lib.uchicago.edu/1001/org/ochre/88e5e0fa-8b0b-a431-03b4-4f61763458ec,A00_13196b.jpg
http://pi.lib.uchicago.edu/1001/org/ochre/099d0a01-fd12-7005-000e-8e16bc1f32c3,A00_13198a.jpg
http://pi.lib.uchicago.edu/1001/org/ochre/988734b5-2354-a35b-4fd4-78c9530253e3,A00_13198b.jpg
http://pi.lib.uchicago.edu/1001/org/ochre/b84fdf7d-af83-dee4-bb6f-54050dc57004,A00_13199a.jpg
http://pi.lib.uchicago.edu/1001/org/ochre/24fd34a5-d83b-ac44-9545-6ea874da75d8,A00_13199b.jpg
http://pi.lib.uchicago.edu/1001/org/ochre/329f9052-257e-e955-eed6-47d409c8dddf,A00_13200a.jpg
http://pi.lib.uchicago.edu/1001/org/ochre/54a657de-ee88-7d4d-ae67-0e4e1381a253,A00_13200b.jpg
http://pi.lib.uchicago.edu/1001/org/ochre/0e40bf7f-bc82-06f9-7d95-ae71b1000598,A00_13200c.jpg
http://pi.lib.uchicago.edu/1001/org/ochre/7869c9e4-d79e-3e0b-cfc7-02da5f2f3708,A00_13203a.jpg
http://pi.lib.uchicago.edu/1001/org/ochre/8123a245-7057-91dd-1688-9b5e21d8c78f,A00_13203b.jpg
http://pi.lib.uchicago.edu/1001/org/ochre/b0c1523c-4941-73b9-6794-b7f44e7408f0,A00_13203c.jpg
http://pi.lib.uchicago.edu/1001/org/ochre/9522033b-8ad7-bbee-369a-af990aa76532,A00_13204a.jpg
http://pi.lib.uchicago.edu/1001/org/ochre/a13e4599-14a4-cb72-50d7-57724e9e696f,A00_13204b.jpg
http://pi.lib.uchicago.edu/1001/org/ochre/e0b40d52-32d9-2e77-1bc0-74fe39b4316d,A00_13204c.jpg
http://pi.lib.uchicago.edu/1001/org/ochre/69e87c7f-a498-c298-a174-a5c075d03821,A00_13205a.jpg
http://pi.lib.uchicago.edu/1001/org/ochre/3fdff248-fc0c-61fe-a0da-c9e7d79dc908,A00_13205b.jpg
http://pi.lib.uchicago.edu/1001/org/ochre/bd7d4c12-77e4-ae7c-4c02-0ed143dc065b,A00_13205c.jpg
http://pi.lib.uchicago.edu/1001/org/ochre/cc783be7-9f62-77b3-1ea0-c035436cfe7d,A00_13206a.jpg
http://pi.lib.uchicago.edu/1001/org/ochre/f08aa20a-c106-fe8a-10f7-d4959b415ca6,A00_13206b.jpg
http://pi.lib.uchicago.edu/1001/org/ochre/25db1753-9573-a5df-e03b-13957954986f,A00_13206c.jpg
http://pi.lib.uchicago.edu/1001/org/ochre/cb00784e-8383-8676-82e9-4aaa8fa40a10,A00_13208a.jpg
http://pi.lib.uchicago.edu/1001/org/ochre/275d8fb7-17d6-c92c-ddcc-14d8aaeade98,A00_13208b.jpg
http://pi.lib.uchicago.edu/1001/org/ochre/54d898c1-743e-efcb-b08a-7c7a6b74c330,A00_13240.jpg
http://pi.lib.uchicago.edu/1001/org/ochre/23b7fb61-5b3e-ebc9-71ad-60132f7c216c,A00_13241.jpg
http://pi.lib.uchicago.edu/1001/org/ochre/696ad9ab-9bb2-1989-d354-e493226e95d5,A00_13259a.jpg
http://pi.lib.uchicago.edu/1001/org/ochre/ad9154a4-0dad-7deb-ca47-b4a62889f083,A00_13259b.jpg
http://pi.lib.uchicago.edu/1001/org/ochre/f2a64e1f-b2c1-51b3-0072-0cc553b1d656,A00_13276a.jpg
http://pi.lib.uchicago.edu/1001/org/ochre/bc76a95a-e9da-cf61-7f00-bd0c4c645c43,A00_13276b.jpg
http://pi.lib.uchicago.edu/1001/org/ochre/35d07dd3-c5c3-b5d6-596a-d1ff4a083f33,A00_13278.jpg
http://pi.lib.uchicago.edu/1001/org/ochre/55ff723b-d0e3-5643-7c7c-c3f09222129f,A00_13353a.jpg
http://pi.lib.uchicago.edu/1001/org/ochre/2e37d399-c1dc-ade7-09f6-6351a027a4b6,A00_13353b.jpg
http://pi.lib.uchicago.edu/1001/org/ochre/81ec24db-4f1a-4a15-768a-38a544a5e9a6,A00_13383a.jpg
http://pi.lib.uchicago.edu/1001/org/ochre/861144b7-5e58-1949-5df2-d70bfb7d7de0,A00_13383b.jpg
http://pi.lib.uchicago.edu/1001/org/ochre/57a18a74-62c2-adf9-fd20-c591c25fd8dd,A00_13393a.jpg
http://pi.lib.uchicago.edu/1001/org/ochre/83ea157d-5d94-e96c-acfa-d70257ff1500,A00_13393b.jpg
http://pi.lib.uchicago.edu/1001/org/ochre/b1b30d4a-7f04-f42f-b98e-a263b913b5d7,A00_13404a.jpg
http://pi.lib.uchicago.edu/1001/org/ochre/0282e1d3-9b41-888e-bca6-87661f94e471,A00_13404b.jpg
http://pi.lib.uchicago.edu/1001/org/ochre/851db108-4d21-f945-fa4b-55d03c82c1bf,A00_13404c.jpg
http://pi.lib.uchicago.edu/1001/org/ochre/afc975d7-dbb0-cc78-cb15-bfc71c323d35,A00_13408a.jpg
http://pi.lib.uchicago.edu/1001/org/ochre/fa458afd-fb72-130e-2b25-ca8e02609809,A00_13408b.jpg
http://pi.lib.uchicago.edu/1001/org/ochre/16710579-f573-b005-a5bc-cbb37f6d2bf0,A00_13408c.jpg
http://pi.lib.uchicago.edu/1001/org/ochre/0cc623ba-444f-7b5e-273a-663ed6d5a75f,A00_13409a.jpg
http://pi.lib.uchicago.edu/1001/org/ochre/9f6b807a-e624-3a03-e06f-0fb67763aa74,A00_13409b.jpg
http://pi.lib.uchicago.edu/1001/org/ochre/578e5710-165b-47a8-24a3-7cac84708013,A00_13409c.jpg
http://pi.lib.uchicago.edu/1001/org/ochre/4d87cad4-e955-2bc0-99fd-0347c136cc29,A00_13425a.jpg
http://pi.lib.uchicago.edu/1001/org/ochre/b0150a78-ed17-e358-7d6c-f3bcd2e0c4a1,A00_13425b.jpg
http://pi.lib.uchicago.edu/1001/org/ochre/6bd5cb57-64c8-1eed-e83b-640a2734df2b,A00_13427a.jpg
http://pi.lib.uchicago.edu/1001/org/ochre/2270d892-400c-0c6c-8984-907560288c85,A00_13427b.jpg
http://pi.lib.uchicago.edu/1001/org/ochre/a636b371-dea7-9c49-6a20-870045b28828,A00_13428a.jpg
http://pi.lib.uchicago.edu/1001/org/ochre/51aa3feb-08aa-49eb-9d57-e64067d28e0e,A00_13428b.jpg
http://pi.lib.uchicago.edu/1001/org/ochre/2892c1f3-dc9b-57eb-c4ef-7a2983c9dd85,A00_13430a.jpg
http://pi.lib.uchicago.edu/1001/org/ochre/4ee5d469-09e1-c23f-b973-96db87ad2ae3,A00_13430b.jpg
http://pi.lib.uchicago.edu/1001/org/ochre/1a87ad95-a7de-2e50-d054-cfce6159f6e2,A00_13440b.jpg
http://pi.lib.uchicago.edu/1001/org/ochre/992e6e89-4ef8-3b5f-7703-4614227ddf8c,A00_13441b.jpg
http://pi.lib.uchicago.edu/1001/org/ochre/fe125082-2b64-d135-d76c-54e91cb8fed4,A00_13441c.jpg
http://pi.lib.uchicago.edu/1001/org/ochre/69f851af-4f67-7b39-0b32-0462f8120c6e,A00_13442a.jpg
http://pi.lib.uchicago.edu/1001/org/ochre/71ee6a20-a17c-969f-535f-460a3a53b8f1,A00_13442b.jpg
http://pi.lib.uchicago.edu/1001/org/ochre/3b8987e1-fe3c-9786-c179-dca7a67cd827,A00_13443a.jpg
http://pi.lib.uchicago.edu/1001/org/ochre/cadf6c20-8140-e9aa-567b-59396753f378,A00_13444a.jpg
http://pi.lib.uchicago.edu/1001/org/ochre/fea628de-bede-c3f7-d831-2630ab9a8c02,A00_13445a.jpg
http://pi.lib.uchicago.edu/1001/org/ochre/a8cc4458-329e-9e4d-673b-7b7fb0cae64b,A00_13446a.jpg
http://pi.lib.uchicago.edu/1001/org/ochre/57c6672f-1f19-833a-122d-19f2d2fea221,A00_13446b.jpg
http://pi.lib.uchicago.edu/1001/org/ochre/08299db6-4b84-9d4f-8683-c6733df8463e,A00_13447a.jpg
http://pi.lib.uchicago.edu/1001/org/ochre/d2e37a96-08d7-ef6d-f297-e45859ce7a02,A00_13447b.jpg
http://pi.lib.uchicago.edu/1001/org/ochre/d4088448-bddd-4ccb-a6af-f23893b84071,A00_13447c.jpg
http://pi.lib.uchicago.edu/1001/org/ochre/5cde3486-5e6a-754e-a343-bc88caeab802,A00_13447d.jpg
http://pi.lib.uchicago.edu/1001/org/ochre/ae55828e-30f2-3efe-85d3-db4d600f2b13,A00_13447e.jpg
http://pi.lib.uchicago.edu/1001/org/ochre/b92ec87d-3e81-1f7a-e039-ef65ea7c4ee5,A00_13448a.jpg
http://pi.lib.uchicago.edu/1001/org/ochre/209ceec2-0942-3d41-a148-19c9e2cb1cf0,A00_13448b.jpg
http://pi.lib.uchicago.edu/1001/org/ochre/71d9100b-f78b-fd4d-18ef-81a9b8c30b9c,A00_13448c.jpg
http://pi.lib.uchicago.edu/1001/org/ochre/617a286d-5b0f-2c77-40a2-b00a25018b79,A00_13448d.jpg
http://pi.lib.uchicago.edu/1001/org/ochre/4e113e02-9d76-0e15-c434-6f5642e35eb3,A00_13449a.jpg
http://pi.lib.uchicago.edu/1001/org/ochre/e5ebf03a-3a2d-5377-5a7b-a34ae2439324,A00_13449b.jpg
http://pi.lib.uchicago.edu/1001/org/ochre/7f9436dd-59ca-646b-aba0-808adaf7d8ff,A00_13451a.jpg
http://pi.lib.uchicago.edu/1001/org/ochre/23bbe159-00d2-1e58-8c12-11c9842c847c,A00_13451b.jpg
http://pi.lib.uchicago.edu/1001/org/ochre/e327cb1c-7e1b-3d11-4bb5-b38c7068ceb8,A00_13452a.jpg
http://pi.lib.uchicago.edu/1001/org/ochre/5b33d34d-47e0-0fba-2669-8aeb7218d163,A00_13452b.jpg
http://pi.lib.uchicago.edu/1001/org/ochre/80fe0ff7-d845-92b0-b3ac-9eb65b997203,A00_13452c.jpg
http://pi.lib.uchicago.edu/1001/org/ochre/83cd0368-4db1-e864-53c0-2dcc09231356,A00_13454a.jpg
http://pi.lib.uchicago.edu/1001/org/ochre/cec3158b-ce80-e29d-a85e-aa4d14f237ef,A00_13454b.jpg
http://pi.lib.uchicago.edu/1001/org/ochre/b306a25b-6c04-6459-f47f-71e9ee09695e,A00_13455a.jpg
http://pi.lib.uchicago.edu/1001/org/ochre/d5de5b64-53ed-1077-a22f-81e065273642,A00_13455b.jpg
http://pi.lib.uchicago.edu/1001/org/ochre/f6ebc262-71b3-83ab-adca-61917b0d45ea,A00_13456a.jpg
http://pi.lib.uchicago.edu/1001/org/ochre/a5a7c508-bcda-7562-3cdf-76ddb04367ac,A00_13456b.jpg
http://pi.lib.uchicago.edu/1001/org/ochre/97f1d9a4-3599-460f-ffa8-73b495d80408,A00_13456c.jpg
http://pi.lib.uchicago.edu/1001/org/ochre/c000dcd5-0f7d-f507-e47a-7be36f35e21e,A00_13456d.jpg
http://pi.lib.uchicago.edu/1001/org/ochre/ea8cc986-6103-d36b-ace9-1703c4afd37e,A00_13491a.jpg
http://pi.lib.uchicago.edu/1001/org/ochre/fe73c8f2-bc91-edd8-f947-65647fc0d45c,A00_13491b.jpg
http://pi.lib.uchicago.edu/1001/org/ochre/62ec384c-563d-4624-638c-aad012db23d4,A00_13492a.jpg
http://pi.lib.uchicago.edu/1001/org/ochre/e16e711a-3f03-83cc-efe0-23452d44e5e8,A00_13492b.jpg
http://pi.lib.uchicago.edu/1001/org/ochre/9ef1f38d-156f-beae-92aa-3cbf2f014a81,A00_13492c.jpg
http://pi.lib.uchicago.edu/1001/org/ochre/71a5acba-3412-c14c-089b-1f694a76d55a,A00_13493a.jpg
http://pi.lib.uchicago.edu/1001/org/ochre/1dd0dc01-7270-342a-9ce6-52704a3e1500,A00_13493b.jpg
http://pi.lib.uchicago.edu/1001/org/ochre/5ebfc756-ed11-6ba9-1b97-939b8416b2fa,A00_13497b.jpg
http://pi.lib.uchicago.edu/1001/org/ochre/03967834-2903-af09-5807-accb6057560b,A00_13497c.jpg
http://pi.lib.uchicago.edu/1001/org/ochre/9ecd5115-0926-7f18-135f-1358c09be1e5,A00_13518a.jpg
http://pi.lib.uchicago.edu/1001/org/ochre/b958b61c-0d0b-2940-176a-fdb31af08e01,A00_13518b.jpg
http://pi.lib.uchicago.edu/1001/org/ochre/c5859fc4-a7ea-1eeb-74a5-fece07b89703,A00_13519a.jpg
http://pi.lib.uchicago.edu/1001/org/ochre/e02d9130-113a-19ce-29cd-9e3d03890977,A00_13519b.jpg
http://pi.lib.uchicago.edu/1001/org/ochre/163c37ad-dd15-f305-7e33-247330b8c712,A00_13519c.jpg
http://pi.lib.uchicago.edu/1001/org/ochre/9c47c10c-c5e5-63a9-77cb-9da027f5c05d,A00_13523a.jpg
http://pi.lib.uchicago.edu/1001/org/ochre/49f315d2-e3c4-2ac0-6ff2-82a447b4232b,A00_13537a.jpg
http://pi.lib.uchicago.edu/1001/org/ochre/b2c8ec3a-e02e-cfd9-4789-dfa4f4dd24ab,A00_13537b.jpg
http://pi.lib.uchicago.edu/1001/org/ochre/4bb6f545-64f1-d9fb-de6f-c20f542341d3,A00_13537c.jpg
http://pi.lib.uchicago.edu/1001/org/ochre/edf94b39-363f-2a95-d586-8fd49738094c,A00_13538a.jpg
http://pi.lib.uchicago.edu/1001/org/ochre/1e711cc2-f0ed-bcc7-752c-8182296c36d5,A00_13538b.jpg
http://pi.lib.uchicago.edu/1001/org/ochre/7c991d8c-a372-48a4-8326-098b16e329b6,A00_13592R.jpg
http://pi.lib.uchicago.edu/1001/org/ochre/0de5e4ff-8ac9-b8a8-c920-f82f364b0f41,A00_13597a.jpg
http://pi.lib.uchicago.edu/1001/org/ochre/48959d01-cbb4-2162-83ce-332701cba2c8,A00_13597b.jpg
http://pi.lib.uchicago.edu/1001/org/ochre/402f55d3-40a4-4357-80d2-d6e395358078,A00_13722a-b.jpg
http://pi.lib.uchicago.edu/1001/org/ochre/e63992c8-8f7d-482f-b9f5-7754f250e236,A00_13722a-b.jpg
http://pi.lib.uchicago.edu/1001/org/ochre/84d83e20-a436-4452-955c-6594275f7ed9,A00_13754a1.jpg
http://pi.lib.uchicago.edu/1001/org/ochre/aeff91e5-8751-d7b6-c209-e202f8a0058f,A00_15000.jpg
http://pi.lib.uchicago.edu/1001/org/ochre/4ebd42af-a095-ab2d-fff0-921ddef9c0e9,A00_15002.jpg
http://pi.lib.uchicago.edu/1001/org/ochre/65983c62-3135-9bce-95d9-44fbd6c962f4,A00_15003a.jpg
http://pi.lib.uchicago.edu/1001/org/ochre/75cc1a4f-c48f-001c-b3fa-ee56cbf50d61,A00_15003b.jpg
http://pi.lib.uchicago.edu/1001/org/ochre/cb857a97-d3f5-13ff-2337-affeb73b7f44,A00_15004a.jpg
http://pi.lib.uchicago.edu/1001/org/ochre/2e4faed1-6bb0-4224-0096-8ff8c731ddd9,A00_15004b.jpg
http://pi.lib.uchicago.edu/1001/org/ochre/d93f7c22-b021-8e59-9cf1-e66726d67a85,A00_15005c.jpg
http://pi.lib.uchicago.edu/1001/org/ochre/bb4b532e-6cb8-63a8-3195-534c917ebb79,A00_15006.jpg
http://pi.lib.uchicago.edu/1001/org/ochre/e14d5503-bb17-0cdb-66e3-919c40b95a93,A00_15007.jpg
http://pi.lib.uchicago.edu/1001/org/ochre/e584ccc4-f607-1410-120c-1ca869f9cb19,A00_15008.jpg
http://pi.lib.uchicago.edu/1001/org/ochre/00107f1b-e478-8c4e-a8b6-f7ab3b49e011,A00_15009a1.jpg
http://pi.lib.uchicago.edu/1001/org/ochre/f33bcedb-6315-0341-4a21-12cf727398e0,A09_17771.jpg
http://pi.lib.uchicago.edu/1001/org/ochre/7974c97d-d749-c63d-fb29-55f998c1a086,A09_17781.jpg
http://pi.lib.uchicago.edu/1001/org/ochre/7415e2b4-2565-4b69-0f48-a45cad4418e5,A09_17899.jpg
http://pi.lib.uchicago.edu/1001/org/ochre/d106aec2-e3fe-c084-5757-e145bf16008a,A09_17911.jpg
http://pi.lib.uchicago.edu/1001/org/ochre/e9e8466b-8830-46c8-aec5-2eef3cda4dc3,A12_21502.JPG
http://pi.lib.uchicago.edu/1001/org/ochre/7b11fac3-6458-4434-8c37-4610b37f50de,A12_22475.jpg
http://pi.lib.uchicago.edu/1001/org/ochre/6ccfc8ea-946f-b941-c1d2-f65185d18792,A85_184B.jpg
http://pi.lib.uchicago.edu/1001/org/ochre/89f98940-1438-61df-669b-928ae06cf7be,A85_296b.jpg
http://pi.lib.uchicago.edu/1001/org/ochre/ab85ca1f-ac64-44e1-69e1-bab22ddb07f4,A85_315b.jpg
http://pi.lib.uchicago.edu/1001/org/ochre/52c4adac-ba82-fbfa-945a-3f9f39d4aaf1,A85_315c.jpg
http://pi.lib.uchicago.edu/1001/org/ochre/60c03b8d-3384-3321-8c2b-2b79a7a6bd51,A85_315d.jpg
http://pi.lib.uchicago.edu/1001/org/ochre/312389f2-a762-cc29-7eef-c2dd87a40adb,A85_315e.jpg
http://pi.lib.uchicago.edu/1001/org/ochre/9dc6607d-1370-ab63-db51-2d84e9aa920b,A85_315f.jpg
http://pi.lib.uchicago.edu/1001/org/ochre/3c37ef58-c401-08fa-5727-673cc219f459,A85_315g.jpg
http://pi.lib.uchicago.edu/1001/org/ochre/109ca565-24c5-55b6-b95a-b661af0c7116,A85_335b.jpg
http://pi.lib.uchicago.edu/1001/org/ochre/209a05f7-261d-cfd1-3e28-fbf97033d133,A85_335c.jpg
http://pi.lib.uchicago.edu/1001/org/ochre/dadfa86f-e1c5-4629-6e17-7598cb793a02,A85_335d.jpg
http://pi.lib.uchicago.edu/1001/org/ochre/757bea7d-95d1-490e-86d7-2df654fd3798,A85_348a.jpg
http://pi.lib.uchicago.edu/1001/org/ochre/d6f433b4-79d8-4f8a-bbb2-4f04101530f1,A85_348b.jpg
http://pi.lib.uchicago.edu/1001/org/ochre/57f25c11-10f8-b1bf-7b26-dc7848496bb7,A85_348e.jpg
http://pi.lib.uchicago.edu/1001/org/ochre/79d507ab-28ac-b890-23cb-d43368d5c510,A85_353b.jpg
http://pi.lib.uchicago.edu/1001/org/ochre/cdc83f7f-3cde-4b77-893d-c2086e710acb,A85_354b.jpg
http://pi.lib.uchicago.edu/1001/org/ochre/a86c458c-f368-71e4-123b-cfff9fc2e3e4,A85_376b.jpg
http://pi.lib.uchicago.edu/1001/org/ochre/9ae5da71-c4bf-66a8-54b4-6f2e3833fd4a,A85_387b.jpg
http://pi.lib.uchicago.edu/1001/org/ochre/a2950e08-2ce7-7eea-5fc2-f29eaac207eb,A85_388b.jpg
http://pi.lib.uchicago.edu/1001/org/ochre/b11f9005-ab86-797e-a08f-4c965fef2630,A85_408b.jpg
http://pi.lib.uchicago.edu/1001/org/ochre/48a8f88a-a7d7-bb79-71c0-401e76d61e50,A85_426b.jpg
http://pi.lib.uchicago.edu/1001/org/ochre/081ad8bf-dbd9-ec0f-eaf3-fd2215898bd9,A85_469A.jpg
http://pi.lib.uchicago.edu/1001/org/ochre/d077cae9-605a-9c12-1ad0-ea8afa0a4b89,A85_469B.jpg
http://pi.lib.uchicago.edu/1001/org/ochre/1f6c43ef-477e-94b0-5a88-a1b78bd9f330,A85_509d.jpg
http://pi.lib.uchicago.edu/1001/org/ochre/0ec0e595-8e0c-796e-ab48-a4b09eb8ffb3,A85_509e.jpg
http://pi.lib.uchicago.edu/1001/org/ochre/bfbea8e1-21a4-c821-cbf0-0d1e22ea725f,A85_509f.jpg
http://pi.lib.uchicago.edu/1001/org/ochre/50292829-8a41-5892-b692-7838ab258d13,A85_509g.jpg
http://pi.lib.uchicago.edu/1001/org/ochre/5f063e25-bd91-9a2c-2bb9-fb0c31cd8e92,A85_510b.jpg
http://pi.lib.uchicago.edu/1001/org/ochre/5b3989eb-4b95-483d-1b62-8fa85967dbda,A85_510c.jpg
http://pi.lib.uchicago.edu/1001/org/ochre/106344f2-7cf7-3fb2-5d76-b81c24f68144,A85_531c.jpg
http://pi.lib.uchicago.edu/1001/org/ochre/28183adb-2746-1582-6943-18a615f3f152,A85_95b.jpg
http://pi.lib.uchicago.edu/1001/org/ochre/b27d9165-f116-69bf-ffe3-56c0b745d13c,A86_587b.jpg
http://pi.lib.uchicago.edu/1001/org/ochre/1fccd6b5-54fe-c824-3d3d-c711a91fc3bc,A86_597b.jpg
http://pi.lib.uchicago.edu/1001/org/ochre/d7438ada-5291-042a-7492-c0ec219349ba,A86_618b.jpg
http://pi.lib.uchicago.edu/1001/org/ochre/5629c409-aa51-bd10-f85a-4987daa48a6c,A86_713A.jpg
http://pi.lib.uchicago.edu/1001/org/ochre/d50cc088-05cd-8bd2-17f1-aa6d2685a940,A86_748B.jpg
http://pi.lib.uchicago.edu/1001/org/ochre/f790b9e1-41d5-f107-4f8e-161ffcfab288,A86_973.jpg
http://pi.lib.uchicago.edu/1001/org/ochre/63920f40-5e01-19a2-5c16-e1eff5bd5140,A87_1168..jpg
http://pi.lib.uchicago.edu/1001/org/ochre/d4f23f6d-b60f-49b3-5657-9c07cc9ef4d3,a87_1252.jpg
http://pi.lib.uchicago.edu/1001/org/ochre/8a6b4a8b-3c67-4198-aa37-e26c719d5e7f,A87_1315c.jpg
http://pi.lib.uchicago.edu/1001/org/ochre/bcf5d71a-3379-4b77-87d0-4425d59897e6,A87_1347a.jpg
http://pi.lib.uchicago.edu/1001/org/ochre/e8d63903-8aaf-19f1-007f-494af7100361,A87_1358b.jpg
http://pi.lib.uchicago.edu/1001/org/ochre/4ef325e6-b689-b67f-b7cd-20ac747a6aa7,A87_1380A.jpg
http://pi.lib.uchicago.edu/1001/org/ochre/3b522371-3c32-3f7a-bc8c-cc1214857845,a87_1384.jpg
http://pi.lib.uchicago.edu/1001/org/ochre/d3106100-6b44-fb3e-b256-2e85a7e67194,A87_1627A.jpg
http://pi.lib.uchicago.edu/1001/org/ochre/340711e6-f8c5-4e3c-917f-4e400a6773d9,A88_1922b.jpg
http://pi.lib.uchicago.edu/1001/org/ochre/d65b4fa3-1484-e5f2-7348-ff2e0f79a6f5,A89_2041.JPG
http://pi.lib.uchicago.edu/1001/org/ochre/98c13f06-2997-44f1-b583-1675b5916b39,A89_2051b.jpg
http://pi.lib.uchicago.edu/1001/org/ochre/f38fac10-bdda-2f13-f40e-7a25eddbee1a,A89_3123b.jpg
http://pi.lib.uchicago.edu/1001/org/ochre/e366a0cf-ea54-a0e2-a62b-3c5922914c7a,A89_3136b.jpg
http://pi.lib.uchicago.edu/1001/org/ochre/f5c1d733-befd-3959-053b-6934cc2502e0,A89_3137b.jpg
http://pi.lib.uchicago.edu/1001/org/ochre/fc43276f-5b74-efb5-a25a-960424e46e46,A89_3137c.jpg
http://pi.lib.uchicago.edu/1001/org/ochre/042aeca2-9d6a-bd87-8ad1-cea18f89caee,A89_3137d.jpg
http://pi.lib.uchicago.edu/1001/org/ochre/defe1d41-64bf-558b-c02f-3241c73c2dde,A89_3137e.jpg
http://pi.lib.uchicago.edu/1001/org/ochre/fa80a3bf-564c-e425-caa0-6b4a59b90a3b,A89_3154b.jpg
http://pi.lib.uchicago.edu/1001/org/ochre/fa83e94f-0ed4-4935-5201-befae02d8653,A89_3161b.jpg
http://pi.lib.uchicago.edu/1001/org/ochre/fb81e42d-e29b-d225-ec20-d6ce143e35de,A89_3161c.jpg
http://pi.lib.uchicago.edu/1001/org/ochre/ed0fa62e-e9f5-c4f6-8803-99d523fdac37,A89_3162b.jpg
http://pi.lib.uchicago.edu/1001/org/ochre/45450c0c-6c32-14fd-66a9-7124d9134912,A89_3164b.jpg
http://pi.lib.uchicago.edu/1001/org/ochre/23d72fb8-f7d4-b5c7-8d73-22f196e5de5a,A89_3185b.jpg
http://pi.lib.uchicago.edu/1001/org/ochre/a51bec1b-f7f5-4694-9c71-576208535714,A89_3190b.jpg
http://pi.lib.uchicago.edu/1001/org/ochre/55e8b6f1-98db-0c8e-b68f-278e9d8c56a7,A89_3190c.jpg
http://pi.lib.uchicago.edu/1001/org/ochre/6ba82621-0ff2-2918-be35-aca4c813b176,A89_3192b.jpg
http://pi.lib.uchicago.edu/1001/org/ochre/9a880ea3-adcf-afa1-3b4e-15ee3d5a692d,A89_3219b.jpg
http://pi.lib.uchicago.edu/1001/org/ochre/5e45d172-e105-88b2-d848-b08900cb4adc,A89_3228b.jpg
http://pi.lib.uchicago.edu/1001/org/ochre/b33a7390-4ad0-bf76-6dc3-d5b03afcf165,A89_3247b.jpg
http://pi.lib.uchicago.edu/1001/org/ochre/54798dd2-903a-5716-36ae-29d0befac0c4,A89_3250b.jpg
http://pi.lib.uchicago.edu/1001/org/ochre/77ed67bf-877e-240b-ae48-986d281649e4,A89_3252b.jpg
http://pi.lib.uchicago.edu/1001/org/ochre/279c89f1-35d3-e3e9-65cd-a8fc21616a2d,A89_3253b.jpg
http://pi.lib.uchicago.edu/1001/org/ochre/6e53f2b0-d039-16d1-f50e-2234cf8776f6,A89_3253c.jpg
http://pi.lib.uchicago.edu/1001/org/ochre/a826b652-a0f6-64ff-569c-86b978b261e9,A89_3253d.jpg
http://pi.lib.uchicago.edu/1001/org/ochre/7a0601d5-3350-31de-b2a9-76a8a19927b0,A89_3256b.jpg
http://pi.lib.uchicago.edu/1001/org/ochre/16a5140a-64a4-27a4-d021-304594675a3f,A89_3256c.jpg
http://pi.lib.uchicago.edu/1001/org/ochre/7be86e23-1215-6e4a-1e4e-6cf059fdbc72,A89_3264b.jpg
http://pi.lib.uchicago.edu/1001/org/ochre/920a5d9e-34b1-b442-1507-a768e60b5d78,A89_3265b.jpg
http://pi.lib.uchicago.edu/1001/org/ochre/13a8cc22-5dde-1013-c3b9-ad03cf57ed3f,A89_3267b.jpg
http://pi.lib.uchicago.edu/1001/org/ochre/ebf40981-f3f5-d663-c3fd-7c092b9b8d94,A89_3288b.jpg
http://pi.lib.uchicago.edu/1001/org/ochre/0b95a6d3-52dd-ca0e-0714-83d50db7c9a8,A89_3291b.jpg
http://pi.lib.uchicago.edu/1001/org/ochre/253f0578-78a1-42f7-9390-83de6e0a48cd,A89_3303b.jpg
http://pi.lib.uchicago.edu/1001/org/ochre/7735f8d9-d493-5b50-d2ea-2b6fcc2dff21,A89_3337b.jpg
http://pi.lib.uchicago.edu/1001/org/ochre/eb0aa27a-822b-c588-a209-5a783cf41a12,A89_3346b.jpg
http://pi.lib.uchicago.edu/1001/org/ochre/d8477f8d-19fe-8ef8-bd53-665cd6c1d535,A89_3368b.jpg
http://pi.lib.uchicago.edu/1001/org/ochre/22a53321-2bb5-a6d5-fa34-514d9a58a185,A89_3368c.jpg
http://pi.lib.uchicago.edu/1001/org/ochre/09b6dc2e-476c-5490-2e11-be12457c58c5,A89_3368d.jpg
http://pi.lib.uchicago.edu/1001/org/ochre/3a1d4a33-11a4-fd1f-e170-eb6d600220de,A89_3375b.jpg
http://pi.lib.uchicago.edu/1001/org/ochre/4a0583a4-ef01-7dfd-d663-f42c91cb3d46,A89_3383b.jpg
http://pi.lib.uchicago.edu/1001/org/ochre/3ba3ac62-b31d-c5ec-8838-16eaf8e23b33,A89_3383c.jpg
http://pi.lib.uchicago.edu/1001/org/ochre/19a8977e-e676-c193-28d1-68024335e6c5,A89_3384b.jpg
http://pi.lib.uchicago.edu/1001/org/ochre/11b2cc28-de3c-011b-7084-8433937aa590,A89_3384c.jpg
http://pi.lib.uchicago.edu/1001/org/ochre/29e42163-9cd3-a41e-f17c-d603df301387,A89_3384d.jpg
http://pi.lib.uchicago.edu/1001/org/ochre/ce4fbe09-67e5-80ee-ac47-30693b417d71,A89_3385b.jpg
http://pi.lib.uchicago.edu/1001/org/ochre/09782ede-1458-0af4-0056-c8f17a839942,A89_3385c.jpg
http://pi.lib.uchicago.edu/1001/org/ochre/74cdbadf-cfd9-aa83-ca1a-fc3d7ea7725a,A89_3396b.jpg
http://pi.lib.uchicago.edu/1001/org/ochre/282fc7de-0691-431f-9466-0c5ff2d99160,A89_3397a.jpg
http://pi.lib.uchicago.edu/1001/org/ochre/96e4f8da-4ca2-de49-1066-9923e7f8b23a,A90_3407p.jpg
http://pi.lib.uchicago.edu/1001/org/ochre/a19febb1-38e9-0cca-9051-6be65301df2e,A90_3504b.jpg
http://pi.lib.uchicago.edu/1001/org/ochre/02120837-2313-ca6b-f42d-ab19a58accaa,A90_3534c.jpg
http://pi.lib.uchicago.edu/1001/org/ochre/96c0a0f7-83c7-aa0c-b550-d1bf1b9ca1fb,A90_3587p.jpg
http://pi.lib.uchicago.edu/1001/org/ochre/49d25660-1aee-f191-3fb9-51bc9545c475,A90_3594p.jpg
http://pi.lib.uchicago.edu/1001/org/ochre/1bc415c2-38ac-f2a4-e64f-62fa3ec49ded,A90_3608p.jpg
http://pi.lib.uchicago.edu/1001/org/ochre/9834224f-39a9-8d6a-f65a-08712582eda1,A90_3627b.jpg
http://pi.lib.uchicago.edu/1001/org/ochre/facd8e30-3263-44b8-a740-fdadb3aa55b6,A90_3638b.jpg
http://pi.lib.uchicago.edu/1001/org/ochre/806efd61-1052-aeac-ff99-5a25f0bbd4d2,A90_3638c.jpg
http://pi.lib.uchicago.edu/1001/org/ochre/ad46b9ce-905e-e401-ab80-a59c7ea4f957,A90_3638d.jpg
http://pi.lib.uchicago.edu/1001/org/ochre/7f5c08b3-a53d-c9a0-af54-d2cbcf121503,A90_3644p.jpg
https://pi.lib.uchicago.edu/1001/org/ochre/8e37fb29-2b78-4c3f-b626-30908a7974e9,A90_3651aaa.jpg
http://pi.lib.uchicago.edu/1001/org/ochre/80e4f07f-5b72-8e7f-4202-5bbee825ca6e,A90_3663p.jpg
http://pi.lib.uchicago.edu/1001/org/ochre/17e023e6-e338-d578-0382-66e0b2bfc25c,A90_3713p.jpg
http://pi.lib.uchicago.edu/1001/org/ochre/b698b344-308a-b107-6c32-2a513b39b7d3,A90_3731p.jpg
http://pi.lib.uchicago.edu/1001/org/ochre/960b99e4-b037-b121-d3fd-64b5bc81b57d,"A90_3796a,b.jpg"
http://pi.lib.uchicago.edu/1001/org/ochre/23aba33a-d372-b8c8-1545-f48af90530ec,A90_3803p.jpg
http://pi.lib.uchicago.edu/1001/org/ochre/3d5bf710-1086-f12d-9759-e7a335c147a9,A90_3806a.jpg
http://pi.lib.uchicago.edu/1001/org/ochre/3550f0a5-42ae-5f77-d72c-cc5cf9d627a0,A90_3806b.jpg
http://pi.lib.uchicago.edu/1001/org/ochre/8b342657-56d7-14e0-4230-69901ee59951,A90_3806bp.jpg
http://pi.lib.uchicago.edu/1001/org/ochre/5a345b35-7ce4-8664-5321-37e1ea7eee58,A90_3806p.jpg
http://pi.lib.uchicago.edu/1001/org/ochre/dd1223d1-c2f8-1f56-50eb-052f866d1872,A90_3843e.jpg
http://pi.lib.uchicago.edu/1001/org/ochre/a69d5724-9033-7f20-847e-43a0e8a84fc0,A90_3846B.jpg
http://pi.lib.uchicago.edu/1001/org/ochre/1593dcac-6540-251c-9067-f572e72c2764,A90_3848B.jpg
http://pi.lib.uchicago.edu/1001/org/ochre/c75aef23-6a99-7cec-1f73-d00e947d3147,A90_3849B.jpg
http://pi.lib.uchicago.edu/1001/org/ochre/c8363f19-3a8d-4646-0a65-409d8b2c6c33,A90_3851B.jpg
http://pi.lib.uchicago.edu/1001/org/ochre/9bee6a5a-cc89-d47a-e88d-9b3968a13daa,A90_3852B.jpg
http://pi.lib.uchicago.edu/1001/org/ochre/ddcdcc73-7664-c072-8a49-5c3f6ed5cf0f,A90_3863bp.jpg
http://pi.lib.uchicago.edu/1001/org/ochre/6b4d3bd5-f92e-20a0-0727-a43f49241e89,A90_3864p.jpg
http://pi.lib.uchicago.edu/1001/org/ochre/09a439b0-ba3b-b0d0-5324-6055561cd213,A90_3865b.jpg
http://pi.lib.uchicago.edu/1001/org/ochre/933a3dd2-d1ea-2313-5b21-fcff3e7eafc0,A90_3865p.jpg
http://pi.lib.uchicago.edu/1001/org/ochre/0199d478-34ce-4d77-909d-75f80a910856,A90_3866ap.jpg
http://pi.lib.uchicago.edu/1001/org/ochre/664b35bc-4736-54d4-d9c7-20717da463a9,A90_3866ep.jpg
http://pi.lib.uchicago.edu/1001/org/ochre/cf7ed05a-6253-6d4b-6372-f99d0eeb0190,A91_4093.jpg
http://pi.lib.uchicago.edu/1001/org/ochre/1fc75d32-5ba3-f3e1-b4aa-7f9b23a35573,A91_4209.jpg
http://pi.lib.uchicago.edu/1001/org/ochre/828b0551-69bd-4f2d-aaa1-2ee1442bdb84,A91_4233a1.jpg
http://pi.lib.uchicago.edu/1001/org/ochre/fa090b87-f430-24f8-3171-5dd7697e8635,A91_4273.jpg
http://pi.lib.uchicago.edu/1001/org/ochre/4566ae54-d0aa-4300-1585-67350ed96c97,A91_4304.jpg
http://pi.lib.uchicago.edu/1001/org/ochre/d810a85b-5f9a-7a6e-3de4-47ddd641d06f,A91_4305.jpg
http://pi.lib.uchicago.edu/1001/org/ochre/51981c19-1123-ac32-cb7a-782ad0d51085,A91_4306.jpg
http://pi.lib.uchicago.edu/1001/org/ochre/859cea57-7a0f-c6e9-f0a0-bfe96cb6b643,A91_4307.jpg
http://pi.lib.uchicago.edu/1001/org/ochre/b31c3064-7edf-8127-e966-9fe4f5b9fde3,A91_4308.jpg
http://pi.lib.uchicago.edu/1001/org/ochre/60a9aa51-e3f2-12cb-c9dc-0f4313515a4f,A91_4309.jpg
http://pi.lib.uchicago.edu/1001/org/ochre/66970dd2-2578-f133-b1aa-dc58ad0a432f,A91_4310.jpg
http://pi.lib.uchicago.edu/1001/org/ochre/28dae90a-4a71-99f7-91e7-17bc8ebdd110,A91_4311.jpg
http://pi.lib.uchicago.edu/1001/org/ochre/9d5594ee-68bc-26ce-a385-7046ff7112de,A91_4312.jpg
http://pi.lib.uchicago.edu/1001/org/ochre/de9fed00-5257-c9cd-d73f-dfae9d56ae4b,A91_4312b.jpg
http://pi.lib.uchicago.edu/1001/org/ochre/609db1fa-3897-e31d-2f6d-162e9ee845f8,A91_4313.jpg
http://pi.lib.uchicago.edu/1001/org/ochre/40b08bcc-ec25-c109-90ae-fbdad7fc7409,A91_4314.jpg
http://pi.lib.uchicago.edu/1001/org/ochre/e8b7bd03-4fa5-cf16-5ef0-fa5ae8c2effe,A91_4315.jpg
http://pi.lib.uchicago.edu/1001/org/ochre/d2894f11-711d-adbf-d465-16e39c03c8df,A91_4316.jpg
http://pi.lib.uchicago.edu/1001/org/ochre/15401b4a-51d5-d957-579f-e8fe20fe8df6,A91_4317.jpg
http://pi.lib.uchicago.edu/1001/org/ochre/ca8adb34-c026-5aab-3c7f-40193d3c420d,A91_4318.jpg
http://pi.lib.uchicago.edu/1001/org/ochre/139b2ae4-0e76-00b8-79c9-ea4ffb7b1c92,A91_4319.jpg
http://pi.lib.uchicago.edu/1001/org/ochre/6e797785-b4b2-bb64-5515-eb76cde8b305,A91_4320.jpg
http://pi.lib.uchicago.edu/1001/org/ochre/3a8d1697-ebe7-f053-448e-dafc42156ae4,A91_4321.jpg
http://pi.lib.uchicago.edu/1001/org/ochre/83314d6d-1ae6-2a98-220f-4db9ecbb4094,A91_4322.jpg
http://pi.lib.uchicago.edu/1001/org/ochre/96da6924-9b3e-b588-f8b4-492573518c52,A91_4323.jpg
http://pi.lib.uchicago.edu/1001/org/ochre/d46125cc-b03d-da34-b19f-d29ed6e26c5f,A91_4324.jpg
http://pi.lib.uchicago.edu/1001/org/ochre/005f4149-0648-a7c1-8b1f-da6321fe1bf5,A92_4392a.jpg
http://pi.lib.uchicago.edu/1001/org/ochre/bb3ca291-4939-1dba-9d52-11e93ee1d552,A92_4764.jpg
http://pi.lib.uchicago.edu/1001/org/ochre/b2edeefa-7a55-4be1-f8fa-0d9ee2011c92,A92_5069.jpg
http://pi.lib.uchicago.edu/1001/org/ochre/03ea66d6-a630-32c9-3e00-aa40e5d88347,A92_5287a.jpg
http://pi.lib.uchicago.edu/1001/org/ochre/23672345-735b-f014-b94e-f15d495b51a4,A92_5380.jpg
http://pi.lib.uchicago.edu/1001/org/ochre/8ef14b1d-60b6-40d4-e5c4-32b653c734a4,A92_5388a.jpg
http://pi.lib.uchicago.edu/1001/org/ochre/50acc2e3-f1f1-1824-47f9-1a964bb5e666,A92_5390a.jpg
http://pi.lib.uchicago.edu/1001/org/ochre/2014fb18-2151-ddb6-64d5-79102ba4fe69,A93_5470.jpg
http://pi.lib.uchicago.edu/1001/org/ochre/e9c1dedf-a3dd-46d1-ba22-53b36331ea58,A93_5552b.jpg
http://pi.lib.uchicago.edu/1001/org/ochre/ca612b78-2da6-5d76-bcb3-cca84f9358f4,A93_5564.jpg
http://pi.lib.uchicago.edu/1001/org/ochre/439ecca0-853d-0326-2ddc-4bd5c47bd8f4,A93_5586a.jpg
http://pi.lib.uchicago.edu/1001/org/ochre/22716072-2e2b-173c-1c48-6da9796e3747,A93_5590.jpg
http://pi.lib.uchicago.edu/1001/org/ochre/ed88f808-9fd5-fafd-b73e-df0bb0749400,A93_5667b.jpg
http://pi.lib.uchicago.edu/1001/org/ochre/3582ace1-a542-8adc-a4b8-055fd85050c8,A93_5722(1).jpg
http://pi.lib.uchicago.edu/1001/org/ochre/8045cf01-763c-942a-ceb0-5ccdc8534eb2,A93_5731(1).jpg
http://pi.lib.uchicago.edu/1001/org/ochre/90e7afaf-5ba5-4d64-8120-2e7b1e48f3be,A93_5737b.jpg
http://pi.lib.uchicago.edu/1001/org/ochre/69c93219-2fdf-f355-48cc-56b6c2843070,A93_5762a.jpg
http://pi.lib.uchicago.edu/1001/org/ochre/4f518f9f-2e27-42fc-b753-9b707daf4c96,A93_5775b.jpg
http://pi.lib.uchicago.edu/1001/org/ochre/dc3a215e-4478-ea89-2e83-d288c682a825,A93_5900c.jpg
http://pi.lib.uchicago.edu/1001/org/ochre/f7da1fbb-c0cf-6756-5fff-5c56d61952d5,A93_5971a.jpg
http://pi.lib.uchicago.edu/1001/org/ochre/f3bef828-1032-e840-c92f-39c60a4fc915,A94_6030.jpg
http://pi.lib.uchicago.edu/1001/org/ochre/c9dbceb8-94b8-4729-b7f0-69a8a6ae6b2b,A94_6137b.jpg
http://pi.lib.uchicago.edu/1001/org/ochre/65236b4b-caa1-4def-e16d-cd1e99e4e772,A94_6508.jpg
http://pi.lib.uchicago.edu/1001/org/ochre/0872c192-673e-a450-c4e3-6a97e08ef90d,A94_6553B.jpg
http://pi.lib.uchicago.edu/1001/org/ochre/2c119aee-30a1-2487-52c5-e2d1a846f9af,"A94_6566,6567.jpg"
http://pi.lib.uchicago.edu/1001/org/ochre/9ca100c5-9a4f-c42f-f360-b6e79b43a99f,"A94_6566,6567.jpg"
http://pi.lib.uchicago.edu/1001/org/ochre/30139ea7-6e33-c092-5185-cbeef66777a9,A94_6636a.jpg
http://pi.lib.uchicago.edu/1001/org/ochre/5b8ff880-b935-2088-9d7c-fabae3057cde,A94_6677b.jpg
http://pi.lib.uchicago.edu/1001/org/ochre/758702dd-e33d-491f-b98a-cc0ca9eeb893,A94_6699b.jpg
http://pi.lib.uchicago.edu/1001/org/ochre/a54c63b2-c4a1-41bb-a2bc-57e57e25b970,A94_6718a.jpg
http://pi.lib.uchicago.edu/1001/org/ochre/61096c10-9905-bb8d-1131-02d63a253693,A94_6718b.jpg
http://pi.lib.uchicago.edu/1001/org/ochre/daa6eb01-0267-1c5f-5122-6904a020b580,A94_6718c.jpg
http://pi.lib.uchicago.edu/1001/org/ochre/2577f54b-9737-11cb-cf03-34c7aea7ffe7,A94_6718d.jpg
https://pi.lib.uchicago.edu/1001/org/ochre/0a37eb2c-9f9e-94f4-421d-c6a595555cd8,A95_7052a.jpg
https://pi.lib.uchicago.edu/1001/org/ochre/89fee4a4-47fe-a144-09df-439885a4e6d5,A95_7222a.jpg
http://pi.lib.uchicago.edu/1001/org/ochre/2d0c1d62-40a3-4eb6-21bb-5c7550934489,A95_7272a.jpg
http://pi.lib.uchicago.edu/1001/org/ochre/1da05f07-0e5b-9569-7156-9c3f96fa7af3,A95_7273a.jpg
http://pi.lib.uchicago.edu/1001/org/ochre/1fcfa960-7a30-840a-cd51-ee584ec17719,A95_7274a.jpg
http://pi.lib.uchicago.edu/1001/org/ochre/82fb5517-2d42-d210-59b9-d5d4fbf85fe4,A95_7275a.jpg
http://pi.lib.uchicago.edu/1001/org/ochre/7a7d3350-85fc-654f-fb57-6d9047fa4578,A95_7306b.jpg
http://pi.lib.uchicago.edu/1001/org/ochre/94e5b051-3119-a743-d4ee-a62490f3b1a4,A95_7309a.jpg
http://pi.lib.uchicago.edu/1001/org/ochre/44f73a2f-ebc8-98d6-2801-42d0b00891b6,A95_7310a.jpg
http://pi.lib.uchicago.edu/1001/org/ochre/d6ff70ef-a103-35d7-69c2-f921f312a83c,A95_7311a.jpg
http://pi.lib.uchicago.edu/1001/org/ochre/1099ec93-2805-f1eb-226a-ef82197f1df3,A95_7312a.jpg
http://pi.lib.uchicago.edu/1001/org/ochre/000ff24f-f0a0-780d-d8b8-a62a44652c1a,A95_7313a.jpg
http://pi.lib.uchicago.edu/1001/org/ochre/6dd91474-35e9-363c-e2c2-0e5c4ea4f061,A95_7338a.jpg
http://pi.lib.uchicago.edu/1001/org/ochre/6a1df7e7-ce59-ca92-a56b-8dacb7e6216a,A95_7356a.jpg
http://pi.lib.uchicago.edu/1001/org/ochre/428f291c-fb2c-3e80-fb69-1ed8e629b42d,A95_7373a.jpg
http://pi.lib.uchicago.edu/1001/org/ochre/3c466502-1a6b-43e7-8628-288d8995e2c3,A95_7388a.jpg
http://pi.lib.uchicago.edu/1001/org/ochre/9c892807-8b40-2157-e25d-6f554b690184,A95_7408a.jpg
http://pi.lib.uchicago.edu/1001/org/ochre/ad7a4a0d-6987-3a34-3f8d-11134c8a7887,A95_7410a.jpg
http://pi.lib.uchicago.edu/1001/org/ochre/e0d826f6-5cbc-a50a-90c9-4ceaa4dd7d8d,A96_7511b.jpg
http://pi.lib.uchicago.edu/1001/org/ochre/d79d756b-dbaf-5ef7-7d25-38938ef2211a,A96_7536.jpg
http://pi.lib.uchicago.edu/1001/org/ochre/09cacb38-a3b6-17a2-63e6-77491fa6db54,A96_7549.jpg
http://pi.lib.uchicago.edu/1001/org/ochre/02518217-b780-926a-5e45-169f5fba8338,A96_7550.jpg
http://pi.lib.uchicago.edu/1001/org/ochre/1a9fd223-b1b8-c6f6-d409-eb794114dfd0,A96_7561.jpg
http://pi.lib.uchicago.edu/1001/org/ochre/65c73a16-3dfa-48df-acb6-7dd55e148087,A96_7563.jpg
http://pi.lib.uchicago.edu/1001/org/ochre/d9416651-03da-178c-c534-8624f634a322,A96_7571.jpg
http://pi.lib.uchicago.edu/1001/org/ochre/55daf83a-e446-fb87-dad7-75bd889265bd,A96_7572.jpg
http://pi.lib.uchicago.edu/1001/org/ochre/27bee9bf-7f84-37d7-557d-c973d2af4d43,A96_7671.jpg
http://pi.lib.uchicago.edu/1001/org/ochre/d26dca82-b9e4-30ac-be6c-a3900c6baebb,A96_7679a.jpg
http://pi.lib.uchicago.edu/1001/org/ochre/9057394a-8731-3496-7884-f51511da61fe,A96_7679b.jpg
http://pi.lib.uchicago.edu/1001/org/ochre/3167bdc2-1812-35fb-cf0e-cb0f80ec5592,A96_7810a.jpg
http://pi.lib.uchicago.edu/1001/org/ochre/c7935070-1321-bfae-4281-c7219d7f74e3,A96_7884a.jpg
http://pi.lib.uchicago.edu/1001/org/ochre/650a2b8e-0017-f115-deac-6b99f91e44de,A96_7885a.jpg
http://pi.lib.uchicago.edu/1001/org/ochre/4e251bee-4f7a-4e1d-acdd-4bbb892a23c5,A96_7885b.jpg
http://pi.lib.uchicago.edu/1001/org/ochre/6b2c5375-042a-4ef6-96f8-05e94acec114,A96_7904b.jpg
http://pi.lib.uchicago.edu/1001/org/ochre/8117c32a-43f4-44d1-9042-8628d2db97d8,A97_8186b.jpg
http://pi.lib.uchicago.edu/1001/org/ochre/ce306f4d-a38c-49d0-b13c-6b567ea6aaec,A97_8187b.jpg
http://pi.lib.uchicago.edu/1001/org/ochre/921ff059-0764-43ca-9a60-d14073622fac,A97_8188b.jpg
http://pi.lib.uchicago.edu/1001/org/ochre/a27b2c8f-b339-4c67-815a-3aad0f54f0b9,A97_8196a.jpg
http://pi.lib.uchicago.edu/1001/org/ochre/f46420fb-84ce-40db-88bf-6081876e0027,A97_8196b.jpg
http://pi.lib.uchicago.edu/1001/org/ochre/42092950-9893-41b0-8a24-a45af6549979,A97_8197a.jpg
http://pi.lib.uchicago.edu/1001/org/ochre/9944f171-96e4-4fa6-ba06-62eebe642200,A97_8197b.jpg
http://pi.lib.uchicago.edu/1001/org/ochre/efbe7ded-16a9-4c5e-bee4-000a2c13ad30,A97_8199a.jpg
http://pi.lib.uchicago.edu/1001/org/ochre/57f23aa2-642b-4723-b3bc-1f86eb0be7de,A97_8199b.jpg
http://pi.lib.uchicago.edu/1001/org/ochre/f92409c0-60fe-4189-a58a-edc8bfc05dbe,A97_8202a.jpg
http://pi.lib.uchicago.edu/1001/org/ochre/4d7ff88f-3715-47c1-adfa-21d227d449c7,A97_8202b.jpg
http://pi.lib.uchicago.edu/1001/org/ochre/db1182af-a8c9-4293-ae66-7212204879bd,A97_8207a.jpg
http://pi.lib.uchicago.edu/1001/org/ochre/f7a2e98b-ac65-4e3e-91ec-540fc8f6a699,A97_8207b.jpg
http://pi.lib.uchicago.edu/1001/org/ochre/6dba529a-3076-47af-a7d9-d4f7e458d5c4,A97_8268b.jpg
http://pi.lib.uchicago.edu/1001/org/ochre/8df753cb-a5fc-42f6-b0c5-cc89d63149b8,A97_8274b.jpg
http://pi.lib.uchicago.edu/1001/org/ochre/2fc7e24a-0843-4a0c-a3ad-996fc3db728d,A97_8277b.jpg
http://pi.lib.uchicago.edu/1001/org/ochre/11f1536b-ce3c-48df-be97-1e4cbbc9ec2b,A97_8280a.jpg
http://pi.lib.uchicago.edu/1001/org/ochre/0cf6084c-6bdd-4632-8800-d132153509ac,A97_8280b.jpg
http://pi.lib.uchicago.edu/1001/org/ochre/3e3f4af4-6600-4173-bde9-90ce43ed5eb6,A97_8288b.jpg
http://pi.lib.uchicago.edu/1001/org/ochre/a2eb651b-a9bb-4803-88fc-08d7bafd3ee7,A97_8291b.jpg
http://pi.lib.uchicago.edu/1001/org/ochre/d53e0a0c-f8f8-4a0b-8953-87db7130191f,A97_8297b.jpg
http://pi.lib.uchicago.edu/1001/org/ochre/36c3569a-93f2-4a6a-ac2f-2aafe06f6d2c,A97_8298b.jpg
http://pi.lib.uchicago.edu/1001/org/ochre/cc4b90b0-ab1c-4cf7-a5f1-231de1ca8b98,A97_8299b.jpg
http://pi.lib.uchicago.edu/1001/org/ochre/cc6b4f86-0ba6-4edf-bcc0-200c6402a7b7,A97_8302b.jpg
http://pi.lib.uchicago.edu/1001/org/ochre/0aead53f-b12c-47d5-8847-64b3aeb0a8e0,A97_8303a.jpg
http://pi.lib.uchicago.edu/1001/org/ochre/7b1945bb-ec4a-443c-aa9e-6fad0032042c,A97_8308I.jpg
http://pi.lib.uchicago.edu/1001/org/ochre/f6dfd2a9-5444-4b54-b49d-bc8665ab834f,A97_8313a.jpg
http://pi.lib.uchicago.edu/1001/org/ochre/55c2fce7-0a55-4b1f-9503-c4b790984f2a,A97_8319a.jpg
http://pi.lib.uchicago.edu/1001/org/ochre/bc83d464-78d2-45c7-85da-602e67ba03b4,A97_8320a.jpg
http://pi.lib.uchicago.edu/1001/org/ochre/a76ab4d6-04e2-48d1-b820-74bda2a6159b,A97_8329b.jpg
http://pi.lib.uchicago.edu/1001/org/ochre/990c738c-b57c-416e-9470-dbc1e609bd30,A97_8331b.jpg
http://pi.lib.uchicago.edu/1001/org/ochre/1716f75f-8149-4eac-b407-358277f25bce,A97_8350d.jpg
http://pi.lib.uchicago.edu/1001/org/ochre/9d188223-9b10-40da-b286-b4b189fc5cb1,A97_8364a.jpg
http://pi.lib.uchicago.edu/1001/org/ochre/ef507508-2ccf-4532-b1a3-204b7cc5a7ae,A97_8364b.jpg
http://pi.lib.uchicago.edu/1001/org/ochre/c1016c1d-2e5e-a019-050d-fcc286bce5ed,A97_8451p.jpg
http://pi.lib.uchicago.edu/1001/org/ochre/a8b8a35e-9ea7-ae33-9869-0726a4ee2a5a,A97_8491a.jpg
http://pi.lib.uchicago.edu/1001/org/ochre/001409d0-5832-4cdb-c27b-f0f08eb0446e,A97_8491b.jpg
http://pi.lib.uchicago.edu/1001/org/ochre/f3b6103a-8f76-4250-b2e2-68ecf2eec499,A97_8498A.jpg
http://pi.lib.uchicago.edu/1001/org/ochre/15ed206d-d150-69e8-c13e-a8118d367c65,A97_8552b.jpg
http://pi.lib.uchicago.edu/1001/org/ochre/1d01f14f-ffa0-b7c0-20f0-0394033df7fb,A97_8563a.jpg
http://pi.lib.uchicago.edu/1001/org/ochre/481088c6-bc59-1cfc-d38d-d7309df9c592,A97_8563b.jpg
http://pi.lib.uchicago.edu/1001/org/ochre/9bb675cf-6cbc-e3c1-0c36-b0898f8b1640,A97_8563c.jpg
http://pi.lib.uchicago.edu/1001/org/ochre/20f103e6-2f74-46ae-ba69-7f8452b82e5d,A97_8575a.jpg
http://pi.lib.uchicago.edu/1001/org/ochre/c2dbfcfc-5c47-4fb4-84c7-72f89d934609,A97_8576a.jpg
http://pi.lib.uchicago.edu/1001/org/ochre/d2131fb1-fd2c-459d-9c8c-fac0c5f60a7f,A97_8577a.jpg
http://pi.lib.uchicago.edu/1001/org/ochre/5ece776c-a2f8-4c73-90c7-c3ed7c513d7f,A97_8581a.jpg
http://pi.lib.uchicago.edu/1001/org/ochre/296a3ef1-96aa-4889-bffb-cda00cce1bc1,A97_8582a.jpg
http://pi.lib.uchicago.edu/1001/org/ochre/ed8f6bd2-f73f-97ba-161e-b5fd86a1c22c,A97_8587a.jpg
http://pi.lib.uchicago.edu/1001/org/ochre/e0a55aaf-34f8-d864-aec4-4e818a922b9e,A97_8587b.jpg
http://pi.lib.uchicago.edu/1001/org/ochre/2d527919-2d0c-2c5c-8803-34283d24f25b,A97_8615a.jpg
http://pi.lib.uchicago.edu/1001/org/ochre/f14d07ee-9796-3a5f-ef38-3621ff38953e,A97_8615b.jpg
http://pi.lib.uchicago.edu/1001/org/ochre/5c7e1ca7-78b5-3a13-5373-db5e1bdee4c4,A97_8624a.jpg
http://pi.lib.uchicago.edu/1001/org/ochre/7cfbf9f2-765a-071a-8721-a12ca3ab97d1,A97_8624b.jpg
http://pi.lib.uchicago.edu/1001/org/ochre/3c3415e0-aa10-446d-81ad-44593df48a4f,A97_8630a.jpg
http://pi.lib.uchicago.edu/1001/org/ochre/77ce5662-4c1c-41d0-9ef0-abf40f353bc4,A97_8637a.jpg
http://pi.lib.uchicago.edu/1001/org/ochre/be05f034-f52b-465c-b06e-ae79d3615d53,A97_8639a.jpg
http://pi.lib.uchicago.edu/1001/org/ochre/f4d57b11-18fb-4582-bdf4-91b8022a6481,A97_8640a.jpg
http://pi.lib.uchicago.edu/1001/org/ochre/ea92c222-1096-4c2a-9cf8-95674913e4f1,A97_8641a.jpg
http://pi.lib.uchicago.edu/1001/org/ochre/6dffa16c-ce73-4ca7-96f9-ef1e4ddadff8,A97_8642a.jpg
http://pi.lib.uchicago.edu/1001/org/ochre/f5d24cc6-d2c9-46ca-959c-ecd91a35b1e5,A97_8643a.jpg
http://pi.lib.uchicago.edu/1001/org/ochre/88ee5b75-77f8-417f-a875-39d58d6af514,A97_8644a.jpg
http://pi.lib.uchicago.edu/1001/org/ochre/6da915da-0d47-4e11-b1d4-3a31626f1c83,A97_8645a.jpg
http://pi.lib.uchicago.edu/1001/org/ochre/eb0ab887-a632-4029-95e3-60ec81a1d359,A97_8646a.jpg
http://pi.lib.uchicago.edu/1001/org/ochre/57f19031-418b-48ed-8d38-de1b6f259cc3,A97_8647a.jpg
http://pi.lib.uchicago.edu/1001/org/ochre/64c17165-bc5b-49d4-9b53-51b961919645,A97_8648a.jpg
http://pi.lib.uchicago.edu/1001/org/ochre/981ffca8-e2eb-49ac-9648-9d4601fd7b6e,A97_8649a.jpg
http://pi.lib.uchicago.edu/1001/org/ochre/4fab562b-b50f-4a45-b542-346e1825f5b9,A97_8650a.jpg
http://pi.lib.uchicago.edu/1001/org/ochre/27dd0b1e-66d8-4b04-9355-dc4ac8f13efb,A97_8679b.jpg
http://pi.lib.uchicago.edu/1001/org/ochre/52a17890-9d73-4b56-9c72-fc54780011e7,A97_8679c.jpg
http://pi.lib.uchicago.edu/1001/org/ochre/3d08b599-20eb-0b6b-8e98-7d93fa205e15,A97_8695a.jpg
http://pi.lib.uchicago.edu/1001/org/ochre/21ba4419-883c-09b9-d9de-d771609a9223,A97_8695b.jpg
http://pi.lib.uchicago.edu/1001/org/ochre/5d663d74-c635-41ad-af9a-3596606234cf,A97_8775b.jpg
http://pi.lib.uchicago.edu/1001/org/ochre/1920c01d-a2cf-4e8c-b296-cdb65663b8c9,A97_8829a.jpg
http://pi.lib.uchicago.edu/1001/org/ochre/69cfd99c-9be0-406f-8198-b1aa1ee827f2,A97_8837a.jpg
http://pi.lib.uchicago.edu/1001/org/ochre/27942391-835c-4feb-8279-22267adf2cae,A97_8838a.jpg
http://pi.lib.uchicago.edu/1001/org/ochre/84fddedc-59a5-42e4-8c9a-1564c6a72031,A97_8839a.jpg
http://pi.lib.uchicago.edu/1001/org/ochre/d300fe05-7bdf-465b-ba0f-897aeba37b31,A97_8840a.jpg
http://pi.lib.uchicago.edu/1001/org/ochre/0e1b3363-c76b-4f2a-a62b-eca178447781,A97_8841a.jpg
http://pi.lib.uchicago.edu/1001/org/ochre/30c72994-21b1-4938-aa5c-56922d74944e,A97_8842a.jpg
http://pi.lib.uchicago.edu/1001/org/ochre/4ae37747-ca09-4412-aa58-89bdb98aa9bb,A97_8843a.jpg
http://pi.lib.uchicago.edu/1001/org/ochre/06cb35c0-c976-419c-bb18-3ef085b00b77,A97_8844a.jpg
http://pi.lib.uchicago.edu/1001/org/ochre/550459af-e98f-4130-be37-fe264ae7716f,A97_8845a.jpg
http://pi.lib.uchicago.edu/1001/org/ochre/284def17-1cb2-42e7-937b-e95b001f76fe,A97_8846a.jpg
http://pi.lib.uchicago.edu/1001/org/ochre/001d38b0-edce-41e4-89d5-5d6c8e7a39d4,A97_8847a.jpg
http://pi.lib.uchicago.edu/1001/org/ochre/c14789a8-8430-45b5-af27-ec6bf48ea306,A97_8848a.jpg
http://pi.lib.uchicago.edu/1001/org/ochre/e4d5dd9a-3b03-4ccf-86ab-775696880563,A97_8849a.jpg
http://pi.lib.uchicago.edu/1001/org/ochre/b810336b-aa0a-4ed2-9eac-359f853b128b,A97_8850a.jpg
http://pi.lib.uchicago.edu/1001/org/ochre/217cc17a-adf9-490a-a544-3eb47d9d7bfa,A97_8851a.jpg
http://pi.lib.uchicago.edu/1001/org/ochre/2ff219f6-735a-4063-ae14-4e5b447ff60f,A97_8852a.jpg
http://pi.lib.uchicago.edu/1001/org/ochre/bf3f6cca-f58f-46d0-9921-7bc9d20dc2da,A97_8853a.jpg
http://pi.lib.uchicago.edu/1001/org/ochre/2936596c-6963-4bbd-924a-36c4a116dd22,A97_8854a.jpg
http://pi.lib.uchicago.edu/1001/org/ochre/17fb1f5a-2409-40f0-9507-72d8114a42d2,A97_8855a.jpg
http://pi.lib.uchicago.edu/1001/org/ochre/5a9db5be-12dc-4c49-b119-db78d89b5a39,A97_8856a.jpg
http://pi.lib.uchicago.edu/1001/org/ochre/c9d15412-9a02-4ef1-9fdf-99fa059f2614,A97_8857a.jpg
http://pi.lib.uchicago.edu/1001/org/ochre/816326dc-c58d-4f6b-999e-50e6bb236682,A97_8858a.jpg
http://pi.lib.uchicago.edu/1001/org/ochre/36d74c88-dc2a-706f-cf1d-35d9cc7549f0,A97_8893a.jpg
http://pi.lib.uchicago.edu/1001/org/ochre/f9bb2f34-59ec-997e-15e7-d82c2f330382,A97_8893b.jpg
http://pi.lib.uchicago.edu/1001/org/ochre/bc149b65-e653-787f-9027-277221b7aa8f,A97_8913a.jpg
http://pi.lib.uchicago.edu/1001/org/ochre/602996bf-9b64-fc1f-94e6-0c51bdac0c6c,A97_8913b.jpg
http://pi.lib.uchicago.edu/1001/org/ochre/5f5da30c-28fa-cdda-7f3d-d1b947b9f5ca,A97_8954b.jpg
http://pi.lib.uchicago.edu/1001/org/ochre/2973f55f-feff-8d0e-5500-643e76995525,A97_8962a.jpg
http://pi.lib.uchicago.edu/1001/org/ochre/db12b6cc-9dcb-6481-e69e-095e026e9e22,A97_8962b.jpg
http://pi.lib.uchicago.edu/1001/org/ochre/7900cdc2-dab4-dfc9-94fe-945e91f9a00c,A97_8965a.jpg
http://pi.lib.uchicago.edu/1001/org/ochre/187dc6dc-3ed5-2b23-89b2-f56f28e06b7b,A97_8965b.jpg
http://pi.lib.uchicago.edu/1001/org/ochre/fd422ffc-b7fb-b2d0-d040-9582b7a0415f,A97_8965c.jpg
http://pi.lib.uchicago.edu/1001/org/ochre/c3774be2-a768-fcd0-2e1b-9e9ea843dfc7,A97_8965d.jpg
http://pi.lib.uchicago.edu/1001/org/ochre/5db59828-158a-5e6c-d38a-992f749822cf,A97_8966a.jpg
http://pi.lib.uchicago.edu/1001/org/ochre/84ccf7fd-b9a5-72b2-ce3b-48f64cdc5531,A97_8966b.jpg
http://pi.lib.uchicago.edu/1001/org/ochre/82f09e45-b33c-b1e5-2ec7-4ef431bca078,A97_8966c.jpg
http://pi.lib.uchicago.edu/1001/org/ochre/6af30edf-16bb-ad2f-cc71-4e66a847c92d,A97_A8683b.jpg
http://pi.lib.uchicago.edu/1001/org/ochre/db86aff9-1df9-c52f-7f89-9c7b555f0414,A98_10270.jpg
http://pi.lib.uchicago.edu/1001/org/ochre/e49b6439-9632-531c-48c2-8aa37ed2ad36,A98_10277.jpg
http://pi.lib.uchicago.edu/1001/org/ochre/add13bc3-3676-a41f-d58e-09ef81a8cddb,A98_10280.jpg
http://pi.lib.uchicago.edu/1001/org/ochre/4470cdcb-5bc6-83e1-9484-62bc9d43c661,A98_10313.jpg
http://pi.lib.uchicago.edu/1001/org/ochre/23fcc535-261d-56df-ba61-ffcaca79e4f4,A98_10453a.jpg
http://pi.lib.uchicago.edu/1001/org/ochre/26826bd2-622d-f4be-bc59-4a18bce648ab,A98_10454a.jpg
http://pi.lib.uchicago.edu/1001/org/ochre/c24c3732-f4a8-a836-b1a9-8d5a2069ba06,A98_9402a.jpg
http://pi.lib.uchicago.edu/1001/org/ochre/2670c0c7-034d-413e-9627-cdb24af18200,A98_9637b.jpg
http://pi.lib.uchicago.edu/1001/org/ochre/131e4034-44a5-ca03-f516-2abc476ee8cd,A98_9784a.jpg
http://pi.lib.uchicago.edu/1001/org/ochre/6a799d96-8849-6c1b-4d78-e2c0ee5de138,A98_9784b.jpg
http://pi.lib.uchicago.edu/1001/org/ochre/a2ad2909-2e92-ed9e-afb3-b566fddc33a2,A98_9785b.jpg
http://pi.lib.uchicago.edu/1001/org/ochre/b196a4d4-2bc5-2cb9-6565-ad41455daa1e,A98_9785c.jpg
http://pi.lib.uchicago.edu/1001/org/ochre/5f4581e2-bde6-9d78-561e-67f5e56b5705,A98_9786a.jpg
http://pi.lib.uchicago.edu/1001/org/ochre/f85d564d-419e-83d6-3865-cd29ce9c847b,A98_9786b.jpg
http://pi.lib.uchicago.edu/1001/org/ochre/078b8473-a246-2e48-c5c3-fa1719385553,A98_9903a.jpg
http://pi.lib.uchicago.edu/1001/org/ochre/ef279154-69a0-5619-9cc1-c07176c50d8c,A99_12113A.jpg
http://pi.lib.uchicago.edu/1001/org/ochre/8a1c5ddf-cb30-6212-fe90-6f03aee4b4c7,A99_12113B.jpg
http://pi.lib.uchicago.edu/1001/org/ochre/1ba85d97-ce22-9594-805c-5ff077c12d39,A99_12131A.jpg
http://pi.lib.uchicago.edu/1001/org/ochre/0e8b307e-70f0-07a7-9e3f-05921e8d330a,A99_12131B.jpg
http://pi.lib.uchicago.edu/1001/org/ochre/91ce4774-68ee-d291-c1d0-028f1f369529,A99_12244a.jpg
http://pi.lib.uchicago.edu/1001/org/ochre/e2294834-ad24-907f-ab3a-cdef428b5e00,A99_12268a.jpg
http://pi.lib.uchicago.edu/1001/org/ochre/70fb8297-99f7-49a5-aab6-5df06e55df6a,A99_12354b.jpg
http://pi.lib.uchicago.edu/1001/org/ochre/d5e94e7f-afd7-6b82-4988-1c2d8efe8ae7,A99_12355a.jpg
http://pi.lib.uchicago.edu/1001/org/ochre/9b1a5730-b9ea-04d2-20e0-c42c7f680d4b,A99_12355b.jpg
http://pi.lib.uchicago.edu/1001/org/ochre/2b15bd56-1286-ee5f-8d24-9533a8fbd0df,A99_12356a.jpg
http://pi.lib.uchicago.edu/1001/org/ochre/2feef0a8-e6cf-a803-42a3-2a255e9346fa,A99_12356c.jpg
http://pi.lib.uchicago.edu/1001/org/ochre/55f88bd5-5e4f-8e8d-a135-ae9eb79e136f,A99_12357a.jpg
http://pi.lib.uchicago.edu/1001/org/ochre/0b6565a0-4842-afb7-26e5-5c44c61fd397,A99_12357b.jpg
http://pi.lib.uchicago.edu/1001/org/ochre/05b20eba-6e68-3756-d333-f5fe1dfde2ac,A99_12358a.jpg
http://pi.lib.uchicago.edu/1001/org/ochre/13cfd7ce-3c02-f387-03f2-57d30aa23297,A99_12358b.jpg
http://pi.lib.uchicago.edu/1001/org/ochre/3944ef3f-2ef6-c0e8-2f71-a807fbf4216b,A99_12358c.jpg
http://pi.lib.uchicago.edu/1001/org/ochre/c266dff3-6929-19b3-7a70-d396cb43df47,A99_12359b.jpg
http://pi.lib.uchicago.edu/1001/org/ochre/125995ab-5851-6566-8ec1-cf358d3e9e29,A99_12359c.jpg
http://pi.lib.uchicago.edu/1001/org/ochre/3ce8aa66-3638-3295-6626-1bfc1e594b5b,A99_12360a.jpg
http://pi.lib.uchicago.edu/1001/org/ochre/26d22e17-8769-82ab-a6bc-d51b025d748a,A99_12360b.jpg
http://pi.lib.uchicago.edu/1001/org/ochre/e2c5be97-6e59-3521-2239-60c857b1c67e,A99_12360c.jpg
http://pi.lib.uchicago.edu/1001/org/ochre/4b2abf4a-8d81-9f3c-0cad-c2609d828eb5,A99_12361a.jpg
http://pi.lib.uchicago.edu/1001/org/ochre/ba9d786b-9784-6dfb-f220-fc8ea07feb30,A99_12361b.jpg
http://pi.lib.uchicago.edu/1001/org/ochre/b2310bf3-f7a8-96ca-0359-577fe2fd0e61,A99_12361c.jpg
http://pi.lib.uchicago.edu/1001/org/ochre/33bb4fb7-98ce-6263-e7c3-2f860582d8c6,A99_12362a.jpg
http://pi.lib.uchicago.edu/1001/org/ochre/bf18cca9-5a3c-079c-6d36-5ab4343a24b8,A99_12362b.jpg
http://pi.lib.uchicago.edu/1001/org/ochre/d9fda673-ccb8-13b9-faf0-bd6b24038ab2,A99_12362c.jpg
http://pi.lib.uchicago.edu/1001/org/ochre/6107f4af-fa4e-b8ff-ea92-aedf25f377a6,A99_12363a.jpg
http://pi.lib.uchicago.edu/1001/org/ochre/104de9ef-df1a-fe60-7bf9-1e95e1e1405f,A99_12363b.jpg
http://pi.lib.uchicago.edu/1001/org/ochre/2b962707-c224-0a8f-61b9-6cd43c8c7658,A99_12363c.jpg
http://pi.lib.uchicago.edu/1001/org/ochre/5edf2861-ff41-a0d5-7bc6-7156eddcc915,A99_12364a.jpg
http://pi.lib.uchicago.edu/1001/org/ochre/cee18ba7-0e23-f3d2-532e-dbc81f4ac3ca,A99_12364b.jpg
http://pi.lib.uchicago.edu/1001/org/ochre/b858943f-79c3-d1a2-61b5-c9bfc6f7fbad,A99_12364c.jpg
http://pi.lib.uchicago.edu/1001/org/ochre/03b776c4-9470-047e-e3a6-8a40afb963f7,A99_12365a.jpg
http://pi.lib.uchicago.edu/1001/org/ochre/330406a5-a1e0-5ffc-4b74-5e1c7a6a02db,A99_12365b.jpg
http://pi.lib.uchicago.edu/1001/org/ochre/b6a6f81c-3af0-1454-b0c4-f27c1da653dd,A99_12366a.jpg
http://pi.lib.uchicago.edu/1001/org/ochre/bb764bcf-7101-d1c1-5894-b7251e449ef3,A99_12366b.jpg
http://pi.lib.uchicago.edu/1001/org/ochre/343d89e1-56b1-b277-6405-a67e764329fc,A99_12366c.jpg
http://pi.lib.uchicago.edu/1001/org/ochre/852040b9-4d0b-82c0-433c-815f43d8fe52,A99_12367a.jpg
http://pi.lib.uchicago.edu/1001/org/ochre/5871f0f7-0fa7-8055-5bfc-0540be9d2cb0,A99_12367c.jpg
http://pi.lib.uchicago.edu/1001/org/ochre/401a39e2-3786-35b0-f30e-77916c5e137e,A99_12368b.jpg
http://pi.lib.uchicago.edu/1001/org/ochre/6f414e3f-8ce9-2112-1ea8-17fa7b7ffe12,A99_12368c.jpg
http://pi.lib.uchicago.edu/1001/org/ochre/bd927b96-2048-c5b2-7495-25ac1a7c9c1b,A99_12369b.jpg
http://pi.lib.uchicago.edu/1001/org/ochre/eef13568-31ab-82fd-38f0-8798a69a0f24,A99_12369c.jpg
http://pi.lib.uchicago.edu/1001/org/ochre/29816459-1f43-35c8-0020-1e3d63bed0dc,A99_12370b.jpg
http://pi.lib.uchicago.edu/1001/org/ochre/1a4987de-dc25-e8c0-8976-64241035bbf5,A99_12370c.jpg
http://pi.lib.uchicago.edu/1001/org/ochre/6ff58dc6-f023-0f1c-8f7d-b5e8c39266c2,A99_12371a.jpg
http://pi.lib.uchicago.edu/1001/org/ochre/e7a8c82b-e191-6a46-af15-2e89038db79c,A99_12371b.jpg
http://pi.lib.uchicago.edu/1001/org/ochre/ce17b1a9-265b-c171-ee41-c12b81901453,A99_12372a.jpg
http://pi.lib.uchicago.edu/1001/org/ochre/e5c25686-235b-e6b4-3215-1cc8aa9a18fa,A99_12372c.jpg
http://pi.lib.uchicago.edu/1001/org/ochre/275107cd-a8fe-4bf5-21f7-b62f4087d595,A99_12373a.jpg
http://pi.lib.uchicago.edu/1001/org/ochre/2d5a0512-48f7-f648-b9a3-75276013547b,A99_12373c.jpg
http://pi.lib.uchicago.edu/1001/org/ochre/830950eb-5300-e089-7dce-9c303b4b84a5,A99_12374a.jpg
http://pi.lib.uchicago.edu/1001/org/ochre/89122dfc-b1a6-478e-fc0e-99dd924fab23,A99_12374b.jpg
http://pi.lib.uchicago.edu/1001/org/ochre/5739be9f-72af-6d3d-9ada-f2a759d2129d,A99_12375a.jpg
http://pi.lib.uchicago.edu/1001/org/ochre/a660ebb9-740c-a6e8-7e33-9908078bf015,A99_12375c.jpg
http://pi.lib.uchicago.edu/1001/org/ochre/fb069618-c994-14c3-2805-add61288777a,A99_12376a.jpg
http://pi.lib.uchicago.edu/1001/org/ochre/9511cfef-e25f-f084-2eef-e61ff47892af,A99_12376c.jpg
http://pi.lib.uchicago.edu/1001/org/ochre/57e51469-0074-7dba-80af-6136e8fd81ad,A99_12377a.jpg
http://pi.lib.uchicago.edu/1001/org/ochre/14278363-bd9e-88b8-2210-87c7a42eb8d1,A99_12377c.jpg
http://pi.lib.uchicago.edu/1001/org/ochre/fc665f17-e9cd-0a24-262a-c56b89c94e2d,A99_12378a.jpg
http://pi.lib.uchicago.edu/1001/org/ochre/969e1127-0d5f-6722-1245-76c019b6216e,A99_12378c.jpg
http://pi.lib.uchicago.edu/1001/org/ochre/e3b05cda-a760-8710-9739-014adf0b486d,A99_12379b.jpg
http://pi.lib.uchicago.edu/1001/org/ochre/fc8ae838-2c7f-10ab-0e0a-2e7bb96016f1,A99_12379c.jpg
http://pi.lib.uchicago.edu/1001/org/ochre/2072b211-bc29-3a27-c29a-7cd415d70642,A99_12382a.jpg
http://pi.lib.uchicago.edu/1001/org/ochre/bd8d7ad3-7c1f-44d3-d24e-efe709a39ddc,A99_12382b.jpg
http://pi.lib.uchicago.edu/1001/org/ochre/20960221-dafa-3a4a-805d-51b542a44e2e,A99_12416a.jpg
http://pi.lib.uchicago.edu/1001/org/ochre/656afac7-a261-55d3-d184-c4de6e0adac7,A99_12416b.jpg
http://pi.lib.uchicago.edu/1001/org/ochre/4dcd7823-35ab-aba5-dce0-77949f5e98cf,A99_12417a.jpg
http://pi.lib.uchicago.edu/1001/org/ochre/3b6b54ba-ebc7-58a1-608c-954ce3dddb56,A99_12417b.jpg
http://pi.lib.uchicago.edu/1001/org/ochre/0f750987-272d-7121-8803-fd080144b3bc,A99_12418b.jpg
http://pi.lib.uchicago.edu/1001/org/ochre/d93e6b75-c5b5-4156-22a1-ea118cd133cb,A99_12418c.jpg
http://pi.lib.uchicago.edu/1001/org/ochre/2d65ea4f-c5d7-2d46-a773-991f82e3e36d,A99_12420a.jpg
http://pi.lib.uchicago.edu/1001/org/ochre/7651cbec-c3a5-1e77-cd91-edb83a268606,A99_12420b.jpg
http://pi.lib.uchicago.edu/1001/org/ochre/d3428d6d-e600-9d55-43ea-a3236fb056c8,A99_12420c.jpg
http://pi.lib.uchicago.edu/1001/org/ochre/2bc09817-713b-f232-4491-a74ac6cdb805,A99_12420d.jpg
http://pi.lib.uchicago.edu/1001/org/ochre/a21ca68e-6d28-7305-d272-fad6fad65268,A99_12420e.jpg
http://pi.lib.uchicago.edu/1001/org/ochre/1a8192f9-d36b-2287-16f0-90af42f53273,A99_12421b.jpg
http://pi.lib.uchicago.edu/1001/org/ochre/a84c3bea-f219-f00b-c137-ef534bcfeb4a,A99_12421c.jpg
http://pi.lib.uchicago.edu/1001/org/ochre/34b0686a-3eb5-f2d9-a17e-213ec0787308,A99_12424b.jpg
http://pi.lib.uchicago.edu/1001/org/ochre/65f39680-d4d5-322c-a4db-c19e06cc7af6,A99_12424c.jpg
http://pi.lib.uchicago.edu/1001/org/ochre/6e871715-09a4-a2fb-de54-db70b4fd9de0,A99_12427b.jpg
http://pi.lib.uchicago.edu/1001/org/ochre/3326ca6d-343a-eafc-48a1-bf6cdc208c33,A99_12428b.jpg
http://pi.lib.uchicago.edu/1001/org/ochre/0b1006ad-920d-cc28-eaef-f7ca8d7d40aa,A99_12428c.jpg
http://pi.lib.uchicago.edu/1001/org/ochre/1f34f753-cd22-578b-966d-4968a9dc2c97,A99_12429b.jpg
http://pi.lib.uchicago.edu/1001/org/ochre/d795b0b3-911f-9304-4d83-70238e0c456c,A99_12429c.jpg
http://pi.lib.uchicago.edu/1001/org/ochre/5648da7e-f550-cd91-42a1-2f0189fc05da,A99_12429d.jpg
http://pi.lib.uchicago.edu/1001/org/ochre/332aeb54-63c8-ec32-8a33-8b2fd42b2f32,A99_12436a.jpg
http://pi.lib.uchicago.edu/1001/org/ochre/96408638-1c5b-8b7e-b502-1d5024c1f7af,A99_12436b.jpg
http://pi.lib.uchicago.edu/1001/org/ochre/fe150620-7478-de1c-e33b-6d2bd121e648,A99_12437a.jpg
http://pi.lib.uchicago.edu/1001/org/ochre/46d27634-8693-8060-baf9-2a58f0c96598,A99_12437b.jpg
http://pi.lib.uchicago.edu/1001/org/ochre/af2022e1-6bd6-7005-2188-1bfd51d6c039,A99_12437c.jpg
http://pi.lib.uchicago.edu/1001/org/ochre/3893c5be-ea79-03a8-6dc8-56f478821177,A99_12438b.jpg
http://pi.lib.uchicago.edu/1001/org/ochre/636f7a5b-ad4c-e705-c7ba-4fff66b5088a,A99_12442a.jpg
http://pi.lib.uchicago.edu/1001/org/ochre/8639b120-856e-f96b-3e4a-d06b17bec750,A99_12442b.jpg
http://pi.lib.uchicago.edu/1001/org/ochre/a217e0b6-e51c-2e13-9d5a-3fccf8a368c7,A99_12442c.jpg
http://pi.lib.uchicago.edu/1001/org/ochre/ea940177-d2dc-2786-59c8-a2974b8a883e,A99_12442d.jpg
http://pi.lib.uchicago.edu/1001/org/ochre/7e715016-22b0-fa56-8854-3575105b4ccc,A99_12443a.jpg
http://pi.lib.uchicago.edu/1001/org/ochre/67536268-bb73-9527-bba5-a9c9d95a430e,A99_12443b.jpg
http://pi.lib.uchicago.edu/1001/org/ochre/f4765b2c-389f-fd04-eb4a-d96dd099c9c0,A99_12445a.jpg
http://pi.lib.uchicago.edu/1001/org/ochre/8844079b-1543-361a-ffa3-c42a3f6f329f,A99_12445b.jpg
http://pi.lib.uchicago.edu/1001/org/ochre/98028c6f-c138-56e7-b103-ffd002df0694,A99_12445c.jpg
http://pi.lib.uchicago.edu/1001/org/ochre/24f1aa6e-9d71-2993-4527-4f774db88554,A99_12445d.jpg
http://pi.lib.uchicago.edu/1001/org/ochre/d5acc3f3-37aa-5637-48ab-8a1e9d644eb9,A99_12449a.jpg
http://pi.lib.uchicago.edu/1001/org/ochre/b89e2778-b609-5ae0-b59b-a0bff5d4ef4e,A99_12449b.jpg
http://pi.lib.uchicago.edu/1001/org/ochre/144df0d8-f12c-2b09-cdd5-31684d80ab9b,A99_12453b.jpg
http://pi.lib.uchicago.edu/1001/org/ochre/1fb76f15-1e15-6fcf-a756-087d741985e4,A99_12507a.jpg
http://pi.lib.uchicago.edu/1001/org/ochre/26c80491-b456-9882-26d7-cf8feb97393a,A99_12507b.jpg
http://pi.lib.uchicago.edu/1001/org/ochre/89bb6cd8-c782-564a-8c5e-3d5486077215,A99_12508a.jpg
http://pi.lib.uchicago.edu/1001/org/ochre/a1b6c327-ae38-b145-9367-01adade53509,A99_12508b.jpg
http://pi.lib.uchicago.edu/1001/org/ochre/46bf1ad5-c7d8-0c8d-e9a7-13a5a7ac213e,A99_12519a.jpg
http://pi.lib.uchicago.edu/1001/org/ochre/3d287815-e6fb-5a86-3d9a-ed80644f3b12,A99_12519b1.jpg
http://pi.lib.uchicago.edu/1001/org/ochre/4a2b0044-8d20-a18a-219d-b75585e485a4,A99_12519b2.jpg
http://pi.lib.uchicago.edu/1001/org/ochre/17cc4795-d838-1000-9737-50587952f679,A99_12519c1.jpg
http://pi.lib.uchicago.edu/1001/org/ochre/0019ff2b-9ad4-16dd-d8ca-475984fd57ef,A99_12519c2.jpg
http://pi.lib.uchicago.edu/1001/org/ochre/4d82c457-829d-fae1-6bd6-c11237abfc2e,A99_12519c3.jpg
http://pi.lib.uchicago.edu/1001/org/ochre/646de2cc-659b-6021-76c4-6dee0c600f96,A99_12519c4.jpg
http://pi.lib.uchicago.edu/1001/org/ochre/adc2f628-e8fc-4465-b427-32d5eab8d9c4,A99_12519c5.jpg
http://pi.lib.uchicago.edu/1001/org/ochre/8d755f40-338e-101d-1df6-9ea23f232991,A99_12519c6.jpg
http://pi.lib.uchicago.edu/1001/org/ochre/374deabf-80e4-a7ee-0b11-f806987d451a,A99_12519c7.jpg
http://pi.lib.uchicago.edu/1001/org/ochre/63e0e267-8145-fa73-1705-511b992f9468,A99_12680b.jpg
http://pi.lib.uchicago.edu/1001/org/ochre/a9c37b2e-e3f9-7d1e-8d37-44ca7c48f4a8,A99_12682a.jpg
http://pi.lib.uchicago.edu/1001/org/ochre/b729a7af-9921-8be8-86fa-95ff87b67e48,A99_12682b.jpg
http://pi.lib.uchicago.edu/1001/org/ochre/58435c6c-4ebc-c7e1-d6ea-3d5493cdc56d,A99_12761a.jpg
http://pi.lib.uchicago.edu/1001/org/ochre/266c1285-e253-ca76-037b-80b88b16dab4,A99_12761b.jpg
http://pi.lib.uchicago.edu/1001/org/ochre/368994d0-9457-61c2-3092-d5cc2e5bc929,A99_12783a.jpg
http://pi.lib.uchicago.edu/1001/org/ochre/e9460ea0-cdeb-e380-881f-9ea4c64c1cbb,A99_12783b.jpg
http://pi.lib.uchicago.edu/1001/org/ochre/2f688702-4883-87f6-1808-1906f92d5571,A99_12787a.jpg
http://pi.lib.uchicago.edu/1001/org/ochre/aa786d90-8228-52d0-6132-62fe4a3cd9b9,A99_12787b.jpg
http://pi.lib.uchicago.edu/1001/org/ochre/5a3c2a20-e8a1-ea2e-9e59-e0f20cc2fea8,A99_12827a.jpg
http://pi.lib.uchicago.edu/1001/org/ochre/380b2c2b-ed0e-a8b4-a18a-88f947590223,A99_12827b.jpg
http://pi.lib.uchicago.edu/1001/org/ochre/4f722477-cd66-3658-3d08-54ed02121362,A99_12837a.jpg
http://pi.lib.uchicago.edu/1001/org/ochre/c165aa77-edec-1d41-14ef-ec1efabef75a,A99_12837b.jpg
http://pi.lib.uchicago.edu/1001/org/ochre/8524055a-c0ca-fb3e-3698-223455fd245d,A99_12850a.jpg
http://pi.lib.uchicago.edu/1001/org/ochre/8ae8ddb4-bc62-5543-aa1b-ae94e76a091e,A99_12850b.jpg