filename,ochre_metadata
A00_12900b.jpg,https://pi.lib.uchicago.edu/1001/org/ochre/6e208c11-fda5-40f1-be21-db105102062a
A00_12904b.jpg,https://pi.lib.uchicago.edu/1001/org/ochre/72bffdc0-52f2-4422-8411-d1dc51de71d9
A00_12912c.jpg,https://pi.lib.uchicago.edu/1001/org/ochre/61399dc3-c25f-25ae-ae64-bdc525bb278f
A00_12915c.jpg,https://pi.lib.uchicago.edu/1001/org/ochre/6504860d-a130-4e7d-ab13-a56be895cc66
A00_12926.jpg,https://pi.lib.uchicago.edu/1001/org/ochre/1c41dc3c-13d6-4f50-870e-8850fb56697a
A00_12932b.jpg,https://pi.lib.uchicago.edu/1001/org/ochre/d83cefda-00c5-4506-a6fc-531536ac487a
A00_12955a.jpg,https://pi.lib.uchicago.edu/1001/org/ochre/b24ef7f1-d8d3-4e6b-b1ad-b0d1cfafd085
A00_12964a.jpg,https://pi.lib.uchicago.edu/1001/org/ochre/fa8a5710-8888-44d7-87bd-c681f0d324ea
A00_13057.jpg,https://pi.lib.uchicago.edu/1001/org/ochre/41b04d10-6ae6-4a9d-b70b-77554093e468
A00_13389a.jpg,https://pi.lib.uchicago.edu/1001/org/ochre/5dcfd9f4-7345-4c4a-84f5-dd7eaa3cfb40
A00_13784b.jpg,https://pi.lib.uchicago.edu/1001/org/ochre/db8c29af-76dc-4293-a59c-9fc8d4c98ee2
A00_15009a2.jpg,https://pi.lib.uchicago.edu/1001/org/ochre/f02ff5ab-2eda-d8ae-247c-058a01d0c344
A00_15523b.jpg,https://pi.lib.uchicago.edu/1001/org/ochre/1a69defb-25d5-41fc-bf97-c7592dcf93ea
A00_203.jpg,https://pi.lib.uchicago.edu/1001/org/ochre/d57afaab-2946-480b-8f0e-08856fe80b60
A00_204.jpg,https://pi.lib.uchicago.edu/1001/org/ochre/588e8dc4-ccb7-44de-ac0e-8510163b816b
A00_Grid_23.jpg,https://pi.lib.uchicago.edu/1001/org/ochre/87404ea5-fc37-4131-b703-c7e609add1b1
"A00_Grid_50,N.jpg",https://pi.lib.uchicago.edu/1001/org/ochre/280e6651-e565-432a-8baa-a5d5b98c70b4
"A00_Grid_50,W.jpg",https://pi.lib.uchicago.edu/1001/org/ochre/690a7916-fe7f-4667-bc20-a7d3d74ffc45
A00_Grid_50.jpg,https://pi.lib.uchicago.edu/1001/org/ochre/81e4b78f-aed4-4cf9-a6f8-61134ec28a21
A00_silver_coins.jpg,https://pi.lib.uchicago.edu/1001/org/ochre/f7cf85f9-38cc-426b-b5a9-6c900cf1d56f
A00_unlabeled.jpg,https://pi.lib.uchicago.edu/1001/org/ochre/594a8669-c190-4978-8db0-e1e5072ffe5d
A04_13859e.jpg,https://pi.lib.uchicago.edu/1001/org/ochre/159130b9-b802-5c9e-8674-5fd901e84a40
A04_13921.jpg,https://pi.lib.uchicago.edu/1001/org/ochre/f9c237f4-0ec2-2669-5af4-78125a4dfdec
A04_14042d.jpg,https://pi.lib.uchicago.edu/1001/org/ochre/bab94f56-1873-867a-1d9b-a2dc06888351
A04_14042e.jpg,https://pi.lib.uchicago.edu/1001/org/ochre/0f5c6606-6a8a-480e-9b24-221f065b6de8
A85_344b.jpg,https://pi.lib.uchicago.edu/1001/org/ochre/ec67c91a-d498-4fe5-9d69-2001af761041
A88_1880o.jpg,https://pi.lib.uchicago.edu/1001/org/ochre/6dcb554e-e848-4bfb-80f8-405a4f1b55d8
A89_3368.jpg,https://pi.lib.uchicago.edu/1001/org/ochre/4f804f1c-069f-578a-1ddb-bb6ebbd88146
A90_3628b.jpg,https://pi.lib.uchicago.edu/1001/org/ochre/afbd6bf3-c24c-4493-ab59-98f8d62bd9ad
A90_3629c1.jpg,https://pi.lib.uchicago.edu/1001/org/ochre/f948db9d-c6d4-4367-99fe-4fff90c089cc
A90_3629c2.jpg,https://pi.lib.uchicago.edu/1001/org/ochre/ff78684f-501a-4a84-860b-67079c7a4616
A90_3651aa.jpg,https://pi.lib.uchicago.edu/1001/org/ochre/91edf28f-2b28-4c14-bd63-dc3b97857d7f
A90_3651aaa.jpg,https://pi.lib.uchicago.edu/1001/org/ochre/8e37fb29-2b78-4c3f-b626-30908a7974e9
A90_3822b.jpg,https://pi.lib.uchicago.edu/1001/org/ochre/f91fdebc-85ef-467c-b572-54c276c1c8b4
A91_3929-p.jpg,https://pi.lib.uchicago.edu/1001/org/ochre/18d5dcd9-9ca3-41b5-9140-1ecf772cac1f
A91_3942b.jpg,https://pi.lib.uchicago.edu/1001/org/ochre/db10112e-f6f7-465c-8a33-2f87bb63b393
A91_3986-p.jpg,https://pi.lib.uchicago.edu/1001/org/ochre/586d1a69-0e65-40f1-9084-e110d2a7350f
A91_3993-p.jpg,https://pi.lib.uchicago.edu/1001/org/ochre/524eefde-8132-4a7b-9b75-08ec25efd335
A91_3994-p.jpg,https://pi.lib.uchicago.edu/1001/org/ochre/8361de70-26a0-44a3-b2bd-351071110b41
A91_3995-p.jpg,https://pi.lib.uchicago.edu/1001/org/ochre/1f521ee6-678a-45d4-ab74-8097a392e2ad
A91_3996-p.jpg,https://pi.lib.uchicago.edu/1001/org/ochre/340e5224-191c-4c0d-873d-49cd62e6e134
A91_4038-p.jpg,https://pi.lib.uchicago.edu/1001/org/ochre/7e7a4a48-23e7-4a8d-b28d-4f7f554cac8f
A91_4052.jpg,https://pi.lib.uchicago.edu/1001/org/ochre/4deff5f1-2861-4ceb-acf8-6bd914182e99
A91_4076-p.jpg,https://pi.lib.uchicago.edu/1001/org/ochre/1d744f55-8f04-43a5-856d-b4e2499c7051
A91_4099-p.jpg,https://pi.lib.uchicago.edu/1001/org/ochre/dd9d5e7b-8fb2-450d-9d51-c2f2db4157df
A91_4151-p.jpg,https://pi.lib.uchicago.edu/1001/org/ochre/b3e5fa5f-243f-45b2-8020-d268c3246673
A91_4153-p.jpg,https://pi.lib.uchicago.edu/1001/org/ochre/827b2531-d6af-485c-a07a-f3124669a531
A91_4161-p.jpg,https://pi.lib.uchicago.edu/1001/org/ochre/935d0c03-1a26-4eaf-ae6e-c03f89f0011f
A91_4171b-p.jpg,https://pi.lib.uchicago.edu/1001/org/ochre/3cf43a5f-d93b-4bac-9811-44dc75fa36f7
A91_4172-p.jpg,https://pi.lib.uchicago.edu/1001/org/ochre/22883de4-c509-4c46-8677-098144a7b4a7
A91_4205-p.jpg,https://pi.lib.uchicago.edu/1001/org/ochre/fa6b29b9-fab2-4230-80bb-e440bca9edfd
A91_4232.jpg,https://pi.lib.uchicago.edu/1001/org/ochre/20a4a177-1aee-4826-b1ae-10d18cb5bcc7
A91_4234a.jpg,https://pi.lib.uchicago.edu/1001/org/ochre/2bc0ccf1-7dce-f3a2-b5ee-bec1b14171fb
A91_4234b.jpg,https://pi.lib.uchicago.edu/1001/org/ochre/8262b511-a267-4663-8f05-1d6653653c8f
A91_4237.jpg,https://pi.lib.uchicago.edu/1001/org/ochre/c54f81a6-5d26-44ae-a87c-a600d2222ac4
A91_4238.jpg,https://pi.lib.uchicago.edu/1001/org/ochre/5c2fb459-28d6-45d9-983e-24110ca63e4c
A91_4240.jpg,https://pi.lib.uchicago.edu/1001/org/ochre/2f223ed7-9464-4705-9459-e77171e7248e
A91_4987.jpg,https://pi.lib.uchicago.edu/1001/org/ochre/3d954b8e-ae73-44bd-84f9-91966a1e7e44
A92_020.jpg,https://pi.lib.uchicago.edu/1001/org/ochre/252c903d-1755-e108-caa3-b7836afabae1
A92_021.jpg,https://pi.lib.uchicago.edu/1001/org/ochre/7e426b71-43a6-490c-b4b0-022230346563
A92_022.jpg,https://pi.lib.uchicago.edu/1001/org/ochre/fe5f1461-949e-4d61-b3e7-b6bdaadb5173
A92_4382.jpg,https://pi.lib.uchicago.edu/1001/org/ochre/8a35a8d6-b88b-4762-8ca3-4203f6fb684b
A92_4780.jpg,https://pi.lib.uchicago.edu/1001/org/ochre/2659da22-249a-4a24-8124-d1c2bacbd633
A92_4810.jpg,https://pi.lib.uchicago.edu/1001/org/ochre/a5b6c132-4f56-4f0f-8201-d78f2da146b7
A92_4811.jpg,https://pi.lib.uchicago.edu/1001/org/ochre/57dda3aa-ffda-4b75-a03f-3bdd6d593616
A92_4872.jpg,https://pi.lib.uchicago.edu/1001/org/ochre/b9f1ce53-8ab0-4901-a6a5-f41366b4eaff
A92_4873.jpg,https://pi.lib.uchicago.edu/1001/org/ochre/f2102f98-d712-4129-988f-d5700dc4b592
A92_4934a.jpg,https://pi.lib.uchicago.edu/1001/org/ochre/047f7d86-fa7d-4df2-b67a-781c8546fe85
A92_4934b.jpg,https://pi.lib.uchicago.edu/1001/org/ochre/2e83b8db-7ed4-4b3a-9bb4-f08692001855
A92_4934c.jpg,https://pi.lib.uchicago.edu/1001/org/ochre/6edfc91d-7b76-4a8a-979c-f51d178394d4
A92_5181.jpg,https://pi.lib.uchicago.edu/1001/org/ochre/995183f5-ed8e-4ea2-aab4-1579b832772f
A92_5184c.jpg,https://pi.lib.uchicago.edu/1001/org/ochre/1d059240-9ef8-4a3a-a622-ba47208c860a
A92_5287b.jpg,https://pi.lib.uchicago.edu/1001/org/ochre/1b294878-5873-41e4-8d9d-9ba244c2ffe0
A92_5337c.jpg,https://pi.lib.uchicago.edu/1001/org/ochre/ac4b9623-d8e6-f0cc-9031-7c0fa2f59fda
A92_5388b.jpg,https://pi.lib.uchicago.edu/1001/org/ochre/4bf0aa69-f170-4661-b3d8-cbbdbc486105
A92_5388c.jpg,https://pi.lib.uchicago.edu/1001/org/ochre/8343c187-dd24-4121-8922-6fba5648b78b
A92_5390b.jpg,https://pi.lib.uchicago.edu/1001/org/ochre/3650e312-6598-4696-88f4-bf3df9812aa7
A92_5392.jpg,https://pi.lib.uchicago.edu/1001/org/ochre/ec8f7c51-354b-447c-aea8-c1037230685d
A92_5411.jpg,https://pi.lib.uchicago.edu/1001/org/ochre/1447c2fb-00b2-47cc-b345-3cd728d4b49e
A92_5412.jpg,https://pi.lib.uchicago.edu/1001/org/ochre/4bc77721-ec34-4d1e-b048-190f72bbc716
A92_5413.jpg,https://pi.lib.uchicago.edu/1001/org/ochre/11668e3a-e18e-4284-99b2-3eb89af9a3ed
A92_5414.jpg,https://pi.lib.uchicago.edu/1001/org/ochre/e0d83911-fdfb-483a-9c1f-bc532aeec57e
A92_5415.jpg,https://pi.lib.uchicago.edu/1001/org/ochre/f9c3a9da-cd7f-4d3d-bd8d-a9644e19cc78
A92_5416.jpg,https://pi.lib.uchicago.edu/1001/org/ochre/bb8c2141-f5fd-4518-9cc0-3b7f877e1501
A93_5538b.jpg,https://pi.lib.uchicago.edu/1001/org/ochre/2a394748-6580-475f-b79e-a7b65fff4d7c
A93_5581.jpg,https://pi.lib.uchicago.edu/1001/org/ochre/98554f8b-d362-24d5-0885-1ed45f1dd66c
A93_5586b.jpg,https://pi.lib.uchicago.edu/1001/org/ochre/d30d0bbe-8c98-453c-9322-39527ccbfdb2
A93_5638.jpg,https://pi.lib.uchicago.edu/1001/org/ochre/4b6dbbdf-a642-41fa-86b5-a5cab14b23b7
A93_5645b.jpg,https://pi.lib.uchicago.edu/1001/org/ochre/bf1abab4-816c-4972-886e-68e82f548a0b
A93_5649.jpg,https://pi.lib.uchicago.edu/1001/org/ochre/31a4c761-df8e-4394-b6ec-3011c16d5129
A93_5650.jpg,https://pi.lib.uchicago.edu/1001/org/ochre/532bdae4-5344-42ef-9360-5aa80e897ae1
A93_5651.jpg,https://pi.lib.uchicago.edu/1001/org/ochre/63ffbe0d-d97b-4e19-a780-51c1941fd5da
A93_5652.jpg,https://pi.lib.uchicago.edu/1001/org/ochre/066cf3f6-115a-4694-8017-2232134398b4
A93_5659.jpg,https://pi.lib.uchicago.edu/1001/org/ochre/8f973b3b-dbc2-4277-8808-dabec1a74d73
A93_5660.jpg,https://pi.lib.uchicago.edu/1001/org/ochre/ac6453d7-8ced-4618-af98-171e419e9c60
A93_5661.jpg,https://pi.lib.uchicago.edu/1001/org/ochre/3d4f2a83-a8ad-4b80-b99e-2b66646aae6f
A93_5662.jpg,https://pi.lib.uchicago.edu/1001/org/ochre/b7c4bb8b-2476-4a1d-826b-f921bfb575ca
A93_5664.jpg,https://pi.lib.uchicago.edu/1001/org/ochre/1ce1a755-9aa3-4f2b-8818-d6feeec9e425
A93_5665.jpg,https://pi.lib.uchicago.edu/1001/org/ochre/b0dccb1f-c48a-4f04-badb-97ef87f43fa9
A93_5666.jpg,https://pi.lib.uchicago.edu/1001/org/ochre/66a8846d-454c-4743-88e6-c82819ff7d6d
A93_5667.jpg,https://pi.lib.uchicago.edu/1001/org/ochre/66a71385-b654-41f7-a808-bd74931dd06d
A93_5668.jpg,https://pi.lib.uchicago.edu/1001/org/ochre/05fbb622-a3e7-41f5-8217-53f705347e6a
A93_5669.jpg,https://pi.lib.uchicago.edu/1001/org/ochre/07770d58-9dce-4563-a1cb-a4e725c993a6
A93_5670.jpg,https://pi.lib.uchicago.edu/1001/org/ochre/261181d3-a14f-4216-b06a-8aa2f39b752c
A93_5671.jpg,https://pi.lib.uchicago.edu/1001/org/ochre/e4cea469-fef2-4ae1-9c39-82b013b010e8
A93_5672.jpg,https://pi.lib.uchicago.edu/1001/org/ochre/672ca1fe-d298-40cd-9531-ccec3fbde888
A93_5673.jpg,https://pi.lib.uchicago.edu/1001/org/ochre/0d4252f3-abcb-4daa-906c-551af1c46850
A93_5674.jpg,https://pi.lib.uchicago.edu/1001/org/ochre/7b7f56b3-22b0-48c7-82f3-cd72af961778
A93_5675a.jpg,https://pi.lib.uchicago.edu/1001/org/ochre/a452ed10-4cca-437e-b0b5-d4a588259cf1
A93_5675b.jpg,https://pi.lib.uchicago.edu/1001/org/ochre/cfb92070-05cd-4944-a538-9aaac08282c9
A93_5676.jpg,https://pi.lib.uchicago.edu/1001/org/ochre/fd5a53f3-d843-4a7e-b72b-b3123a36e014
A93_5677.jpg,https://pi.lib.uchicago.edu/1001/org/ochre/e61b6f8a-2e3f-48cc-b5eb-9987ca66cc54
A93_5678.jpg,https://pi.lib.uchicago.edu/1001/org/ochre/f4557fb9-afce-4b16-8ea9-cecc908eac6b
A93_5679.jpg,https://pi.lib.uchicago.edu/1001/org/ochre/3d594eed-7b19-4669-a088-8c4dacef6556
A93_5680.jpg,https://pi.lib.uchicago.edu/1001/org/ochre/988a0bfc-cc73-47b2-848d-60529ae3f357
A93_5681.jpg,https://pi.lib.uchicago.edu/1001/org/ochre/5107d883-84f1-4fae-9e74-f9b6b9a95ef7
A93_5682.jpg,https://pi.lib.uchicago.edu/1001/org/ochre/4cf6bca8-30da-4275-ab82-b2171723adc5
A93_5683.jpg,https://pi.lib.uchicago.edu/1001/org/ochre/69800904-8e9f-4a01-9633-9cea96a0193a
A93_5685.jpg,https://pi.lib.uchicago.edu/1001/org/ochre/3a8941fb-b668-486b-d3df-a85297058535
A93_5686.jpg,https://pi.lib.uchicago.edu/1001/org/ochre/a770cef2-b743-4c5f-b14f-c027be7ca6a2
A93_5687.jpg,https://pi.lib.uchicago.edu/1001/org/ochre/37c5bf4b-7d3f-4abc-ac2c-258db4e29e80
A93_5688.jpg,https://pi.lib.uchicago.edu/1001/org/ochre/ac2d0bf9-ffe4-4285-91cb-8d44257a34c6
A93_5689.jpg,https://pi.lib.uchicago.edu/1001/org/ochre/9e7b89eb-0d52-478f-abca-b9fbce2aeaee
A93_5690.jpg,https://pi.lib.uchicago.edu/1001/org/ochre/a91f1eca-9259-4e9a-9afe-b7d38eddfa72
A93_5691.jpg,https://pi.lib.uchicago.edu/1001/org/ochre/6722c212-3fa8-46b9-b4c5-fe7ac5ae886e
A93_5692a.jpg,https://pi.lib.uchicago.edu/1001/org/ochre/7c8028d2-d36e-4465-96b2-9ed505aee93f
A93_5692b.jpg,https://pi.lib.uchicago.edu/1001/org/ochre/46e90a37-2eb7-4257-bf6f-f934dd8680d4
A93_5692c.jpg,https://pi.lib.uchicago.edu/1001/org/ochre/418d80ff-6afd-4d2f-a61c-5b9cf610c4cc
A93_5693.jpg,https://pi.lib.uchicago.edu/1001/org/ochre/fce4a064-1135-49e4-9b6c-cabbef40264d
A93_5694.jpg,https://pi.lib.uchicago.edu/1001/org/ochre/15987c37-8434-42e4-a079-518a39f711f9
A93_5695.jpg,https://pi.lib.uchicago.edu/1001/org/ochre/e1254f93-967e-4187-8075-88b4fc8f4f64
A93_5696.jpg,https://pi.lib.uchicago.edu/1001/org/ochre/e79d6f80-98cd-4a4f-b40e-7797f46605d4
A93_5697.jpg,https://pi.lib.uchicago.edu/1001/org/ochre/7bc699cc-0107-4b66-ad5b-84c6edecb4c5
A93_5698.jpg,https://pi.lib.uchicago.edu/1001/org/ochre/c0e4edd9-679d-44a7-a83f-97c8ee6b36d7
A93_5699.jpg,https://pi.lib.uchicago.edu/1001/org/ochre/e1778aa3-5497-401d-b5d0-e7b7cac6f85c
A93_5700.jpg,https://pi.lib.uchicago.edu/1001/org/ochre/d32fc5e8-05db-41a3-9afb-50edce0e9211
A93_5701.jpg,https://pi.lib.uchicago.edu/1001/org/ochre/186b8b32-851f-4bfc-ad8c-04962df8ae44
A93_5702.jpg,https://pi.lib.uchicago.edu/1001/org/ochre/53ac9821-ba32-448a-8283-1d9bf834c5a8
A93_5703.jpg,https://pi.lib.uchicago.edu/1001/org/ochre/cca34e0c-7ac8-4473-abde-ab75b7f557fc
A93_5704.jpg,https://pi.lib.uchicago.edu/1001/org/ochre/7d36f152-0389-4b1c-8cca-60ff7a5f7dfe
A93_5705.jpg,https://pi.lib.uchicago.edu/1001/org/ochre/70eb3ab1-c4ab-488a-989e-0cf5e1502524
A93_5706.jpg,https://pi.lib.uchicago.edu/1001/org/ochre/dc86d8c9-5c6a-4f0b-a369-b29e5b33d49b
A93_5707.jpg,https://pi.lib.uchicago.edu/1001/org/ochre/fefcd165-2560-4e67-88d5-b785ad908cd1
A93_5708.jpg,https://pi.lib.uchicago.edu/1001/org/ochre/45515d0b-2cf1-4d16-913f-9ab0e43d5339
A93_5709.jpg,https://pi.lib.uchicago.edu/1001/org/ochre/0ea5aebb-0091-4c01-b5c5-dad5260a7c24
A93_5710a.jpg,https://pi.lib.uchicago.edu/1001/org/ochre/951daae4-5307-42b5-8499-47a66dafeebe
A93_5710b.jpg,https://pi.lib.uchicago.edu/1001/org/ochre/d7113b59-edb0-407a-9145-cf60f465a705
A93_5712.jpg,https://pi.lib.uchicago.edu/1001/org/ochre/3ee907cc-faa9-46d2-b3cb-c342c5fa5fb7
A93_5713.jpg,https://pi.lib.uchicago.edu/1001/org/ochre/18f1cd08-67dd-46b9-a2bd-76faf7812a84
A93_5714.jpg,https://pi.lib.uchicago.edu/1001/org/ochre/2941a8ff-ae64-4ab9-bd5f-2b03c2695d0d
A93_5715.jpg,https://pi.lib.uchicago.edu/1001/org/ochre/3c54eaf4-b94b-4bf2-a2ea-880aa4357008
A93_5716a.jpg,https://pi.lib.uchicago.edu/1001/org/ochre/c6f04b17-1b3e-43b3-8dcc-b16b3e61336f
A93_5716b.jpg,https://pi.lib.uchicago.edu/1001/org/ochre/34dc4996-ff34-4d3e-96a3-017036902c50
A93_5716c.jpg,https://pi.lib.uchicago.edu/1001/org/ochre/9bd300cf-4db0-4e57-8378-ac82b9250539
A93_5734b.jpg,https://pi.lib.uchicago.edu/1001/org/ochre/51bf0907-b2d6-4c8c-bcb8-8fd16336a94a
A93_5753a.jpg,https://pi.lib.uchicago.edu/1001/org/ochre/dea350d0-e71e-c589-b4dc-f108e98dcf75
A93_5796a.jpg,https://pi.lib.uchicago.edu/1001/org/ochre/2fdbf47e-2418-6231-b109-7a9f2de77bed
A93_5834.jpg,https://pi.lib.uchicago.edu/1001/org/ochre/aaa87175-7d44-455f-b774-8dfd99f6c75b
A93_5849.jpg,https://pi.lib.uchicago.edu/1001/org/ochre/58ef8374-1557-4e49-a3f0-7ab38bb19e06
A93_5900b.jpg,https://pi.lib.uchicago.edu/1001/org/ochre/7956f6b4-eceb-4e5e-b710-494c8a891309
A93_5964.jpg,https://pi.lib.uchicago.edu/1001/org/ochre/dc034ecb-c924-4ed1-acfe-b8fa0f1129b9
A93_5971b.jpg,https://pi.lib.uchicago.edu/1001/org/ochre/78139651-092b-47ee-8d7a-8b032c257f02
A93_R1F10.jpg,https://pi.lib.uchicago.edu/1001/org/ochre/88775fb3-655a-8873-8f9d-20377fa06e22
A93_R1F2.jpg,https://pi.lib.uchicago.edu/1001/org/ochre/2d8bb1b7-ef06-43df-b637-5eb52aa53243
A93_R1F21.jpg,https://pi.lib.uchicago.edu/1001/org/ochre/23a53938-4687-40fb-a729-679cc3cbc937
A93_R1F22.jpg,https://pi.lib.uchicago.edu/1001/org/ochre/36e222a1-996b-4a3a-afc9-0dccf6fcc3a1
A93_R1F24.jpg,https://pi.lib.uchicago.edu/1001/org/ochre/965d5ed1-ef3f-4e70-8686-8df2dfe48330
A93_R1F26.jpg,https://pi.lib.uchicago.edu/1001/org/ochre/fa56da11-0f74-4950-bcdb-c8c25658cdbc
A93_R1F28.jpg,https://pi.lib.uchicago.edu/1001/org/ochre/37542e60-33d3-4800-8c3f-4a801faf9e6f
A93_R1F32.jpg,https://pi.lib.uchicago.edu/1001/org/ochre/8c11b41a-43da-4e11-afca-17e69d33c20d
A93_R1F34.jpg,https://pi.lib.uchicago.edu/1001/org/ochre/461dee00-4c01-4c2a-a3df-2b892e28e291
A93_R1F36.jpg,https://pi.lib.uchicago.edu/1001/org/ochre/5372c2d5-58f8-44ce-a081-30e534d99470
A93_R1F4.jpg,https://pi.lib.uchicago.edu/1001/org/ochre/3fd04252-9c0e-43c1-9fdd-f29181c3db72
A93_R1F6.jpg,https://pi.lib.uchicago.edu/1001/org/ochre/ff0202ea-54f2-46c9-b296-f376cdc44e3d
A93_r1f7.jpg,https://pi.lib.uchicago.edu/1001/org/ochre/4df15a83-7371-4692-951b-1aab32636aba
A93_R1F8.jpg,https://pi.lib.uchicago.edu/1001/org/ochre/6b602024-c60d-4cf8-a196-bd83d63932b5
A93_r2f12.jpg,https://pi.lib.uchicago.edu/1001/org/ochre/7a816abd-d7ef-440c-a0e2-e4cfe1791aa0
A93_R2F14.jpg,https://pi.lib.uchicago.edu/1001/org/ochre/97b5eadd-6d0c-4fbc-b121-2e373ac2a828
A93_R2F16.jpg,https://pi.lib.uchicago.edu/1001/org/ochre/66fc2122-9e94-436f-b852-128e548e2986
A93_R2F18.jpg,https://pi.lib.uchicago.edu/1001/org/ochre/e8ee132f-ff4c-43ca-8aea-cbc06377ac49
A93_R2F19.jpg,https://pi.lib.uchicago.edu/1001/org/ochre/aeaa7be2-cf78-4ad6-a80c-8fe74155b1b9
A93_R2F21.jpg,https://pi.lib.uchicago.edu/1001/org/ochre/2d2b6a64-b80e-49cd-b860-406356a4a15f
A93_R2F23.jpg,https://pi.lib.uchicago.edu/1001/org/ochre/b4ed4ab9-668b-4a90-8412-ced736747dc6
A93_R2F24.jpg,https://pi.lib.uchicago.edu/1001/org/ochre/fef317c4-247c-452c-9323-9dd902161a9a
A93_R2F27.jpg,https://pi.lib.uchicago.edu/1001/org/ochre/52a93750-87ee-4e61-8221-5cb3fe428280
A93_R2F28.jpg,https://pi.lib.uchicago.edu/1001/org/ochre/5cb643fe-db07-4a50-a327-d7f64e8b489f
A93_r2f3.jpg,https://pi.lib.uchicago.edu/1001/org/ochre/23e6a811-5f31-4add-bacf-fbc16d00c8c8
A93_r2f5.jpg,https://pi.lib.uchicago.edu/1001/org/ochre/0afc098d-fd11-4997-ae2a-5fa438e57c15
A93_r2f9.jpg,https://pi.lib.uchicago.edu/1001/org/ochre/55c9527e-cc5f-4eaa-8943-01c440129d4a
A94_6063a.jpg,https://pi.lib.uchicago.edu/1001/org/ochre/832dc680-3355-1119-e178-b6d46110c26c
A94_6063b.jpg,https://pi.lib.uchicago.edu/1001/org/ochre/8b5125e4-2266-409e-9ddf-a750eb576b14
A94_6154a.jpg,https://pi.lib.uchicago.edu/1001/org/ochre/1f1183eb-ad82-4ec3-9ba7-8b46602bc918
A94_6516a.jpg,https://pi.lib.uchicago.edu/1001/org/ochre/cc64fd81-8338-2b07-113c-09afeee2d056
A94_6516b.jpg,https://pi.lib.uchicago.edu/1001/org/ochre/1d9c829c-4613-4b24-9b00-72eca547ac95
A94_6516c.jpg,https://pi.lib.uchicago.edu/1001/org/ochre/35799661-6d6d-429c-b25f-cf329f3fbe77
A94_6516d.jpg,https://pi.lib.uchicago.edu/1001/org/ochre/d0aa9719-c618-456d-a61b-5a8d2197bb25
A94_6516e.jpg,https://pi.lib.uchicago.edu/1001/org/ochre/3f784eaa-a564-45e0-920d-53ba0e2cc296
A94_6516f.jpg,https://pi.lib.uchicago.edu/1001/org/ochre/97c5c25b-52d8-4155-b7f6-740a15e04882
A94_6558b.jpg,https://pi.lib.uchicago.edu/1001/org/ochre/1429b2dd-a719-493a-9c37-2d85a9e33e4a
A94_6562.jpg,https://pi.lib.uchicago.edu/1001/org/ochre/ed77ac42-2a98-4319-a824-44441886dacf
A94_6586-6631_1.jpg,https://pi.lib.uchicago.edu/1001/org/ochre/e6f6f2dc-4eda-41cc-be50-2151bd4a3355
A94_6586-6631_10.jpg,https://pi.lib.uchicago.edu/1001/org/ochre/e735fafd-10e6-4555-8fe4-d4ad6cd9e3e3
A94_6586-6631_11.jpg,https://pi.lib.uchicago.edu/1001/org/ochre/b47fbc3b-b98c-4289-a395-05e3f17c41ec
A94_6586-6631_12.jpg,https://pi.lib.uchicago.edu/1001/org/ochre/50660b8f-f5e1-489e-b8fd-a6bfbe1afd92
A94_6586-6631_13.jpg,https://pi.lib.uchicago.edu/1001/org/ochre/15cff11c-79aa-4abe-a8a3-8ab8ad877a2b
A94_6586-6631_14.jpg,https://pi.lib.uchicago.edu/1001/org/ochre/29f450c5-0ab6-4be0-82ad-02848b614032
A94_6586-6631_15.jpg,https://pi.lib.uchicago.edu/1001/org/ochre/99280405-0180-478c-96a6-80a3f1706f3d
A94_6586-6631_16.jpg,https://pi.lib.uchicago.edu/1001/org/ochre/7616b2ad-8f2e-4149-ae01-e62ff44fab1f
A94_6586-6631_17.jpg,https://pi.lib.uchicago.edu/1001/org/ochre/6344cb36-2412-4f10-bd19-7ba15854c199
A94_6586-6631_18.jpg,https://pi.lib.uchicago.edu/1001/org/ochre/c638e35f-8988-4495-8142-ed5ffed0d420
A94_6586-6631_19.jpg,https://pi.lib.uchicago.edu/1001/org/ochre/7a801b8b-f467-40e7-ba38-22742349cabe
A94_6586-6631_2.jpg,https://pi.lib.uchicago.edu/1001/org/ochre/68420086-17fd-41f3-89a1-c3d09f0936dc
A94_6586-6631_20.jpg,https://pi.lib.uchicago.edu/1001/org/ochre/8420bf8b-7084-4fc0-93ea-331e410428ac
A94_6586-6631_21.jpg,https://pi.lib.uchicago.edu/1001/org/ochre/f3ab3c56-3584-47fd-b620-859dcdf985d7
A94_6586-6631_22.jpg,https://pi.lib.uchicago.edu/1001/org/ochre/6887a1ee-ec99-44a6-b218-201de17b6e21
A94_6586-6631_23.jpg,https://pi.lib.uchicago.edu/1001/org/ochre/19496801-f669-481a-8c87-64b4dcf3be7a
A94_6586-6631_24.jpg,https://pi.lib.uchicago.edu/1001/org/ochre/69e3c7cd-5f72-482d-955c-e9a746c870e4
A94_6586-6631_25.jpg,https://pi.lib.uchicago.edu/1001/org/ochre/589fb12b-ecf9-4a3d-ac11-4512fcd57132
A94_6586-6631_26.jpg,https://pi.lib.uchicago.edu/1001/org/ochre/b0056054-eafc-4846-b019-aeff56dd36af
A94_6586-6631_27.jpg,https://pi.lib.uchicago.edu/1001/org/ochre/d6c5cb52-f1a7-415d-8135-7196e13ece8a
A94_6586-6631_28.jpg,https://pi.lib.uchicago.edu/1001/org/ochre/a23a9ec0-abe3-444b-bde9-202b10487223
A94_6586-6631_29.jpg,https://pi.lib.uchicago.edu/1001/org/ochre/2b5c985e-4251-46bf-85d2-37bc97b5f7a1
A94_6586-6631_3.jpg,https://pi.lib.uchicago.edu/1001/org/ochre/c02c748e-fc91-4170-8a05-b2e4f677c57d
A94_6586-6631_30.jpg,https://pi.lib.uchicago.edu/1001/org/ochre/08f85505-c47e-4b39-8cfc-1de32ef10fc7
A94_6586-6631_31.jpg,https://pi.lib.uchicago.edu/1001/org/ochre/b81b01b0-9373-4b75-a5bc-bf2edddc9d0a
A94_6586-6631_32.jpg,https://pi.lib.uchicago.edu/1001/org/ochre/aff61711-b3b0-4de1-810a-c6801cfe23f4
A94_6586-6631_33.jpg,https://pi.lib.uchicago.edu/1001/org/ochre/69c644e4-036d-41e6-b327-69c89c83fd4d
A94_6586-6631_34.jpg,https://pi.lib.uchicago.edu/1001/org/ochre/d057c742-d2e9-4ffd-a06e-37a4cea0f41c
A94_6586-6631_35.jpg,https://pi.lib.uchicago.edu/1001/org/ochre/5b6ebc71-0707-4d83-9802-ce1614cb874f
A94_6586-6631_4.jpg,https://pi.lib.uchicago.edu/1001/org/ochre/96028e10-6fc3-4568-9dfc-471b28978184
A94_6586-6631_5.jpg,https://pi.lib.uchicago.edu/1001/org/ochre/f3a14660-a1fc-4bfc-95ee-62dcffcbd20f
A94_6586-6631_6.jpg,https://pi.lib.uchicago.edu/1001/org/ochre/475c712f-5220-418a-aaaf-7ff49d7ee6aa
A94_6586-6631_7.jpg,https://pi.lib.uchicago.edu/1001/org/ochre/79882445-dd3a-4892-948a-712a308f9b2c
A94_6586-6631_8.jpg,https://pi.lib.uchicago.edu/1001/org/ochre/d6fc8f22-f2c7-48b2-81b2-9643e7d963e8
A94_6586-6631_9.jpg,https://pi.lib.uchicago.edu/1001/org/ochre/0322de10-0ea6-4999-a0df-1c7fc49f1781
A94_6636b.jpg,https://pi.lib.uchicago.edu/1001/org/ochre/1d3eeb6e-e5d6-45ed-aba1-48da2432e4e8
A94_6677a2.jpg,https://pi.lib.uchicago.edu/1001/org/ochre/cf258253-b5d4-401f-8905-e0b43732eccd
A94_6689b.jpg,https://pi.lib.uchicago.edu/1001/org/ochre/43de1b9a-250c-4819-9f84-7c5d87b026ea
A94_6708b.jpg,https://pi.lib.uchicago.edu/1001/org/ochre/a6538611-c5d7-4f65-a754-be4590c97a05
A94_6708c.jpg,https://pi.lib.uchicago.edu/1001/org/ochre/2804c70a-2509-4796-8d61-dc62a3a2dad6
A94_6721b.jpg,https://pi.lib.uchicago.edu/1001/org/ochre/6c3cf2c5-2665-4901-95dc-457934b54d91
A94_6728.jpg,https://pi.lib.uchicago.edu/1001/org/ochre/f28b88c1-41a9-4756-95ca-60e61c1d8530
A94_6729.jpg,https://pi.lib.uchicago.edu/1001/org/ochre/cf148568-6baa-4a0a-986b-08b792eabf47
A94_6730.jpg,https://pi.lib.uchicago.edu/1001/org/ochre/e43efa52-7419-4e05-ad01-229c69e38758
A94_6731.jpg,https://pi.lib.uchicago.edu/1001/org/ochre/681e48ce-5fd9-4ccb-9005-c9c9eb0eb602
A95_7034.jpg,https://pi.lib.uchicago.edu/1001/org/ochre/c832932c-5fe3-5ee7-6932-3703b748d016
A95_7039b.jpg,https://pi.lib.uchicago.edu/1001/org/ochre/468af621-d801-4f71-9700-51da498aa97b
A95_7039c.jpg,https://pi.lib.uchicago.edu/1001/org/ochre/e65a814d-7fb6-4d7e-aba7-c09ae47bd729
A95_7052a.jpg,https://pi.lib.uchicago.edu/1001/org/ochre/0a37eb2c-9f9e-94f4-421d-c6a595555cd8
A95_7218a2.jpg,https://pi.lib.uchicago.edu/1001/org/ochre/a9e4c8e1-e155-4ca1-8378-29c75b217f80
A95_7218a3.jpg,https://pi.lib.uchicago.edu/1001/org/ochre/99fa7296-cd57-46ca-8d34-4081ab86b79a
A95_7218b2.jpg,https://pi.lib.uchicago.edu/1001/org/ochre/31d31be0-ea1b-4a4c-bc2a-24a7d14dc9dd
A95_7218d2.jpg,https://pi.lib.uchicago.edu/1001/org/ochre/ed9122f7-d7b2-4c67-9480-8c6f841df563
A95_7218e.jpg,https://pi.lib.uchicago.edu/1001/org/ochre/97c4d888-be8b-458c-9548-ea8b5631c706
A95_7222a.jpg,https://pi.lib.uchicago.edu/1001/org/ochre/89fee4a4-47fe-a144-09df-439885a4e6d5
A95_7222b.jpg,https://pi.lib.uchicago.edu/1001/org/ochre/3bfaa928-bd92-4d68-b960-440f68fe9c24
A95_7222d.jpg,https://pi.lib.uchicago.edu/1001/org/ochre/ec5b3c99-79e1-457d-908a-28a7598517da
A95_7222e.jpg,https://pi.lib.uchicago.edu/1001/org/ochre/07039068-09c0-4e71-8890-7461e40526f8
A95_7222f.jpg,https://pi.lib.uchicago.edu/1001/org/ochre/7c899f06-340e-42de-b6e2-c1198299e757
A95_7222g.jpg,https://pi.lib.uchicago.edu/1001/org/ochre/bda38bf8-93f8-4615-9c30-8b5f9d84736c
A95_7273b.jpg,https://pi.lib.uchicago.edu/1001/org/ochre/0fb0cb6a-dbd8-433d-a9dc-668ff757b7a3
A95_7273c.jpg,https://pi.lib.uchicago.edu/1001/org/ochre/8eaf1e4a-878f-4e7e-8959-287af7933c6f
A95_7273d.jpg,https://pi.lib.uchicago.edu/1001/org/ochre/d93fbd92-247d-41ac-bc19-9f91d7d79786
A95_7273e.jpg,https://pi.lib.uchicago.edu/1001/org/ochre/2e37b77c-1611-47bc-a3b2-2b77e435d85f
A95_7274b.jpg,https://pi.lib.uchicago.edu/1001/org/ochre/ed1f61a4-c79c-41f6-99f2-3ce04242308b
A95_7274c.jpg,https://pi.lib.uchicago.edu/1001/org/ochre/e5658108-0fb2-4020-9219-47d77e97fbe5
A95_7274d.jpg,https://pi.lib.uchicago.edu/1001/org/ochre/454c8dfb-21cd-4f3f-a4a5-912cd872dd3f
A95_7275b.jpg,https://pi.lib.uchicago.edu/1001/org/ochre/6d60fa60-bce7-418d-8857-22031779f841
A95_7309b.jpg,https://pi.lib.uchicago.edu/1001/org/ochre/067e861f-56e5-47ab-b195-38aa12db9a0a
A95_7310b.jpg,https://pi.lib.uchicago.edu/1001/org/ochre/903e10dc-f068-4139-9edf-02e142ca1442
A95_7311b.jpg,https://pi.lib.uchicago.edu/1001/org/ochre/c7055600-7dd7-468f-9fe2-e7ae6bb0d947
A95_7312b.jpg,https://pi.lib.uchicago.edu/1001/org/ochre/c2b96a6c-7c98-44d6-9fdb-4dac7ddc2a09
A95_7338b.jpg,https://pi.lib.uchicago.edu/1001/org/ochre/ad3ca1df-3718-4003-aa2c-0ebda9052cd3
A95_7356b.jpg,https://pi.lib.uchicago.edu/1001/org/ochre/5981aa5f-2706-465d-9d6f-5ac3b7f6d162
A95_7356c.jpg,https://pi.lib.uchicago.edu/1001/org/ochre/0010ed15-3399-49ef-9a67-34fd2285ecc7
A95_7373b.jpg,https://pi.lib.uchicago.edu/1001/org/ochre/55b445fc-c162-429a-9068-4a5cfaf1da64
A95_7408b.jpg,https://pi.lib.uchicago.edu/1001/org/ochre/87eec83d-ed08-4ea1-8084-c4d87974721b
A95_7408c.jpg,https://pi.lib.uchicago.edu/1001/org/ochre/255bd6a5-3b64-4eeb-9f6b-6b897ddf348a
A95_7410b.jpg,https://pi.lib.uchicago.edu/1001/org/ochre/dc7c2e08-bcaa-4921-8bf7-d77fc8f29635
A95_Situlae_group.jpg,https://pi.lib.uchicago.edu/1001/org/ochre/be7d3918-2a68-49c5-a44b-4a387c12c8ec
A96_7525b.jpg,https://pi.lib.uchicago.edu/1001/org/ochre/f2eee7ca-ce3f-45de-be25-d21196cb74da
A96_7645c.jpg,https://pi.lib.uchicago.edu/1001/org/ochre/48e5f508-d569-4465-be6b-3492054dd108
A96_7662b.jpg,https://pi.lib.uchicago.edu/1001/org/ochre/60660bb9-cb9b-4a21-8582-2060411cdfc9
A96_7678a.jpg,https://pi.lib.uchicago.edu/1001/org/ochre/7788bdb5-35c4-f74d-d936-337d27c9c467
A96_7678b.jpg,https://pi.lib.uchicago.edu/1001/org/ochre/0b7a5318-b01b-4233-ab97-ad447d1c8a92
A96_7682_2.jpg,https://pi.lib.uchicago.edu/1001/org/ochre/5339cce6-b4f3-4c20-b24e-eec20064e0dc
A96_7684_2.jpg,https://pi.lib.uchicago.edu/1001/org/ochre/36c54c68-d94e-482e-908a-3d5349c4f17d
A97_8184.jpg,https://pi.lib.uchicago.edu/1001/org/ochre/c9a67fff-0936-44a3-9d36-e71763df14c2
A97_8196.jpg,https://pi.lib.uchicago.edu/1001/org/ochre/a27b2c8f-b339-4c67-815a-3aad0f54f0b9
A97_8335a1.jpg,https://pi.lib.uchicago.edu/1001/org/ochre/f774090f-fb3a-4e24-b965-2326e82333a9
A97_8335b2.jpg,https://pi.lib.uchicago.edu/1001/org/ochre/7c009ef2-8a8e-4a0c-913a-54404b9ec20b
A97_8391a.jpg,https://pi.lib.uchicago.edu/1001/org/ochre/0124694b-fd1d-4b95-9fcd-1189b73a68d8
A97_8430_object.jpg,https://pi.lib.uchicago.edu/1001/org/ochre/27a06ed3-e280-4f81-8ba7-116578df6974
A97_8431_field.jpg,https://pi.lib.uchicago.edu/1001/org/ochre/9ca7c468-34c6-470e-8a6f-014d36508485
A97_8431a_object.jpg,https://pi.lib.uchicago.edu/1001/org/ochre/9ad2c635-3ca7-4c28-8afc-a646fcbe35d1
A97_8431b_object.jpg,https://pi.lib.uchicago.edu/1001/org/ochre/45fdd3d8-c882-4773-9398-1f8307b81a1b
A97_8432_object.jpg,https://pi.lib.uchicago.edu/1001/org/ochre/cc365e4b-4b99-45ac-89c2-363ad1b48f19
A97_8433a_object.jpg,https://pi.lib.uchicago.edu/1001/org/ochre/b8c669d3-0d66-4c3d-8c85-289e54f5cc71
A97_8433b_object.jpg,https://pi.lib.uchicago.edu/1001/org/ochre/94abfcac-e1cf-41e8-8a3d-641cfe917689
A97_8434_field.jpg,https://pi.lib.uchicago.edu/1001/org/ochre/3b92f250-3f41-4c3e-8851-ee58902a253f
A97_8435a_object.jpg,https://pi.lib.uchicago.edu/1001/org/ochre/98565473-bbf6-410a-9dd4-51aec6293112
A97_8435b_object.jpg,https://pi.lib.uchicago.edu/1001/org/ochre/f79c51b0-02d0-442d-9c3e-0dcceed9304a
A97_8435c_object.jpg,https://pi.lib.uchicago.edu/1001/org/ochre/f9c73694-d372-4eff-9ba9-a9f9e03cdc3b
A97_8435e_object.jpg,https://pi.lib.uchicago.edu/1001/org/ochre/0ec5549d-854c-4e79-ad7e-8ec1960c98c4
A97_8436_object.jpg,https://pi.lib.uchicago.edu/1001/org/ochre/173be85d-a973-45a0-8465-89cf093fe957
A97_8437_field.jpg,https://pi.lib.uchicago.edu/1001/org/ochre/b13f4fa0-41da-4d01-ac73-925f92cfc11f
A97_8439_field.jpg,https://pi.lib.uchicago.edu/1001/org/ochre/60ace535-d4b3-400e-9457-f70d88cfd0f9
A97_8450a1.jpg,https://pi.lib.uchicago.edu/1001/org/ochre/9068eff9-bd14-44d5-a8e0-fa696e329067
A97_8575b.jpg,https://pi.lib.uchicago.edu/1001/org/ochre/a25027f7-ac6e-42f4-bbb1-75ecff6327a0
A97_8576b.jpg,https://pi.lib.uchicago.edu/1001/org/ochre/dca449f5-f254-4753-9d98-5dceddeb6d29
A97_8577b.jpg,https://pi.lib.uchicago.edu/1001/org/ochre/0965981f-daed-4cf4-9146-a788eaa6f62a
A97_8581b.jpg,https://pi.lib.uchicago.edu/1001/org/ochre/3293d7ef-d035-4abe-b55b-301eeaa8f121
A97_8630b.jpg,https://pi.lib.uchicago.edu/1001/org/ochre/1d9291eb-04e7-4c25-9ff6-36bc0f742f72
A97_8636b.jpg,https://pi.lib.uchicago.edu/1001/org/ochre/f38dd770-c369-4030-a796-b2c7a0ab3de9
A97_8637b.jpg,https://pi.lib.uchicago.edu/1001/org/ochre/f5af8bff-3126-4cc4-8b90-4bccc60e3bcd
A97_8639b.jpg,https://pi.lib.uchicago.edu/1001/org/ochre/a13d46d9-474d-4850-9205-4f288d17f928
A97_8639c.jpg,https://pi.lib.uchicago.edu/1001/org/ochre/ffbd761e-0540-454a-b9b6-58fda09c8187
A97_8640b.jpg,https://pi.lib.uchicago.edu/1001/org/ochre/2a247a42-f759-43ed-bfef-1fc291b57a24
A97_8641b.jpg,https://pi.lib.uchicago.edu/1001/org/ochre/0ffac298-5fcf-45af-a882-cbd93b4b4a0d
A97_8641c.jpg,https://pi.lib.uchicago.edu/1001/org/ochre/d36c6c16-685d-4a72-9430-74c41c8ff6e5
A97_8642b.jpg,https://pi.lib.uchicago.edu/1001/org/ochre/2261beaa-bb23-4659-9f28-9e7fcdd185b8
A97_8642c.jpg,https://pi.lib.uchicago.edu/1001/org/ochre/68e3210c-59cc-475a-9384-4a2597d28a7d
A97_8643b.jpg,https://pi.lib.uchicago.edu/1001/org/ochre/cfccd931-3853-46d6-aae3-3aa9ed384111
A97_8643c.jpg,https://pi.lib.uchicago.edu/1001/org/ochre/9f85d829-1e43-4cdd-95a4-db6b8cb17274
A97_8644b.jpg,https://pi.lib.uchicago.edu/1001/org/ochre/23a55d16-5c59-4b96-a9f8-e815b269e74c
A97_8644c.jpg,https://pi.lib.uchicago.edu/1001/org/ochre/6cccfccf-4893-4c36-97a1-0cdd5d7ff458
A97_8644d.jpg,https://pi.lib.uchicago.edu/1001/org/ochre/c1978a03-359f-4f44-bdbb-34734bcb608e
A97_8645b.jpg,https://pi.lib.uchicago.edu/1001/org/ochre/78fdf943-bb75-4f21-a65a-7adc5540a585
A97_8645c.jpg,https://pi.lib.uchicago.edu/1001/org/ochre/ced383c6-6647-435a-88bc-a43dbce578ab
A97_8646b.jpg,https://pi.lib.uchicago.edu/1001/org/ochre/99e3d64b-2b5d-4606-ab9f-60c29bb92fb6
A97_8646c.jpg,https://pi.lib.uchicago.edu/1001/org/ochre/01ac5239-b976-4eb2-9399-c8c98b8066c4
A97_8647b.jpg,https://pi.lib.uchicago.edu/1001/org/ochre/56eb54f1-6deb-4db1-94ed-4da699853136
A97_8647c.jpg,https://pi.lib.uchicago.edu/1001/org/ochre/4a9cf5ea-8577-40b5-b3f5-c103bfb94b8f
A97_8647d.jpg,https://pi.lib.uchicago.edu/1001/org/ochre/f3be7e36-9aa7-4b02-a544-7815eba8cab8
A97_8648b.jpg,https://pi.lib.uchicago.edu/1001/org/ochre/598639dd-a6fe-4af8-b0a5-04d61c1355b7
A97_8648c.jpg,https://pi.lib.uchicago.edu/1001/org/ochre/de079505-279e-42aa-9a79-5140d529ca93
A97_8649b.jpg,https://pi.lib.uchicago.edu/1001/org/ochre/cc2bf41b-ebd3-4ed7-b54b-18fda71dea19
A97_8649c.jpg,https://pi.lib.uchicago.edu/1001/org/ochre/77344179-6760-49c9-a620-46e08f7cfecc
A97_8650b.jpg,https://pi.lib.uchicago.edu/1001/org/ochre/fba3125a-b031-47c8-8249-8a8b90df4eeb
A97_8650c.jpg,https://pi.lib.uchicago.edu/1001/org/ochre/5427b328-ae4b-40af-b18e-75044f87d08c
A97_8672c.jpg,https://pi.lib.uchicago.edu/1001/org/ochre/19ede6b4-e416-4dc5-927b-3780c69afeba
A97_8712.jpg,https://pi.lib.uchicago.edu/1001/org/ochre/c4333781-7081-47ba-b68c-3d6c34ba8f08
A97_8713.jpg,https://pi.lib.uchicago.edu/1001/org/ochre/73fad742-1c38-4479-9757-13442bda049e
A97_8736.jpg,https://pi.lib.uchicago.edu/1001/org/ochre/99d83e6f-3d55-499b-b0cd-478292cb23e6
A97_8737.jpg,https://pi.lib.uchicago.edu/1001/org/ochre/db26ebac-2d9e-4fb6-865f-10aec8fe8f2c
A97_8759a.jpg,https://pi.lib.uchicago.edu/1001/org/ochre/d2ac7bf1-8933-4646-a803-25ec03176557
A97_8759b.jpg,https://pi.lib.uchicago.edu/1001/org/ochre/140ae052-460e-4b1e-ac22-cfefb4575ca5
A97_8760a.jpg,https://pi.lib.uchicago.edu/1001/org/ochre/a02d7f86-931c-42ca-8cae-8f1832a697ce
A97_8760b.jpg,https://pi.lib.uchicago.edu/1001/org/ochre/11d87f79-5a31-412e-8320-c3859647d0ef
A97_8760c.jpg,https://pi.lib.uchicago.edu/1001/org/ochre/47588bf7-2bbc-4719-bbc9-b554cff9ba0d
A97_8771a.jpg,https://pi.lib.uchicago.edu/1001/org/ochre/03a06256-06a4-4014-97c5-9d1aea65aec1
A97_8771b.jpg,https://pi.lib.uchicago.edu/1001/org/ochre/7df5a012-7287-4b6d-9729-5b320a7b2ecc
A97_8771c.jpg,https://pi.lib.uchicago.edu/1001/org/ochre/767138c3-1d58-48fa-bacb-702b028ffaa8
A97_8772a.jpg,https://pi.lib.uchicago.edu/1001/org/ochre/3c94fc8a-1ff7-4fcb-b6d3-6ca6667e8494
A97_8772b.jpg,https://pi.lib.uchicago.edu/1001/org/ochre/38f79344-1a69-4a09-94c9-de3b86942ebf
A97_8772c.jpg,https://pi.lib.uchicago.edu/1001/org/ochre/2fd6ba96-03b4-4ff9-be89-1a3a10a02937
A97_8792a.jpg,https://pi.lib.uchicago.edu/1001/org/ochre/4f494d0f-5136-4a92-b5c0-e0aaf7ddc15c
A97_8792b.jpg,https://pi.lib.uchicago.edu/1001/org/ochre/9f9a73fc-452e-4337-b352-23e0cadd4148
A97_8792c.jpg,https://pi.lib.uchicago.edu/1001/org/ochre/75e504c0-61e4-4bbd-a7dd-11589067956c
A97_8793a.jpg,https://pi.lib.uchicago.edu/1001/org/ochre/5df8b556-0a42-4ece-b0ee-2c8612858ad7
A97_8793c.jpg,https://pi.lib.uchicago.edu/1001/org/ochre/ddef331e-988a-46ef-bd3d-d44541fd32a8
A97_8800.jpg,https://pi.lib.uchicago.edu/1001/org/ochre/aa7ddafe-dbf1-4403-be0e-210381cca5bd
A97_8804.jpg,https://pi.lib.uchicago.edu/1001/org/ochre/f1544d6f-715a-4923-a3a0-0afaa7b12fa5
A97_8825d.jpg,https://pi.lib.uchicago.edu/1001/org/ochre/4b2ba85f-81df-4190-893f-54b0b281e1ae
A97_8825f.jpg,https://pi.lib.uchicago.edu/1001/org/ochre/8b4970de-283c-4a3d-b79f-032bfe53b210
A97_8835a.jpg,https://pi.lib.uchicago.edu/1001/org/ochre/dcac3d86-1d33-4e24-8aac-838ffbc059c7
A97_8835b.jpg,https://pi.lib.uchicago.edu/1001/org/ochre/e59d185d-9fd5-4e8b-8474-0dd60aac16d7
A97_8835c.jpg,https://pi.lib.uchicago.edu/1001/org/ochre/dca5d439-fea2-42b4-9a0b-42fe2ea316de
A97_8837b.jpg,https://pi.lib.uchicago.edu/1001/org/ochre/2d916bea-1399-41bb-8e25-5280dbf69f91
A97_8837c.jpg,https://pi.lib.uchicago.edu/1001/org/ochre/159be728-ecbc-4cd7-8290-ffda3378655e
A97_8838b.jpg,https://pi.lib.uchicago.edu/1001/org/ochre/eea8c676-07ca-41b2-980b-1f6073ae6455
A97_8839b.jpg,https://pi.lib.uchicago.edu/1001/org/ochre/97f7415f-73d3-43ac-9db3-a654cd82820c
A97_8839c.jpg,https://pi.lib.uchicago.edu/1001/org/ochre/e6905630-39fa-45dc-92f2-d110a3c7caf6
A97_8840b.jpg,https://pi.lib.uchicago.edu/1001/org/ochre/ff3447c1-bdaa-4d12-b54b-0637c5d30e1d
A97_8840c.jpg,https://pi.lib.uchicago.edu/1001/org/ochre/a6e8410b-14ee-48a5-ac5b-38766d2a987d
A97_8841b.jpg,https://pi.lib.uchicago.edu/1001/org/ochre/f36edf93-7613-46ea-8cff-38f634dd6e00
A97_8841c.jpg,https://pi.lib.uchicago.edu/1001/org/ochre/7b6e5f1f-5e35-4eac-ad15-73623b1dd3c0
A97_8842b.jpg,https://pi.lib.uchicago.edu/1001/org/ochre/c978215c-74d6-4253-a3e5-332d1f0c7396
A97_8842c.jpg,https://pi.lib.uchicago.edu/1001/org/ochre/1f9413ad-7d8e-4998-8ff7-f6669936a0ed
A97_8843b.jpg,https://pi.lib.uchicago.edu/1001/org/ochre/71fc98f9-19bf-433d-bfcb-5f819dabf948
A97_8843c.jpg,https://pi.lib.uchicago.edu/1001/org/ochre/64715c8c-02c1-40f7-8204-d7e7f327a00f
A97_8844b.jpg,https://pi.lib.uchicago.edu/1001/org/ochre/b9ba19f5-b210-4afd-b0ef-764ab8d00b14
A97_8844c.jpg,https://pi.lib.uchicago.edu/1001/org/ochre/6495ec54-37f3-42d6-b459-989869469f8d
A97_8844d.jpg,https://pi.lib.uchicago.edu/1001/org/ochre/b869628d-1095-443a-95ed-f1615a705302
A97_8845b.jpg,https://pi.lib.uchicago.edu/1001/org/ochre/ecf6438d-49d5-41a9-b4d8-22a5ad66ab95
A97_8845c.jpg,https://pi.lib.uchicago.edu/1001/org/ochre/e892fdf7-a073-4584-a17c-f8b9e6c7ba95
A97_8846b.jpg,https://pi.lib.uchicago.edu/1001/org/ochre/7b2823a6-4240-44d8-83ce-92cbf6e64b2b
A97_8847b.jpg,https://pi.lib.uchicago.edu/1001/org/ochre/bbb2f095-90fe-44a0-8fa9-19587ae49ab4
A97_8847c.jpg,https://pi.lib.uchicago.edu/1001/org/ochre/faeb9a31-f1c6-4c6a-a445-58264ca09ba5
A97_8848b.jpg,https://pi.lib.uchicago.edu/1001/org/ochre/55506327-3706-4435-807b-4037ba01e067
A97_8848c.jpg,https://pi.lib.uchicago.edu/1001/org/ochre/93e8c108-2dd2-4ac6-9cb2-99c0d1e16170
A97_8849b.jpg,https://pi.lib.uchicago.edu/1001/org/ochre/606f07fc-49fc-4f0f-94ef-a18c9c9c19e1
A97_8849c.jpg,https://pi.lib.uchicago.edu/1001/org/ochre/9b6570e4-531c-4568-ac58-d1d1d47493ce
A97_8850b.jpg,https://pi.lib.uchicago.edu/1001/org/ochre/ca7044b3-5f3e-4f32-8f02-630980ffd928
A97_8850c.jpg,https://pi.lib.uchicago.edu/1001/org/ochre/0b22e7c8-e648-4e6a-b2df-ea7f1e8a733d
A97_8851b.jpg,https://pi.lib.uchicago.edu/1001/org/ochre/4f54bebc-7684-46b1-8eff-0a56fd48d073
A97_8851c.jpg,https://pi.lib.uchicago.edu/1001/org/ochre/3212fdc4-526f-4465-b68b-0b7d395aee7d
A97_8852b.jpg,https://pi.lib.uchicago.edu/1001/org/ochre/9de00ea1-84bc-433d-857c-7075d2215671
A97_8852c.jpg,https://pi.lib.uchicago.edu/1001/org/ochre/991fa6e8-6e44-434f-af54-1a69bda8491b
A97_8853b.jpg,https://pi.lib.uchicago.edu/1001/org/ochre/dc3e7b53-64d8-4068-a678-105fffc3ff62
A97_8853c.jpg,https://pi.lib.uchicago.edu/1001/org/ochre/19407863-7a4e-4853-8072-e27c2731915e
A97_8854b.jpg,https://pi.lib.uchicago.edu/1001/org/ochre/bccab6fe-58a0-4bdd-bfe2-e0d2b4fcfdb1
A97_8854c.jpg,https://pi.lib.uchicago.edu/1001/org/ochre/5daf36fc-713a-4277-b3a5-97fa6524732a
A97_8855b.jpg,https://pi.lib.uchicago.edu/1001/org/ochre/17fb1f5a-2409-40f0-9507-72d8114a42d2
A97_8856b.jpg,https://pi.lib.uchicago.edu/1001/org/ochre/2c42990a-e18d-4e74-ba71-ee5417a67197
A97_8856c.jpg,https://pi.lib.uchicago.edu/1001/org/ochre/421cd7f9-bb57-49f1-8b55-35da90744aa2
A97_8857b.jpg,https://pi.lib.uchicago.edu/1001/org/ochre/4f664845-7a1a-4dc5-9759-ffb09f9e3fcb
A97_8858b.jpg,https://pi.lib.uchicago.edu/1001/org/ochre/2a9a8332-c82a-48f8-a362-881b4947e5e1
A97_8858c.jpg,https://pi.lib.uchicago.edu/1001/org/ochre/838cd4d8-c090-4648-9434-d65e80cd68a7
A97_8858d.jpg,https://pi.lib.uchicago.edu/1001/org/ochre/e46e8c19-e0f1-4fcd-a0ae-d171be64180b
A97_8915c.jpg,https://pi.lib.uchicago.edu/1001/org/ochre/c20f0135-15c8-4e19-b022-64926514a3be
A97_9179b.jpg,https://pi.lib.uchicago.edu/1001/org/ochre/7d858c16-7796-4964-ae67-c1caf391da55
A97_9180b.jpg,https://pi.lib.uchicago.edu/1001/org/ochre/ed7c047e-6232-49e2-9380-be33be92e79d
A97_9180c.jpg,https://pi.lib.uchicago.edu/1001/org/ochre/f48d0c09-f9e0-480b-aa3e-8f056b3802fe
A97_9180d.jpg,https://pi.lib.uchicago.edu/1001/org/ochre/31e5fffd-9cd4-4b55-b689-ca0d98bf71bd
A97_9180e.jpg,https://pi.lib.uchicago.edu/1001/org/ochre/748a8fb9-a074-4d84-a445-71ac6716ff41
A97_9182.jpg,https://pi.lib.uchicago.edu/1001/org/ochre/8a530087-42aa-4252-a0e8-97c2d2ed0f47
A97_9816d.jpg,https://pi.lib.uchicago.edu/1001/org/ochre/770ac5ca-455b-4d31-9d72-752106515661
A97_9907a.jpg,https://pi.lib.uchicago.edu/1001/org/ochre/63575895-0e74-4220-8d52-df9108499b1b
A97_9925c.jpg,https://pi.lib.uchicago.edu/1001/org/ochre/0960326d-0b56-45c9-b0b6-9682df5035c3
A97_9926a_correct.jpg,https://pi.lib.uchicago.edu/1001/org/ochre/87dee590-8678-40c0-a101-2bf93f70b8e0
A98_10070.jpg,https://pi.lib.uchicago.edu/1001/org/ochre/68e53187-a87c-434b-b807-edede60dbcde
A98_10160.jpg,https://pi.lib.uchicago.edu/1001/org/ochre/2d2caefd-1da3-4953-a6e6-6c0607522cd7
A98_10160c.jpg,https://pi.lib.uchicago.edu/1001/org/ochre/323dbb67-e1f2-4ca3-bc08-61b6ce571953
A98_10160e.jpg,https://pi.lib.uchicago.edu/1001/org/ochre/927f9556-267c-4ebd-8560-2981583be0d1
A98_10175a.jpg,https://pi.lib.uchicago.edu/1001/org/ochre/43925549-7a39-4c29-ada3-c10f086e31f5
A98_10175b.jpg,https://pi.lib.uchicago.edu/1001/org/ochre/4e63b947-0c33-4f97-af31-3bf2a85d4e99
A98_10181a2.jpg,https://pi.lib.uchicago.edu/1001/org/ochre/60b2260b-7432-4361-b8b5-3712af6a642f
A98_10209.jpg,https://pi.lib.uchicago.edu/1001/org/ochre/5b3b632d-ec40-48b9-a8a7-f23a579a216e
A98_10233a.jpg,https://pi.lib.uchicago.edu/1001/org/ochre/5beb6e70-ce30-4eee-a1d0-4ccae53e09be
A98_10233b.jpg,https://pi.lib.uchicago.edu/1001/org/ochre/200c066d-d923-481c-ab3e-fbc45b306685
A98_10234a.jpg,https://pi.lib.uchicago.edu/1001/org/ochre/ace4b6e9-d977-478f-b164-c37215d86224
A98_10234b.jpg,https://pi.lib.uchicago.edu/1001/org/ochre/9f1a4b6f-cbd5-4819-864e-812e30e09962
A98_10235a.jpg,https://pi.lib.uchicago.edu/1001/org/ochre/b7afbb34-83f5-43c7-8185-fa8b5391ff3e
A98_10235b.jpg,https://pi.lib.uchicago.edu/1001/org/ochre/093c255f-f6dc-4da3-8a47-be5780c514b8
A98_10236a.jpg,https://pi.lib.uchicago.edu/1001/org/ochre/58781a42-0a86-4b60-860e-7fadbe49747f
A98_10236b.jpg,https://pi.lib.uchicago.edu/1001/org/ochre/3dd2f594-9682-4030-9203-efb605adc05c
A98_10237a.jpg,https://pi.lib.uchicago.edu/1001/org/ochre/a835bda2-dd48-447a-9a21-d509c402c341
A98_10237b.jpg,https://pi.lib.uchicago.edu/1001/org/ochre/d4d3eb33-549e-426e-84f0-3b3ed518d0b5
A98_10252a.jpg,https://pi.lib.uchicago.edu/1001/org/ochre/b27d2ff5-d445-448d-af3e-7e00f10a6a9a
A98_10252b.jpg,https://pi.lib.uchicago.edu/1001/org/ochre/cb44e5dc-c11b-48c4-858d-a6f60ff9e48d
A98_10252c.jpg,https://pi.lib.uchicago.edu/1001/org/ochre/ca5f8b1c-e951-4bc8-bf2d-24fc19b8a85c
A98_10264.jpg,https://pi.lib.uchicago.edu/1001/org/ochre/f704cc79-13c6-43ab-af9e-bca182978584
A98_10308a.jpg,https://pi.lib.uchicago.edu/1001/org/ochre/97cd3d36-36ec-4538-919c-db8f73eba6b1
A98_10308b.jpg,https://pi.lib.uchicago.edu/1001/org/ochre/3d90b548-1168-400f-b1d6-76a0c545d868
A98_10308c.jpg,https://pi.lib.uchicago.edu/1001/org/ochre/b458c0a8-922f-4e17-840f-2a1f74291ab2
A98_10308d.jpg,https://pi.lib.uchicago.edu/1001/org/ochre/6edcec29-fa89-4a15-b3e0-5e854c8787e9
A98_10308e.jpg,https://pi.lib.uchicago.edu/1001/org/ochre/9d788882-bdc1-46d6-92a2-5f3ea3ff2507
A98_10314b.jpg,https://pi.lib.uchicago.edu/1001/org/ochre/e7e9c1f6-8180-44c7-9588-c3b5aba25218
A98_10329a.jpg,https://pi.lib.uchicago.edu/1001/org/ochre/77ca9ec5-00c8-4b8a-ab8e-5d38f8ab7bad
A98_10329b.jpg,https://pi.lib.uchicago.edu/1001/org/ochre/d87903b6-8e8b-402d-bba2-2d8b787589cc
A98_10372b.jpg,https://pi.lib.uchicago.edu/1001/org/ochre/49a2504d-45de-453a-b699-a4989a465e7b
A98_10373b.jpg,https://pi.lib.uchicago.edu/1001/org/ochre/55e5a135-2d35-4b58-b7c1-a8ea2835b60b
A98_10375.jpg,https://pi.lib.uchicago.edu/1001/org/ochre/ab4e1e76-8af3-49d3-9be5-a8a951c247b0
A98_10453b.jpg,https://pi.lib.uchicago.edu/1001/org/ochre/050f67ce-f516-4d9c-825f-8f1cdd15454d
A98_10454b.jpg,https://pi.lib.uchicago.edu/1001/org/ochre/222f0905-f90a-4c23-9586-5d220856277c
A98_10466a.jpg,https://pi.lib.uchicago.edu/1001/org/ochre/df649ea0-4fb3-47b0-95f9-ea423864411e
A98_10474a.jpg,https://pi.lib.uchicago.edu/1001/org/ochre/f7cefcb8-b936-492b-9407-99832d73d551
A98_10474b.jpg,https://pi.lib.uchicago.edu/1001/org/ochre/6d606d86-321d-493f-af3b-633de2a74ac3
A98_11431.jpg,https://pi.lib.uchicago.edu/1001/org/ochre/3d94e646-3a87-4a62-8bdf-231853211b88
A98_11432.jpg,https://pi.lib.uchicago.edu/1001/org/ochre/cebd1952-bea8-452a-9d5a-fbc623ca2d79
A98_2625b.jpg,https://pi.lib.uchicago.edu/1001/org/ochre/c7a6ffe1-5fea-428c-9efe-bc033ee66afb
A98_915.jpg,https://pi.lib.uchicago.edu/1001/org/ochre/136e632a-4d3b-48eb-824e-9b1cef20add9
A98_9546.jpg,https://pi.lib.uchicago.edu/1001/org/ochre/972467cc-ecff-4997-8a22-08d087da0215
A98_9567.jpg,https://pi.lib.uchicago.edu/1001/org/ochre/c53c7a2c-5a40-47b1-823d-66552d02bf32
A98_9570a.jpg,https://pi.lib.uchicago.edu/1001/org/ochre/a00f1bc8-0b27-47c2-9d75-785a0dfe16cc
A98_9570b.jpg,https://pi.lib.uchicago.edu/1001/org/ochre/e6d325c3-07bc-4805-8c21-e7e05396f09f
A98_9581.jpg,https://pi.lib.uchicago.edu/1001/org/ochre/1bb89cd3-d5c7-4a1a-ba34-962de690e443
A98_9592.jpg,https://pi.lib.uchicago.edu/1001/org/ochre/b4806fa1-58bf-4ae8-90ff-047a3be15855
A98_9595.jpg,https://pi.lib.uchicago.edu/1001/org/ochre/df730f1b-ed5d-429e-be7f-c97258b8d389
A98_9625b.jpg,https://pi.lib.uchicago.edu/1001/org/ochre/fc70bcd6-72f2-4caa-b25b-d003f240e5fc
A98_9671.jpg,https://pi.lib.uchicago.edu/1001/org/ochre/17b92d99-1e5b-416e-8ea7-37ecd6a09c0b
A98_9682a.jpg,https://pi.lib.uchicago.edu/1001/org/ochre/1f94cc6f-eda0-4663-b5a0-9532908ea190
A98_9682b.jpg,https://pi.lib.uchicago.edu/1001/org/ochre/273b87f3-765b-4e23-8267-8a6788ce5588
A98_9789a(negative).jpg,https://pi.lib.uchicago.edu/1001/org/ochre/d088809c-6fca-4b35-a756-f86edf098ba2
A98_9797.jpg,https://pi.lib.uchicago.edu/1001/org/ochre/0b06169f-4d68-44f0-bf71-5252573c5612
A98_9812c.jpg,https://pi.lib.uchicago.edu/1001/org/ochre/ee8f5ae4-4b0c-4a93-b8b1-ace286d13a31
A98_9828a.jpg,https://pi.lib.uchicago.edu/1001/org/ochre/01560178-686a-49b3-92fd-d9410c15b190
A98_9828b.jpg,https://pi.lib.uchicago.edu/1001/org/ochre/b6388c52-cf8d-4ed2-8093-29c60022a025
A98_9828c.jpg,https://pi.lib.uchicago.edu/1001/org/ochre/57fe1473-4cdf-4087-b55d-c2655b066e2f
A98_9831.jpg,https://pi.lib.uchicago.edu/1001/org/ochre/ddc44cf1-4c8e-49f4-a572-38e2f03bd4bf
A98_9903b.jpg,https://pi.lib.uchicago.edu/1001/org/ochre/886585a0-e839-409d-ba9b-e88e291adb21
A98_9925b.jpg,https://pi.lib.uchicago.edu/1001/org/ochre/035b9c5b-b312-423f-a796-200b0f079ab6
A98_9926a.jpg,https://pi.lib.uchicago.edu/1001/org/ochre/1877907e-986a-41a3-aeeb-6422cf146893
A98_9926b.jpg,https://pi.lib.uchicago.edu/1001/org/ochre/241a26a2-29e5-4c44-b37b-aa5c35545bd2
A98_9926c.jpg,https://pi.lib.uchicago.edu/1001/org/ochre/11caa30a-d962-4646-8043-9a8a8bb45a4f
A98_9927a.jpg,https://pi.lib.uchicago.edu/1001/org/ochre/70da5f97-0bfe-476b-ad13-b4e3c13e860e
A98_9927b.jpg,https://pi.lib.uchicago.edu/1001/org/ochre/23b0f222-9d60-4b03-871f-ab32d59211e8
A98_9976a.jpg,https://pi.lib.uchicago.edu/1001/org/ochre/71e65afb-d88d-4f16-9ae9-38f0b2cad3ba
A98_9976b.jpg,https://pi.lib.uchicago.edu/1001/org/ochre/dc8c6a80-94b2-466d-9a5a-7a006f81a5aa
A98_9992a.jpg,https://pi.lib.uchicago.edu/1001/org/ochre/4a8482a9-7bc4-4f4c-b604-568c70c3ca05
A98_9992b.jpg,https://pi.lib.uchicago.edu/1001/org/ochre/9696c297-fcbf-454f-bfc5-a762e3268df5
A99_12244b.jpg,https://pi.lib.uchicago.edu/1001/org/ochre/dcacfef0-0bf9-42d2-bad9-571185bec306
A99_12268b.jpg,https://pi.lib.uchicago.edu/1001/org/ochre/4eb8f102-7e85-4715-bda1-f24dc3706251
A99_12334.jpg,https://pi.lib.uchicago.edu/1001/org/ochre/8827bc08-5605-4f26-8159-a23d1be34826
A99_12610_2.jpg,https://pi.lib.uchicago.edu/1001/org/ochre/e7eb9def-5599-4bb1-9eac-ae5dd92198f4
A99_12902.jpg,https://pi.lib.uchicago.edu/1001/org/ochre/2a033caa-3841-403d-bf22-9e1eda7f950f
A99_MC44581A.jpg,https://pi.lib.uchicago.edu/1001/org/ochre/d9beffc2-d367-4ebe-a042-99023c16925c
A99_MC44581B.jpg,https://pi.lib.uchicago.edu/1001/org/ochre/49234aa7-42ed-4eac-850a-cf5c6cdc39c5