ochre_metadata,filename,
http://pi.lib.uchicago.edu/1001/org/ochre/b422203d-00ae-3475-8af5-ae28cd530bb5,Ashkelon Surface 01.jpg,
http://pi.lib.uchicago.edu/1001/org/ochre/d53adefd-bca2-5ba5-0642-d3a91638491d,Ashkelon Surface 02.jpg,
http://pi.lib.uchicago.edu/1001/org/ochre/ee8e6b33-1fe0-9b44-58f6-f57a560f8c9d,Ashkelon Surface 03.jpg,
http://pi.lib.uchicago.edu/1001/org/ochre/caec8d31-e48e-647a-13d7-cca8b37160a2,Ashkelon Surface 04.jpg,
http://pi.lib.uchicago.edu/1001/org/ochre/feade8f7-dfc0-6aa2-06c7-a268e3cb5d5e,Ashkelon Surface 05.jpg,
http://pi.lib.uchicago.edu/1001/org/ochre/45a08fc5-ec47-509b-ea59-16336513deb8,Ashkelon Surface 06.jpg,
http://pi.lib.uchicago.edu/1001/org/ochre/fc1129f4-103a-486e-3dbc-5efec7db3a5e,Ashkelon Surface 07.jpg,
http://pi.lib.uchicago.edu/1001/org/ochre/599835ea-ea91-7d99-60dd-d333570eb562,Ashkelon Surface 08.jpg,
http://pi.lib.uchicago.edu/1001/org/ochre/037bcf46-ecf6-1668-c93f-8cc1a9c0e546,Ashkelon Surface 09.jpg,
http://pi.lib.uchicago.edu/1001/org/ochre/6fb48647-f42f-5093-e39b-42f2dbe0e4f3,Ashkelon Surface 10.jpg,
http://pi.lib.uchicago.edu/1001/org/ochre/0a5a53a7-9b87-b169-19ee-047bac4c681c,Ashkelon Surface 11.jpg,
http://pi.lib.uchicago.edu/1001/org/ochre/28081294-7ebc-7d99-2f0e-eeef9b67b4c1,Ashkelon Surface 12.jpg,
http://pi.lib.uchicago.edu/1001/org/ochre/d67b82b4-326c-b7d2-c380-c857da596da6,Ashkelon Surface 13.jpg,
http://pi.lib.uchicago.edu/1001/org/ochre/adc0644b-b304-607c-6946-6ca4b1a7cdeb,Ashkelon Surface 14.jpg,