title,doi,link
A85_2.jpg,doi:10.7910/DVN/J6TJFF,https://dataverse.harvard.edu/api/access/datafile/5657536
A85_3.jpg,doi:10.7910/DVN/ICNAT5,https://dataverse.harvard.edu/api/access/datafile/5657537
A85_4.jpg,doi:10.7910/DVN/E1QIZI,https://dataverse.harvard.edu/api/access/datafile/5657538
A85_5.jpg,doi:10.7910/DVN/PFKC6O,https://dataverse.harvard.edu/api/access/datafile/5657539
A85_7.jpg,doi:10.7910/DVN/MS8XS6,https://dataverse.harvard.edu/api/access/datafile/5657540
A85_10.jpg,doi:10.7910/DVN/2VFLIR,https://dataverse.harvard.edu/api/access/datafile/5657541
A85_13.jpg,doi:10.7910/DVN/DGNH1T,https://dataverse.harvard.edu/api/access/datafile/5657542
A85_21.jpg,doi:10.7910/DVN/HSRXKG,https://dataverse.harvard.edu/api/access/datafile/5657543
A85_23.jpg,doi:10.7910/DVN/HVFG2F,https://dataverse.harvard.edu/api/access/datafile/5657544
A85_25.jpg,doi:10.7910/DVN/G7KMPE,https://dataverse.harvard.edu/api/access/datafile/5657545
A85_28.jpg,doi:10.7910/DVN/FMIWMY,https://dataverse.harvard.edu/api/access/datafile/5657546
A85_30.jpg,doi:10.7910/DVN/IFHDUG,https://dataverse.harvard.edu/api/access/datafile/5657547
A85_31.jpg,doi:10.7910/DVN/WMX7HA,https://dataverse.harvard.edu/api/access/datafile/5657548
A85_32.jpg,doi:10.7910/DVN/SXKHTT,https://dataverse.harvard.edu/api/access/datafile/5657549
A85_37.jpg,doi:10.7910/DVN/UZA3CQ,https://dataverse.harvard.edu/api/access/datafile/5657550
A85_38.jpg,doi:10.7910/DVN/KPBMLC,https://dataverse.harvard.edu/api/access/datafile/5657551
A85_39.jpg,doi:10.7910/DVN/DX79XC,https://dataverse.harvard.edu/api/access/datafile/5657552
A85_45.jpg,doi:10.7910/DVN/SYKPVK,https://dataverse.harvard.edu/api/access/datafile/5657553
A85_48.jpg,doi:10.7910/DVN/DJ0JPJ,https://dataverse.harvard.edu/api/access/datafile/5657554
A85_49.jpg,doi:10.7910/DVN/8IESTQ,https://dataverse.harvard.edu/api/access/datafile/5657555
A85_51.jpg,doi:10.7910/DVN/FIZACI,https://dataverse.harvard.edu/api/access/datafile/5657556
A85_52.jpg,doi:10.7910/DVN/TQGEYP,https://dataverse.harvard.edu/api/access/datafile/5657557
A85_53a.jpg,doi:10.7910/DVN/R4ZPZY,https://dataverse.harvard.edu/api/access/datafile/5657558
A85_53b.jpg,doi:10.7910/DVN/D2T6PU,https://dataverse.harvard.edu/api/access/datafile/5657559
A85_54.jpg,doi:10.7910/DVN/NBRMQY,https://dataverse.harvard.edu/api/access/datafile/5657560
A85_55.jpg,doi:10.7910/DVN/DI6B4D,https://dataverse.harvard.edu/api/access/datafile/5657561
A85_57.jpg,doi:10.7910/DVN/OVTJYB,https://dataverse.harvard.edu/api/access/datafile/5657562
A85_58.jpg,doi:10.7910/DVN/CQMHWF,https://dataverse.harvard.edu/api/access/datafile/5657563
A85_59.jpg,doi:10.7910/DVN/A5YWDH,https://dataverse.harvard.edu/api/access/datafile/5657564
A85_60.jpg,doi:10.7910/DVN/Z3ULJ5,https://dataverse.harvard.edu/api/access/datafile/5657565
A85_61.jpg,doi:10.7910/DVN/TLGVJG,https://dataverse.harvard.edu/api/access/datafile/5657566
A85_62.jpg,doi:10.7910/DVN/CFJASF,https://dataverse.harvard.edu/api/access/datafile/5657567
A85_63.jpg,doi:10.7910/DVN/IDEKPA,https://dataverse.harvard.edu/api/access/datafile/5657568
A85_64.jpg,doi:10.7910/DVN/XWLEDD,https://dataverse.harvard.edu/api/access/datafile/5657569
A85_65.jpg,doi:10.7910/DVN/BU1IPA,https://dataverse.harvard.edu/api/access/datafile/5657570
A85_66.jpg,doi:10.7910/DVN/UMEQ31,https://dataverse.harvard.edu/api/access/datafile/5657571
A85_67.jpg,doi:10.7910/DVN/2ZCCUN,https://dataverse.harvard.edu/api/access/datafile/5657572
A85_68.jpg,doi:10.7910/DVN/SVPTDR,https://dataverse.harvard.edu/api/access/datafile/5657573
A85_69.jpg,doi:10.7910/DVN/P6NIQA,https://dataverse.harvard.edu/api/access/datafile/5657574
A85_70.jpg,doi:10.7910/DVN/IRTO8N,https://dataverse.harvard.edu/api/access/datafile/5657575
A85_71.jpg,doi:10.7910/DVN/BAD90Q,https://dataverse.harvard.edu/api/access/datafile/5657576
A85_72.jpg,doi:10.7910/DVN/1MP0KS,https://dataverse.harvard.edu/api/access/datafile/5657577
A85_73.jpg,doi:10.7910/DVN/LAIQ3W,https://dataverse.harvard.edu/api/access/datafile/5657578
A85_74.jpg,doi:10.7910/DVN/QLPXXQ,https://dataverse.harvard.edu/api/access/datafile/5657579
A85_75.jpg,doi:10.7910/DVN/PFG9OL,https://dataverse.harvard.edu/api/access/datafile/5657580
A85_76.jpg,doi:10.7910/DVN/ZSAH4N,https://dataverse.harvard.edu/api/access/datafile/5657581
A85_77.jpg,doi:10.7910/DVN/NDCRHX,https://dataverse.harvard.edu/api/access/datafile/5657582
A85_78.jpg,doi:10.7910/DVN/JNLTKD,https://dataverse.harvard.edu/api/access/datafile/5657583
A85_79.jpg,doi:10.7910/DVN/E09XQE,https://dataverse.harvard.edu/api/access/datafile/5657584
A85_80.jpg,doi:10.7910/DVN/KLNR4A,https://dataverse.harvard.edu/api/access/datafile/5657585
A85_81.jpg,doi:10.7910/DVN/VCMB4V,https://dataverse.harvard.edu/api/access/datafile/5657586
A85_82.jpg,doi:10.7910/DVN/XVPZC4,https://dataverse.harvard.edu/api/access/datafile/5657587
A85_83.jpg,doi:10.7910/DVN/NPX19A,https://dataverse.harvard.edu/api/access/datafile/5657588
A85_84.jpg,doi:10.7910/DVN/JTV06P,https://dataverse.harvard.edu/api/access/datafile/5657589
A85_85.jpg,doi:10.7910/DVN/H3NDHS,https://dataverse.harvard.edu/api/access/datafile/5657590
A85_86.jpg,doi:10.7910/DVN/VS8E8I,https://dataverse.harvard.edu/api/access/datafile/5657591
A85_87.jpg,doi:10.7910/DVN/BLVZDL,https://dataverse.harvard.edu/api/access/datafile/5657592
A85_88.jpg,doi:10.7910/DVN/IV31QO,https://dataverse.harvard.edu/api/access/datafile/5657593
A85_89.jpg,doi:10.7910/DVN/2EDPVG,https://dataverse.harvard.edu/api/access/datafile/5657594
A85_90.jpg,doi:10.7910/DVN/YXSIFJ,https://dataverse.harvard.edu/api/access/datafile/5657595
A85_91.jpg,doi:10.7910/DVN/NKGKKM,https://dataverse.harvard.edu/api/access/datafile/5657596
A85_92.jpg,doi:10.7910/DVN/XRY39C,https://dataverse.harvard.edu/api/access/datafile/5657597
A85_93.jpg,doi:10.7910/DVN/EUS28G,https://dataverse.harvard.edu/api/access/datafile/5657598
A85_94.jpg,doi:10.7910/DVN/1GDVZL,https://dataverse.harvard.edu/api/access/datafile/5657599
A85_96.jpg,doi:10.7910/DVN/HRF7NV,https://dataverse.harvard.edu/api/access/datafile/5657600
A85_97.jpg,doi:10.7910/DVN/XT0TEU,https://dataverse.harvard.edu/api/access/datafile/5657601
A85_98.jpg,doi:10.7910/DVN/1YWUIG,https://dataverse.harvard.edu/api/access/datafile/5657602
A85_99.jpg,doi:10.7910/DVN/NAWQU8,https://dataverse.harvard.edu/api/access/datafile/5657603
A85_100.jpg,doi:10.7910/DVN/J1Z6MH,https://dataverse.harvard.edu/api/access/datafile/5657604
A85_101.jpg,doi:10.7910/DVN/3PL2DT,https://dataverse.harvard.edu/api/access/datafile/5657605
A85_105.jpg,doi:10.7910/DVN/Q5VJ2S,https://dataverse.harvard.edu/api/access/datafile/5657606
A85_106.jpg,doi:10.7910/DVN/YWGTYE,https://dataverse.harvard.edu/api/access/datafile/5657607
A85_107.jpg,doi:10.7910/DVN/6BTJOL,https://dataverse.harvard.edu/api/access/datafile/5657608
A85_109.jpg,doi:10.7910/DVN/PHDOOF,https://dataverse.harvard.edu/api/access/datafile/5657609
A85_110.jpg,doi:10.7910/DVN/VTWS4I,https://dataverse.harvard.edu/api/access/datafile/5657610
A85_111.jpg,doi:10.7910/DVN/I0G747,https://dataverse.harvard.edu/api/access/datafile/5657611
A85_112.jpg,doi:10.7910/DVN/URLIQ4,https://dataverse.harvard.edu/api/access/datafile/5657612
A85_113.jpg,doi:10.7910/DVN/MNAFGJ,https://dataverse.harvard.edu/api/access/datafile/5657613
A85_114.jpg,doi:10.7910/DVN/RQ04GR,https://dataverse.harvard.edu/api/access/datafile/5657614
A85_115.jpg,doi:10.7910/DVN/PWATVC,https://dataverse.harvard.edu/api/access/datafile/5657615
A85_116.jpg,doi:10.7910/DVN/PZ6OMH,https://dataverse.harvard.edu/api/access/datafile/5657616
A85_117.jpg,doi:10.7910/DVN/OQQ5RU,https://dataverse.harvard.edu/api/access/datafile/5657617
A85_118.jpg,doi:10.7910/DVN/DSUWL1,https://dataverse.harvard.edu/api/access/datafile/5657618
A85_119.jpg,doi:10.7910/DVN/CHVHAL,https://dataverse.harvard.edu/api/access/datafile/5657619
A85_120.jpg,doi:10.7910/DVN/17HRER,https://dataverse.harvard.edu/api/access/datafile/5657620
A85_121.jpg,doi:10.7910/DVN/NHAN8Z,https://dataverse.harvard.edu/api/access/datafile/5657621
A85_122.jpg,doi:10.7910/DVN/J8UEEC,https://dataverse.harvard.edu/api/access/datafile/5657622
A85_123.jpg,doi:10.7910/DVN/9AMSMO,https://dataverse.harvard.edu/api/access/datafile/5657623
A85_124.jpg,doi:10.7910/DVN/3CMGHQ,https://dataverse.harvard.edu/api/access/datafile/5657624
A85_125.jpg,doi:10.7910/DVN/IEQ427,https://dataverse.harvard.edu/api/access/datafile/5657625
A85_126.jpg,doi:10.7910/DVN/XOLF0Y,https://dataverse.harvard.edu/api/access/datafile/5657626
A85_127.jpg,doi:10.7910/DVN/A6QQ1I,https://dataverse.harvard.edu/api/access/datafile/5657627
A85_128.jpg,doi:10.7910/DVN/UZQAQD,https://dataverse.harvard.edu/api/access/datafile/5657629
A85_129.jpg,doi:10.7910/DVN/RE0SGP,https://dataverse.harvard.edu/api/access/datafile/5657630
A85_227.jpg,doi:10.7910/DVN/OXJXCS,https://dataverse.harvard.edu/api/access/datafile/5657631
A85_251.jpg,doi:10.7910/DVN/H67DB2,https://dataverse.harvard.edu/api/access/datafile/5657633
A85_252.jpg,doi:10.7910/DVN/NAPNSL,https://dataverse.harvard.edu/api/access/datafile/5657634
A85_253.jpg,doi:10.7910/DVN/Z0KOJU,https://dataverse.harvard.edu/api/access/datafile/5657635
A85_254.jpg,doi:10.7910/DVN/L1ZYKX,https://dataverse.harvard.edu/api/access/datafile/5657636
A85_255.jpg,doi:10.7910/DVN/7QKP5H,https://dataverse.harvard.edu/api/access/datafile/5657637
A85_256.jpg,doi:10.7910/DVN/LH4833,https://dataverse.harvard.edu/api/access/datafile/5657638
A85_257.jpg,doi:10.7910/DVN/PQ36IG,https://dataverse.harvard.edu/api/access/datafile/5657639
A85_258.jpg,doi:10.7910/DVN/OOH3CV,https://dataverse.harvard.edu/api/access/datafile/5657640
A85_259.jpg,doi:10.7910/DVN/8R9NBI,https://dataverse.harvard.edu/api/access/datafile/5657641
A85_260.jpg,doi:10.7910/DVN/0DKB2L,https://dataverse.harvard.edu/api/access/datafile/5657642
A85_261.jpg,doi:10.7910/DVN/BQLV19,https://dataverse.harvard.edu/api/access/datafile/5657643
A85_262.jpg,doi:10.7910/DVN/N2J5MY,https://dataverse.harvard.edu/api/access/datafile/5657644
A85_263.jpg,doi:10.7910/DVN/E40UJ5,https://dataverse.harvard.edu/api/access/datafile/5657645
A85_264.jpg,doi:10.7910/DVN/QWGYLR,https://dataverse.harvard.edu/api/access/datafile/5657646
A85_265.jpg,doi:10.7910/DVN/UORYID,https://dataverse.harvard.edu/api/access/datafile/5657647
A85_266.jpg,doi:10.7910/DVN/TZW63L,https://dataverse.harvard.edu/api/access/datafile/5657648
A85_267.jpg,doi:10.7910/DVN/EX3JOO,https://dataverse.harvard.edu/api/access/datafile/5657649
A85_268a.jpg,doi:10.7910/DVN/QYRKG4,https://dataverse.harvard.edu/api/access/datafile/5657650
A85_268b.jpg,doi:10.7910/DVN/FASSNA,https://dataverse.harvard.edu/api/access/datafile/5657651
A85_269a.jpg,doi:10.7910/DVN/VMOMWR,https://dataverse.harvard.edu/api/access/datafile/5657652
A85_269b.jpg,doi:10.7910/DVN/KA5FQS,https://dataverse.harvard.edu/api/access/datafile/5657653
A85_270.jpg,doi:10.7910/DVN/WU7HMV,https://dataverse.harvard.edu/api/access/datafile/5657654
A85_271.jpg,doi:10.7910/DVN/QTA3BH,https://dataverse.harvard.edu/api/access/datafile/5657655
A85_272a.jpg,doi:10.7910/DVN/H1CRR8,https://dataverse.harvard.edu/api/access/datafile/5657656
A85_272b.jpg,doi:10.7910/DVN/MKQ0ZA,https://dataverse.harvard.edu/api/access/datafile/5657657
A85_273.jpg,doi:10.7910/DVN/4KFLFV,https://dataverse.harvard.edu/api/access/datafile/5657658
A85_274.jpg,doi:10.7910/DVN/OX92AQ,https://dataverse.harvard.edu/api/access/datafile/5657659
A85_275.jpg,doi:10.7910/DVN/SC381D,https://dataverse.harvard.edu/api/access/datafile/5657660
A85_276.jpg,doi:10.7910/DVN/Z1G269,https://dataverse.harvard.edu/api/access/datafile/5657661
A85_277.jpg,doi:10.7910/DVN/5OIJKG,https://dataverse.harvard.edu/api/access/datafile/5657662
A85_278.jpg,doi:10.7910/DVN/J2PYKP,https://dataverse.harvard.edu/api/access/datafile/5657663
A85_279.jpg,doi:10.7910/DVN/KLPM6H,https://dataverse.harvard.edu/api/access/datafile/5657664
A85_280.jpg,doi:10.7910/DVN/ECIXWA,https://dataverse.harvard.edu/api/access/datafile/5657665
A85_281.jpg,doi:10.7910/DVN/VUGLZ8,https://dataverse.harvard.edu/api/access/datafile/5657666
A85_282.jpg,doi:10.7910/DVN/KWCKXN,https://dataverse.harvard.edu/api/access/datafile/5657667
A85_283.jpg,doi:10.7910/DVN/RWIZQT,https://dataverse.harvard.edu/api/access/datafile/5657668
A85_284.jpg,doi:10.7910/DVN/EWACEW,https://dataverse.harvard.edu/api/access/datafile/5657669
A85_285.jpg,doi:10.7910/DVN/YEI3NR,https://dataverse.harvard.edu/api/access/datafile/5657670
A85_286.jpg,doi:10.7910/DVN/TJQIGE,https://dataverse.harvard.edu/api/access/datafile/5657671
A85_287a.jpg,doi:10.7910/DVN/HQIOEU,https://dataverse.harvard.edu/api/access/datafile/5657672
A85_287b.jpg,doi:10.7910/DVN/D8NRQN,https://dataverse.harvard.edu/api/access/datafile/5657673
A85_288.jpg,doi:10.7910/DVN/NWDVHU,https://dataverse.harvard.edu/api/access/datafile/5657674
A85_290.jpg,doi:10.7910/DVN/Z59FIS,https://dataverse.harvard.edu/api/access/datafile/5657675
A85_291.jpg,doi:10.7910/DVN/OJDCTA,https://dataverse.harvard.edu/api/access/datafile/5657676
A85_292.jpg,doi:10.7910/DVN/HNT0VQ,https://dataverse.harvard.edu/api/access/datafile/5657677
A85_293.jpg,doi:10.7910/DVN/ID7T8Z,https://dataverse.harvard.edu/api/access/datafile/5657678
A85_294.jpg,doi:10.7910/DVN/DAQLD0,https://dataverse.harvard.edu/api/access/datafile/5657679
A85_295.jpg,doi:10.7910/DVN/4APIU4,https://dataverse.harvard.edu/api/access/datafile/5657680
A85_298.jpg,doi:10.7910/DVN/VICKIU,https://dataverse.harvard.edu/api/access/datafile/5657681
A85_299.jpg,doi:10.7910/DVN/MPQYY7,https://dataverse.harvard.edu/api/access/datafile/5657682
A85_300.jpg,doi:10.7910/DVN/NUCE3O,https://dataverse.harvard.edu/api/access/datafile/5657683
A85_301.jpg,doi:10.7910/DVN/DNFW9C,https://dataverse.harvard.edu/api/access/datafile/5657684
A85_302.jpg,doi:10.7910/DVN/DYCMSL,https://dataverse.harvard.edu/api/access/datafile/5657685
A85_303.jpg,doi:10.7910/DVN/QMLIAG,https://dataverse.harvard.edu/api/access/datafile/5657686
A85_304.jpg,doi:10.7910/DVN/ZA4LL3,https://dataverse.harvard.edu/api/access/datafile/5657687
A85_305.jpg,doi:10.7910/DVN/5BX3E6,https://dataverse.harvard.edu/api/access/datafile/5657688
A85_306.jpg,doi:10.7910/DVN/VXBWIV,https://dataverse.harvard.edu/api/access/datafile/5657689
A85_307.jpg,doi:10.7910/DVN/GZJU5Z,https://dataverse.harvard.edu/api/access/datafile/6097248
A85_308.jpg,doi:10.7910/DVN/NHR7HW,https://dataverse.harvard.edu/api/access/datafile/6097249
A85_309.jpg,doi:10.7910/DVN/FQ9ERS,https://dataverse.harvard.edu/api/access/datafile/6097250
A85_310.jpg,doi:10.7910/DVN/Q6GWYD,https://dataverse.harvard.edu/api/access/datafile/6097251