number,doi
1,doi:10.7910/DVN/1WSXSK
2,doi:10.7910/DVN/HTQODO
3,doi:10.7910/DVN/KXOPOX
4,doi:10.7910/DVN/32J6ZG
5,doi:10.7910/DVN/KIWAQN
6,doi:10.7910/DVN/JEUAJS
7,doi:10.7910/DVN/ARPG1N
8,doi:10.7910/DVN/VTILTU
9,doi:10.7910/DVN/FDOFVW
10,doi:10.7910/DVN/JL56FT
11,doi:10.7910/DVN/VCUCS2
12,doi:10.7910/DVN/W6ERNP
13,doi:10.7910/DVN/PO8UIV
14,doi:10.7910/DVN/CN3FIY
15,doi:10.7910/DVN/QKOPLZ
16,doi:10.7910/DVN/UGDOZ1
17,doi:10.7910/DVN/RF9OTT
18,doi:10.7910/DVN/JPEQSE
19,doi:10.7910/DVN/Q4YIRA
20,doi:10.7910/DVN/NVBNOC
21,doi:10.7910/DVN/IDGIAB
22,doi:10.7910/DVN/LYGTMW
23,doi:10.7910/DVN/FJVJPB
24,doi:10.7910/DVN/IDHS0O
25,doi:10.7910/DVN/9UU3AR
26,doi:10.7910/DVN/WCEZJ8
27,doi:10.7910/DVN/37Z4AC
28,doi:10.7910/DVN/HHBG1V
29,doi:10.7910/DVN/BY9T8N
30,doi:10.7910/DVN/KIIAYL
31,doi:10.7910/DVN/0KFAHE
32,doi:10.7910/DVN/37Z4BN
33,doi:10.7910/DVN/JXEHTD
34,doi:10.7910/DVN/UZE4VL
35,doi:10.7910/DVN/QJJQ3R
36,doi:10.7910/DVN/LYCXIW
37,doi:10.7910/DVN/1RDMHQ
38,doi:10.7910/DVN/NRHTH6
39,doi:10.7910/DVN/5FIGSH
40,doi:10.7910/DVN/OZAQR5
41,doi:10.7910/DVN/9M6CRP
42,doi:10.7910/DVN/VHTD2J
43,doi:10.7910/DVN/TDZEJQ
44,doi:10.7910/DVN/PGHJTO
45,doi:10.7910/DVN/VNWV03
46,doi:10.7910/DVN/PGEPED
47,doi:10.7910/DVN/3P8REW
48,doi:10.7910/DVN/NLW3V1
49,doi:10.7910/DVN/NYAMRH
50,doi:10.7910/DVN/JZPX9C
51,doi:10.7910/DVN/YSP7TZ
52,doi:10.7910/DVN/D5EYUD
53,doi:10.7910/DVN/3CG6I2
54,doi:10.7910/DVN/RHFJQI
55,doi:10.7910/DVN/5T9SAM
56,doi:10.7910/DVN/XENVWA
57,doi:10.7910/DVN/FOY17X
58,doi:10.7910/DVN/WYXHXB
59,doi:10.7910/DVN/68NMRQ
60,doi:10.7910/DVN/Q6OC2F
61,doi:10.7910/DVN/Z1YJND
62,doi:10.7910/DVN/FAHBUR
63,doi:10.7910/DVN/YWS8JL
64,doi:10.7910/DVN/GUYAIC
65,doi:10.7910/DVN/ZFZGJB
66,doi:10.7910/DVN/XU02NG
67,doi:10.7910/DVN/FBYFNB
68,doi:10.7910/DVN/IQBXZW
69,doi:10.7910/DVN/GP2IXP
70,doi:10.7910/DVN/7PW3NH
71,doi:10.7910/DVN/RDF0DJ
72,doi:10.7910/DVN/ASX3NQ
73,doi:10.7910/DVN/QWXCRY
74,doi:10.7910/DVN/GWJS5O
75,doi:10.7910/DVN/1S68BP
76,doi:10.7910/DVN/QHVPAB
77,doi:10.7910/DVN/1OHBNZ
78,doi:10.7910/DVN/WAX0YV
79,doi:10.7910/DVN/AHKZKS
80,doi:10.7910/DVN/HTWREP
81,doi:10.7910/DVN/BNOR1T
82,doi:10.7910/DVN/MOL0EH
83,doi:10.7910/DVN/HLH40S
84,doi:10.7910/DVN/JZXJGI
85,doi:10.7910/DVN/6FPOQU
86,doi:10.7910/DVN/JVQY52
87,doi:10.7910/DVN/G5UUTF
88,doi:10.7910/DVN/7EHPI2
89,doi:10.7910/DVN/4VGTOT
90,doi:10.7910/DVN/2Z8S1P
91,doi:10.7910/DVN/ZOOINU
92,doi:10.7910/DVN/FYWBPB
93,doi:10.7910/DVN/P8TXTP
94,doi:10.7910/DVN/TVJUKU
95,doi:10.7910/DVN/K7F5IS
96,doi:10.7910/DVN/554TQI
97,doi:10.7910/DVN/7ZPVOL
98,doi:10.7910/DVN/JWBR4Q
99,doi:10.7910/DVN/GSCI30
100,doi:10.7910/DVN/8DELIU
101,doi:10.7910/DVN/OX0AM2
102,doi:10.7910/DVN/WE9SDM
103,doi:10.7910/DVN/AM2TEF
104,doi:10.7910/DVN/CMU4NG
105,doi:10.7910/DVN/KKBY3L
106,doi:10.7910/DVN/YFTKR1
107,doi:10.7910/DVN/FQI8XI
108,doi:10.7910/DVN/HDJQKP
109,doi:10.7910/DVN/HIQBOQ
110,doi:10.7910/DVN/I7WKXP
111,doi:10.7910/DVN/AJUHGN
112,doi:10.7910/DVN/AYF4OA
113,doi:10.7910/DVN/KYFUAZ
114,doi:10.7910/DVN/JBGEKV
115,doi:10.7910/DVN/U3LJQT
116,doi:10.7910/DVN/NSC3GU
117,doi:10.7910/DVN/2WEUGI
118,doi:10.7910/DVN/WXDRCT
119,doi:10.7910/DVN/6SRRDU
120,doi:10.7910/DVN/LY1DXQ
121,doi:10.7910/DVN/AHJ3LG
122,doi:10.7910/DVN/AP8VQJ
123,doi:10.7910/DVN/27BFCP
124,doi:10.7910/DVN/K2RLEZ
125,doi:10.7910/DVN/SFHT77
126,doi:10.7910/DVN/I14QMY
127,doi:10.7910/DVN/Q4GQTW
128,doi:10.7910/DVN/KQSWWD
129,doi:10.7910/DVN/ZSOEK2
130,doi:10.7910/DVN/8ZORIL
131,doi:10.7910/DVN/BAFMSD
132,doi:10.7910/DVN/UENV8O
133,doi:10.7910/DVN/HE7MWO
134,doi:10.7910/DVN/ZG1PXS
135,doi:10.7910/DVN/S1WKX8
136,doi:10.7910/DVN/ZH0QLW
137,doi:10.7910/DVN/D3OA8D
138,doi:10.7910/DVN/JHD4PS
139,doi:10.7910/DVN/C4D8G9
140,doi:10.7910/DVN/GNP225
141,doi:10.7910/DVN/CYY1WG
142,doi:10.7910/DVN/4C0SBF
143,doi:10.7910/DVN/SAXVPA
144,doi:10.7910/DVN/FXJQER
145,doi:10.7910/DVN/CFI7CQ
146,doi:10.7910/DVN/XLNZNO
147,doi:10.7910/DVN/AO7MYH
148,doi:10.7910/DVN/AIISRH
149,doi:10.7910/DVN/Z31DIA
150,doi:10.7910/DVN/FI1KHB
151,doi:10.7910/DVN/XSOVQS
152,doi:10.7910/DVN/GJSCKN
153,doi:10.7910/DVN/4JMMBL
154,doi:10.7910/DVN/SVS1CA
155,doi:10.7910/DVN/HE0OHY
156,doi:10.7910/DVN/H0CCT9
157,doi:10.7910/DVN/QHYM2Q
158,doi:10.7910/DVN/0CUHIC
159,doi:10.7910/DVN/SAMHYX
160,doi:10.7910/DVN/CWPEBP
161,doi:10.7910/DVN/UAWXES
162,doi:10.7910/DVN/KCDUL2
163,doi:10.7910/DVN/9S5QXG
164,doi:10.7910/DVN/OSKKLB
165,doi:10.7910/DVN/D7YZ4Q
166,doi:10.7910/DVN/8UWCMK
167,doi:10.7910/DVN/QAKTE8
168,doi:10.7910/DVN/ZUCWCO
169,doi:10.7910/DVN/JVCTIP
170,doi:10.7910/DVN/HNF0ES
171,doi:10.7910/DVN/S7M99Z
172,doi:10.7910/DVN/78MDE3
173,doi:10.7910/DVN/OTW9MW
174,doi:10.7910/DVN/FTRTWO
175,doi:10.7910/DVN/KDGVXK
176,doi:10.7910/DVN/QKRAJC
177,doi:10.7910/DVN/GUMVOZ
178,doi:10.7910/DVN/6W7EWZ
179,doi:10.7910/DVN/GQTNLE
180,doi:10.7910/DVN/QKXXXN
181,doi:10.7910/DVN/2A27NV
182,doi:10.7910/DVN/L6RRLF
183,doi:10.7910/DVN/8KCI1B
184,doi:10.7910/DVN/XNCJDY
185,doi:10.7910/DVN/HTF0VP
186,doi:10.7910/DVN/5H6L04
187,doi:10.7910/DVN/HSQE8K
188,doi:10.7910/DVN/ZCBGLS
189,doi:10.7910/DVN/QKDNHL
190,doi:10.7910/DVN/WGBKO6
191,doi:10.7910/DVN/4BKZ7S
192,doi:10.7910/DVN/S8EAOZ
193,doi:10.7910/DVN/191ARY
194,doi:10.7910/DVN/LXW4DA
195,doi:10.7910/DVN/RJP87T
196,doi:10.7910/DVN/38SYSZ
197,doi:10.7910/DVN/KYS3DB
198,doi:10.7910/DVN/SA5C9I
199,doi:10.7910/DVN/R458HQ
200,doi:10.7910/DVN/ECZEJC
201,doi:10.7910/DVN/SFQXJ0
202,doi:10.7910/DVN/VSPCVI
203,doi:10.7910/DVN/4ZWQCG
204,doi:10.7910/DVN/IECWCR
205,doi:10.7910/DVN/W2MIGH
206,doi:10.7910/DVN/NXOLUL
207,doi:10.7910/DVN/9THENQ
208,doi:10.7910/DVN/D6QZNC
209,doi:10.7910/DVN/R72QJU
210,doi:10.7910/DVN/HFE3WH
211,doi:10.7910/DVN/CKGSYZ
212,doi:10.7910/DVN/9ICPZC
213,doi:10.7910/DVN/UJN8EL
214,doi:10.7910/DVN/BF7KAM
215,doi:10.7910/DVN/JPKGCV
216,doi:10.7910/DVN/J9YWQH
217,doi:10.7910/DVN/GX8YNY
218,doi:10.7910/DVN/WWCGT4
219,doi:10.7910/DVN/NXC7DP
220,doi:10.7910/DVN/Y8CFDY
221,doi:10.7910/DVN/JIOAHG
222,doi:10.7910/DVN/TLNEU3
223,doi:10.7910/DVN/ESIPYM
224,doi:10.7910/DVN/FHGYY6
225,doi:10.7910/DVN/ENAAXW
226,doi:10.7910/DVN/YW64AI
227,doi:10.7910/DVN/SOAROP
228,doi:10.7910/DVN/JKTOZW
229,doi:10.7910/DVN/JXPUFX
230,doi:10.7910/DVN/TUYMRR
231,doi:10.7910/DVN/QKGKIW
232,doi:10.7910/DVN/NE4HBE
233,doi:10.7910/DVN/8CEDAK
234,doi:10.7910/DVN/0RD1HX
235,doi:10.7910/DVN/JL1CRF
236,doi:10.7910/DVN/8IMXV0
237,doi:10.7910/DVN/HT4SEU
238,doi:10.7910/DVN/XTOGOS
239,doi:10.7910/DVN/XAYVCX
240,doi:10.7910/DVN/YYOHDT
241,doi:10.7910/DVN/GJJIO0
242,doi:10.7910/DVN/OH5GKN
243,doi:10.7910/DVN/SOYGJC
244,doi:10.7910/DVN/68L9EH
245,doi:10.7910/DVN/YEBJHD
246,doi:10.7910/DVN/8C1LQE
247,doi:10.7910/DVN/EDLKFP
248,doi:10.7910/DVN/EKFJKP
249,doi:10.7910/DVN/VAFPOP
250,doi:10.7910/DVN/ASRHNO
251,doi:10.7910/DVN/TWCZIU
252,doi:10.7910/DVN/D9PCQ8
253,doi:10.7910/DVN/BDKE3H
254,doi:10.7910/DVN/GT9P7F
255,doi:10.7910/DVN/GOQCCB
256,doi:10.7910/DVN/RGBY0V
257,doi:10.7910/DVN/TQRNHU
258,doi:10.7910/DVN/RID6A2
259,doi:10.7910/DVN/9AUIAW
260,doi:10.7910/DVN/WM3GDT
261,doi:10.7910/DVN/9TNKX9
262,doi:10.7910/DVN/AA9LPT
263,doi:10.7910/DVN/JIGJZE
264,doi:10.7910/DVN/VXBCLA
265,doi:10.7910/DVN/ZZILWH
266,doi:10.7910/DVN/7OA0HM
267,doi:10.7910/DVN/W9C6Y8
268,doi:10.7910/DVN/RYQP9I
269,doi:10.7910/DVN/ZKBZXQ
270,doi:10.7910/DVN/RJ9KCG
271,doi:10.7910/DVN/NBAIWT
272,doi:10.7910/DVN/G9LBFN
273,doi:10.7910/DVN/JEWMTR
274,doi:10.7910/DVN/SC6XZN
275,doi:10.7910/DVN/MV5K9B
276,doi:10.7910/DVN/ZGZMTZ
277,doi:10.7910/DVN/T8OHY2
278,doi:10.7910/DVN/ETCMWP
279,doi:10.7910/DVN/F4GZBQ
280,doi:10.7910/DVN/4M4WTJ
281,doi:10.7910/DVN/MCOIUA
282,doi:10.7910/DVN/BWEEQU
283,doi:10.7910/DVN/17I5KB
284,doi:10.7910/DVN/6WNPTK
285,doi:10.7910/DVN/VUGYN7
286,doi:10.7910/DVN/SJ1GW1
287,doi:10.7910/DVN/QTEWKS
288,doi:10.7910/DVN/EEJ6MU
289,doi:10.7910/DVN/H4K0IX
290,doi:10.7910/DVN/V9VV6D
291,doi:10.7910/DVN/G8MQ4U
292,doi:10.7910/DVN/FQD4SY
293,doi:10.7910/DVN/EQ0OHQ
294,doi:10.7910/DVN/VVNLAN
295,doi:10.7910/DVN/NHXOOA
296,doi:10.7910/DVN/NPTJOH
297,doi:10.7910/DVN/YYNNON
298,doi:10.7910/DVN/JURPZD
299,doi:10.7910/DVN/JB1VWT
300,doi:10.7910/DVN/YTQALI
301,doi:10.7910/DVN/KB2XEO
302,doi:10.7910/DVN/CFVGEQ
303,doi:10.7910/DVN/6L1SAP
304,doi:10.7910/DVN/HDLIE0
305,doi:10.7910/DVN/XTN0UF
306,doi:10.7910/DVN/QJGN3D
307,doi:10.7910/DVN/R5NQKL
308,doi:10.7910/DVN/ZG87JN
309,doi:10.7910/DVN/NQKPP4
310,doi:10.7910/DVN/GSCPXE
311,doi:10.7910/DVN/QW0G70
312,doi:10.7910/DVN/O9FSY7
313,doi:10.7910/DVN/ZWZS5W
314,doi:10.7910/DVN/JNANRX
315,doi:10.7910/DVN/DJFAHF
316,doi:10.7910/DVN/HMVJMQ
317,doi:10.7910/DVN/LNIUAF
318,doi:10.7910/DVN/VYOKD1
319,doi:10.7910/DVN/ASDCGE
320,doi:10.7910/DVN/OAZB9J
321,doi:10.7910/DVN/MBI4LO
322,doi:10.7910/DVN/BOZ1U4
323,doi:10.7910/DVN/LMV6ZL
324,doi:10.7910/DVN/VTBUOR
325,doi:10.7910/DVN/7I8KWV
326,doi:10.7910/DVN/ZA8GSJ
327,doi:10.7910/DVN/1VPAMF
328,doi:10.7910/DVN/XAQ4EI
329,doi:10.7910/DVN/38AYAM
330,doi:10.7910/DVN/ENXHYG
331,doi:10.7910/DVN/QW3HOY
332,doi:10.7910/DVN/CH1JFN
333,doi:10.7910/DVN/OXKNHL
334,doi:10.7910/DVN/VWG6XD
335,doi:10.7910/DVN/7MJOFH
336,doi:10.7910/DVN/BZ1PAU
337,doi:10.7910/DVN/3P8QN9
338,doi:10.7910/DVN/SN7HI2
339,doi:10.7910/DVN/U2QPBG
340,doi:10.7910/DVN/4MDM6I
341,doi:10.7910/DVN/HI8GO1
342,doi:10.7910/DVN/8LKWO4
343,doi:10.7910/DVN/FQNHGU
344,doi:10.7910/DVN/CEQIG0
345,doi:10.7910/DVN/UPYJRX
346,doi:10.7910/DVN/O2OXYX
347,doi:10.7910/DVN/40BVA8
348,doi:10.7910/DVN/P3BL7U
349,doi:10.7910/DVN/EUSXZR
350,doi:10.7910/DVN/WL92A6
351,doi:10.7910/DVN/IM0EJ3
352,doi:10.7910/DVN/FNPC3I
353,doi:10.7910/DVN/NUL9WU
354,doi:10.7910/DVN/ERETCK
355,doi:10.7910/DVN/NCUCIR
356,doi:10.7910/DVN/9Q4EJ8
357,doi:10.7910/DVN/PY1KHD
358,doi:10.7910/DVN/PKUEQ0
359,doi:10.7910/DVN/ZAW5TC
360,doi:10.7910/DVN/WKBQGX
361,doi:10.7910/DVN/9RAFYM
362,doi:10.7910/DVN/4YNU2C
363,doi:10.7910/DVN/EN923S
364,doi:10.7910/DVN/DKKJ51
365,doi:10.7910/DVN/TEDTD3
366,doi:10.7910/DVN/AWENU7
367,doi:10.7910/DVN/K4SPJR
368,doi:10.7910/DVN/LHRIPK
369,doi:10.7910/DVN/HVBVUR
370,doi:10.7910/DVN/CMJ1F1
371,doi:10.7910/DVN/VYTCQ8
372,doi:10.7910/DVN/XBB2EQ
373,doi:10.7910/DVN/3DRKNK
374,doi:10.7910/DVN/DMIIC6
375,doi:10.7910/DVN/PTTFOL
376,doi:10.7910/DVN/65XPYJ
377,doi:10.7910/DVN/MEKCGL
378,doi:10.7910/DVN/FZS3II
379,doi:10.7910/DVN/NAUF1W
380,doi:10.7910/DVN/9PW5D4
381,doi:10.7910/DVN/FKRCIW
382,doi:10.7910/DVN/RYYZMX
383,doi:10.7910/DVN/XYMGNY
384,doi:10.7910/DVN/O5QKYG
385,doi:10.7910/DVN/PPO6EW
386,doi:10.7910/DVN/AUGVZX
387,doi:10.7910/DVN/VFTYDT
388,doi:10.7910/DVN/HCKV0T
389,doi:10.7910/DVN/ASKMNO
390,doi:10.7910/DVN/RF0ARG
391,doi:10.7910/DVN/GLVJGQ
392,doi:10.7910/DVN/RVEQ7Z
393,doi:10.7910/DVN/QG13XL
394,doi:10.7910/DVN/NHR7VR
395,doi:10.7910/DVN/DCA6DH
396,doi:10.7910/DVN/DJPC50
397,doi:10.7910/DVN/RJWTYM
398,doi:10.7910/DVN/WAAJZ9
399,doi:10.7910/DVN/NZQZHJ
400,doi:10.7910/DVN/GPCYQB
401,doi:10.7910/DVN/ELAF38
402,doi:10.7910/DVN/RCMKHE
403,doi:10.7910/DVN/8DLQ8B
404,doi:10.7910/DVN/ZMWB5O
405,doi:10.7910/DVN/YHZL6J
406,doi:10.7910/DVN/HPU4NG
407,doi:10.7910/DVN/QKPHFN
408,doi:10.7910/DVN/JX7YHY
409,doi:10.7910/DVN/G6OHRP
410,doi:10.7910/DVN/CKCVSF
411,doi:10.7910/DVN/WXFH2N
412,doi:10.7910/DVN/HS2BOD
413,doi:10.7910/DVN/1EKRP7
414,doi:10.7910/DVN/XCL6H0
415,doi:10.7910/DVN/6FKDDW
416,doi:10.7910/DVN/MQOKMB
417,doi:10.7910/DVN/SIKOQR
418,doi:10.7910/DVN/RCW2FK
419,doi:10.7910/DVN/KPCYCM
420,doi:10.7910/DVN/EQT8HQ
421,doi:10.7910/DVN/ZTPBAY
422,doi:10.7910/DVN/IJ6GU8
423,doi:10.7910/DVN/TM5IGR
424,doi:10.7910/DVN/5NUOBZ
425,doi:10.7910/DVN/P9LDKF
426,doi:10.7910/DVN/FW25GI
427,doi:10.7910/DVN/2Q5ZLQ
428,doi:10.7910/DVN/RV9TSP
429,doi:10.7910/DVN/FW9EX6
430,doi:10.7910/DVN/1H5FMU
431,doi:10.7910/DVN/JJU2QO
432,doi:10.7910/DVN/B5RT4T
433,doi:10.7910/DVN/YWXBBT
434,doi:10.7910/DVN/VPV88Z
435,doi:10.7910/DVN/6H4IHT
436,doi:10.7910/DVN/XIS5DB
437,doi:10.7910/DVN/T2IHYR
438,doi:10.7910/DVN/DGW2CU
439,doi:10.7910/DVN/FLRSQR
440,doi:10.7910/DVN/BKDAMB
441,doi:10.7910/DVN/RIIPM4
442,doi:10.7910/DVN/7AWDXU
443,doi:10.7910/DVN/WBPCOR
444,doi:10.7910/DVN/VCXPMR
445,doi:10.7910/DVN/BKSOSS
446,doi:10.7910/DVN/GRKWST
447,doi:10.7910/DVN/ITYTW1
448,doi:10.7910/DVN/2BTWPE
449,doi:10.7910/DVN/LJSXGV
450,doi:10.7910/DVN/1NQCJN
451,doi:10.7910/DVN/ANPS8A
452,doi:10.7910/DVN/CENY8F
453,doi:10.7910/DVN/49D2GA
454,doi:10.7910/DVN/OGVFEJ
455,doi:10.7910/DVN/G8ZZLB
456,doi:10.7910/DVN/JFRDGQ
457,doi:10.7910/DVN/QQVZS0
458,doi:10.7910/DVN/RAGM3H
459,doi:10.7910/DVN/EOYJOJ
460,doi:10.7910/DVN/AYHF1G
461,doi:10.7910/DVN/GSUTVI
462,doi:10.7910/DVN/POO5C8
463,doi:10.7910/DVN/Z6ICZE
464,doi:10.7910/DVN/9FYQW6
465,doi:10.7910/DVN/6F6QC1
466,doi:10.7910/DVN/BAIERA
467,doi:10.7910/DVN/17XZKY
468,doi:10.7910/DVN/GO10DW
469,doi:10.7910/DVN/E7ENTT
470,doi:10.7910/DVN/TPM6OY
471,doi:10.7910/DVN/CET8U6
472,doi:10.7910/DVN/TGPBNF
473,doi:10.7910/DVN/3GNQNT
474,doi:10.7910/DVN/6HMUFS
475,doi:10.7910/DVN/CHY5V4
476,doi:10.7910/DVN/NXCUB5
477,doi:10.7910/DVN/7PC3RG
478,doi:10.7910/DVN/DQNWRD
479,doi:10.7910/DVN/GLJLHF
480,doi:10.7910/DVN/SDSY5I
481,doi:10.7910/DVN/LAVSXD
482,doi:10.7910/DVN/85YESO
483,doi:10.7910/DVN/Y7FNJD
484,doi:10.7910/DVN/RZV0AC
485,doi:10.7910/DVN/G71ODX
486,doi:10.7910/DVN/9QD46X
487,doi:10.7910/DVN/ZIGCKK
488,doi:10.7910/DVN/FJXVQC
489,doi:10.7910/DVN/FFCC6X
490,doi:10.7910/DVN/WERS2N
491,doi:10.7910/DVN/YHF6ON
492,doi:10.7910/DVN/OCOPZ7
493,doi:10.7910/DVN/CWCK6E
494,doi:10.7910/DVN/2VAQJO
495,doi:10.7910/DVN/FCCPX5
496,doi:10.7910/DVN/NCG2HQ
497,doi:10.7910/DVN/GOJL0J
498,doi:10.7910/DVN/JPHRW6
499,doi:10.7910/DVN/QUE9CL
500,doi:10.7910/DVN/E9KWUE
501,doi:10.7910/DVN/D41YYE
502,doi:10.7910/DVN/MQBAFA
503,doi:10.7910/DVN/B6X1ML
504,doi:10.7910/DVN/RO8EXN
505,doi:10.7910/DVN/TWRXMF
506,doi:10.7910/DVN/X7Q24U
507,doi:10.7910/DVN/ZFDG1H
508,doi:10.7910/DVN/B2XZQC
509,doi:10.7910/DVN/P7V5HC
510,doi:10.7910/DVN/7R43QN
511,doi:10.7910/DVN/0C7IFV
512,doi:10.7910/DVN/PCSVE7
513,doi:10.7910/DVN/ZWZFWB
514,doi:10.7910/DVN/ZBUWKS
515,doi:10.7910/DVN/2KK7GS
516,doi:10.7910/DVN/C0FHM5
517,doi:10.7910/DVN/Z2QMRS
518,doi:10.7910/DVN/52PYJ3
519,doi:10.7910/DVN/MBDMI0
520,doi:10.7910/DVN/CBVU8Q
521,doi:10.7910/DVN/CW1DN0
522,doi:10.7910/DVN/WDBJQM
523,doi:10.7910/DVN/O7LGHM
524,doi:10.7910/DVN/YK820B
525,doi:10.7910/DVN/TT6HND
526,doi:10.7910/DVN/YZRQL9
527,doi:10.7910/DVN/RNIJQC
528,doi:10.7910/DVN/KRHYQ9
529,doi:10.7910/DVN/FTNWRX
530,doi:10.7910/DVN/D9KVBX
531,doi:10.7910/DVN/RCBOXV
532,doi:10.7910/DVN/JQRSXT
533,doi:10.7910/DVN/Q6SJI1
534,doi:10.7910/DVN/JODAIZ
535,doi:10.7910/DVN/1JHGH4
536,doi:10.7910/DVN/5JWWBD
537,doi:10.7910/DVN/UKGRB4
538,doi:10.7910/DVN/R5NJIK
539,doi:10.7910/DVN/NTCNZ5
540,doi:10.7910/DVN/PPOOB5
541,doi:10.7910/DVN/H5KUSZ
542,doi:10.7910/DVN/Z6RDNQ
543,doi:10.7910/DVN/K7ENSA
544,doi:10.7910/DVN/6CZZ31
545,doi:10.7910/DVN/HMLTQX
546,doi:10.7910/DVN/UWGSID
547,doi:10.7910/DVN/ZID77E
548,doi:10.7910/DVN/LBSKSQ
549,doi:10.7910/DVN/CM5PU1
550,doi:10.7910/DVN/JKMXTK
551,doi:10.7910/DVN/OVYMLO
552,doi:10.7910/DVN/FHVJL6
553,doi:10.7910/DVN/DWXNMS
554,doi:10.7910/DVN/J13RZW
555,doi:10.7910/DVN/0GILUF
556,doi:10.7910/DVN/UKMO09
557,doi:10.7910/DVN/LY4CGL
558,doi:10.7910/DVN/0QZDV8
559,doi:10.7910/DVN/H22L4S
560,doi:10.7910/DVN/94U5FH
561,doi:10.7910/DVN/MLNB2L
562,doi:10.7910/DVN/YLBGYB
563,doi:10.7910/DVN/LA5XDN
564,doi:10.7910/DVN/146GHI
565,doi:10.7910/DVN/TLIVJX
566,doi:10.7910/DVN/7GZGDF
567,doi:10.7910/DVN/DTFY6D
568,doi:10.7910/DVN/0GWJNM
569,doi:10.7910/DVN/JD5CXB
570,doi:10.7910/DVN/IHHZQG
571,doi:10.7910/DVN/UISV29
572,doi:10.7910/DVN/GSJKBO
573,doi:10.7910/DVN/FTCWYC
574,doi:10.7910/DVN/RRFKY1
575,doi:10.7910/DVN/XILUB8
576,doi:10.7910/DVN/TSVD4F
577,doi:10.7910/DVN/H49FYO
578,doi:10.7910/DVN/8FND3K
579,doi:10.7910/DVN/0PG3QJ
580,doi:10.7910/DVN/BACQW7
581,doi:10.7910/DVN/PYFD8P
582,doi:10.7910/DVN/FVVRWO
583,doi:10.7910/DVN/ZQPX6P
584,doi:10.7910/DVN/RJDSEP
585,doi:10.7910/DVN/XJWJHL
586,doi:10.7910/DVN/0BUCXV
587,doi:10.7910/DVN/EQIHJR
588,doi:10.7910/DVN/LEFRI5
589,doi:10.7910/DVN/LEE4IC
590,doi:10.7910/DVN/HOAJBA
591,doi:10.7910/DVN/YPJS05
592,doi:10.7910/DVN/VD4BQT
593,doi:10.7910/DVN/WK7UO0
594,doi:10.7910/DVN/OEAZOX
595,doi:10.7910/DVN/OGGJ9G
596,doi:10.7910/DVN/20H6ZS
597,doi:10.7910/DVN/ED3JYL
598,doi:10.7910/DVN/2NCTOV
599,doi:10.7910/DVN/UHGYYV
600,doi:10.7910/DVN/DYOSD3
601,doi:10.7910/DVN/BFZBVC
602,doi:10.7910/DVN/VXQRV8
603,doi:10.7910/DVN/MXCSPH
604,doi:10.7910/DVN/KC0JXL
605,doi:10.7910/DVN/GRO7KL
606,doi:10.7910/DVN/D3EVWT
607,doi:10.7910/DVN/SOQ6H2
608,doi:10.7910/DVN/IHLWCU
609,doi:10.7910/DVN/2HKIUG
610,doi:10.7910/DVN/HEHXRA
611,doi:10.7910/DVN/XNBKRA
612,doi:10.7910/DVN/X86DMY
613,doi:10.7910/DVN/GOWPYQ
614,doi:10.7910/DVN/EXRP3A
615,doi:10.7910/DVN/9QOC6L
616,doi:10.7910/DVN/3VXULF
617,doi:10.7910/DVN/GZJ5BN
618,doi:10.7910/DVN/EVN53G
619,doi:10.7910/DVN/J7GGG2
620,doi:10.7910/DVN/MOSJ6M
621,doi:10.7910/DVN/AOKULR
622,doi:10.7910/DVN/LABNHM
623,doi:10.7910/DVN/2UMATI
624,doi:10.7910/DVN/6BSWSI
625,doi:10.7910/DVN/JIF8UK
626,doi:10.7910/DVN/NX7XGJ
627,doi:10.7910/DVN/UNVKSE
628,doi:10.7910/DVN/C8MWKZ
629,doi:10.7910/DVN/UUQAXH
630,doi:10.7910/DVN/QBFB72
631,doi:10.7910/DVN/MJ9QNF
632,doi:10.7910/DVN/WJ1UIB
633,doi:10.7910/DVN/KZ6A3S
634,doi:10.7910/DVN/IRSNL2
635,doi:10.7910/DVN/8VZW6Z
636,doi:10.7910/DVN/QNAHIA
637,doi:10.7910/DVN/PBLR29
638,doi:10.7910/DVN/YZKCHQ
639,doi:10.7910/DVN/VSFQN1
640,doi:10.7910/DVN/LHKBOZ
641,doi:10.7910/DVN/XEHK3G
642,doi:10.7910/DVN/PO6LBZ
643,doi:10.7910/DVN/LK8ZCW
644,doi:10.7910/DVN/WNFHMP
645,doi:10.7910/DVN/1HRMW4
646,doi:10.7910/DVN/TXSG0L
647,doi:10.7910/DVN/CJA3SR
648,doi:10.7910/DVN/DXAHNK
649,doi:10.7910/DVN/RUHNBR
650,doi:10.7910/DVN/6SB8CY
651,doi:10.7910/DVN/CK9UVA
652,doi:10.7910/DVN/FF8ESG
653,doi:10.7910/DVN/7EXLP3
654,doi:10.7910/DVN/AW690T
655,doi:10.7910/DVN/NINMXW
656,doi:10.7910/DVN/3PXX2C
657,doi:10.7910/DVN/OLEOLT
658,doi:10.7910/DVN/OEIWRE
659,doi:10.7910/DVN/PVDELI
660,doi:10.7910/DVN/092IC8
661,doi:10.7910/DVN/0G0FUS
662,doi:10.7910/DVN/VAZH7J
663,doi:10.7910/DVN/XT0B6W
664,doi:10.7910/DVN/HKJTBX
665,doi:10.7910/DVN/DETN0Z
666,doi:10.7910/DVN/EADZPU
667,doi:10.7910/DVN/E68ISF
668,doi:10.7910/DVN/K9MZ8O
669,doi:10.7910/DVN/B0HPNI
670,doi:10.7910/DVN/VTQGNO
671,doi:10.7910/DVN/DHCX9S
672,doi:10.7910/DVN/QAYUEU
673,doi:10.7910/DVN/S6IIIW
674,doi:10.7910/DVN/NWMNCV
675,doi:10.7910/DVN/JL4QVO
676,doi:10.7910/DVN/I6UV5A
677,doi:10.7910/DVN/O9NKHZ
678,doi:10.7910/DVN/5KPRXP
679,doi:10.7910/DVN/4V5XMZ
680,doi:10.7910/DVN/IB8K3T
681,doi:10.7910/DVN/KZ40CT
682,doi:10.7910/DVN/OSRQTR
683,doi:10.7910/DVN/37YUGO
684,doi:10.7910/DVN/FD7BWM
685,doi:10.7910/DVN/QS7DAC
686,doi:10.7910/DVN/VEOCB8
687,doi:10.7910/DVN/1WPB0U
688,doi:10.7910/DVN/R75KQ1
689,doi:10.7910/DVN/CNRKN2
690,doi:10.7910/DVN/333VTQ
691,doi:10.7910/DVN/SRDAWT
692,doi:10.7910/DVN/ZF0NPV
693,doi:10.7910/DVN/WVKUD9
694,doi:10.7910/DVN/JAHLXN
695,doi:10.7910/DVN/KLVFJ2
696,doi:10.7910/DVN/EZZR4N
697,doi:10.7910/DVN/W2ESYD
698,doi:10.7910/DVN/RWIYOD
699,doi:10.7910/DVN/HR6HFH
700,doi:10.7910/DVN/MK0WC1
701,doi:10.7910/DVN/CYHQ81
702,doi:10.7910/DVN/8WYY8T
703,doi:10.7910/DVN/SBF94S
704,doi:10.7910/DVN/UIZ27T
705,doi:10.7910/DVN/Y2TJR1
706,doi:10.7910/DVN/QQJPNI
707,doi:10.7910/DVN/9SQYVT
708,doi:10.7910/DVN/FEP1XA
709,doi:10.7910/DVN/TTNJTG
710,doi:10.7910/DVN/KJYIB6
711,doi:10.7910/DVN/WWJSAD
712,doi:10.7910/DVN/O2SCOZ
713,doi:10.7910/DVN/1NZPNX
714,doi:10.7910/DVN/EY3KHV
715,doi:10.7910/DVN/9CFUEG
716,doi:10.7910/DVN/JYMZ5G
717,doi:10.7910/DVN/AQHAZB
718,doi:10.7910/DVN/HTZKE7
719,doi:10.7910/DVN/VWYOV1
720,doi:10.7910/DVN/MS0MRY
721,doi:10.7910/DVN/9A6FGK
722,doi:10.7910/DVN/JGWDBH
723,doi:10.7910/DVN/K7SXTE
724,doi:10.7910/DVN/5PL77D
725,doi:10.7910/DVN/MSMLMA
726,doi:10.7910/DVN/V2C4SC
727,doi:10.7910/DVN/7HNDHB
728,doi:10.7910/DVN/BSE2XZ
729,doi:10.7910/DVN/B6R3I1
730,doi:10.7910/DVN/X9ID9P
731,doi:10.7910/DVN/YI2QBW
732,doi:10.7910/DVN/NPFXUX
733,doi:10.7910/DVN/2VL29K
734,doi:10.7910/DVN/C0E6MD
735,doi:10.7910/DVN/DIOWKO
736,doi:10.7910/DVN/5LG85T
737,doi:10.7910/DVN/ATDACB
738,doi:10.7910/DVN/SQOO1X
739,doi:10.7910/DVN/7SPTAT
740,doi:10.7910/DVN/W3BKYJ
741,doi:10.7910/DVN/XQQEO8
742,doi:10.7910/DVN/QUHUOO
743,doi:10.7910/DVN/NZGGBN
744,doi:10.7910/DVN/1AWRIU
745,doi:10.7910/DVN/RHKJ7A
746,doi:10.7910/DVN/FGJC5V
747,doi:10.7910/DVN/95ZUKD
748,doi:10.7910/DVN/NBKM3N
749,doi:10.7910/DVN/U4R8HR
750,doi:10.7910/DVN/11VLKI
751,doi:10.7910/DVN/MK6JJJ
752,doi:10.7910/DVN/JCUWBZ
753,doi:10.7910/DVN/4SHCSH
754,doi:10.7910/DVN/TRWVSD
755,doi:10.7910/DVN/ULSF9F
756,doi:10.7910/DVN/N1Q55H
757,doi:10.7910/DVN/Y0FN1D
758,doi:10.7910/DVN/IVTA3R
759,doi:10.7910/DVN/U6J329
760,doi:10.7910/DVN/NWT80M
761,doi:10.7910/DVN/4BNJDR
762,doi:10.7910/DVN/GZT9VW
763,doi:10.7910/DVN/OZM6JC
764,doi:10.7910/DVN/RARW1A
765,doi:10.7910/DVN/Q2TVMK
766,doi:10.7910/DVN/NR83CZ
767,doi:10.7910/DVN/NBDLRU
768,doi:10.7910/DVN/ZF59OB
769,doi:10.7910/DVN/AOHS2X
770,doi:10.7910/DVN/VXLVKW
771,doi:10.7910/DVN/LBC7I4
772,doi:10.7910/DVN/J8D7PY
773,doi:10.7910/DVN/BVEFSW
774,doi:10.7910/DVN/A9SNEP
775,doi:10.7910/DVN/7N8E5Z
776,doi:10.7910/DVN/RKFOKL
777,doi:10.7910/DVN/UNO6RR
778,doi:10.7910/DVN/DTPDIL
779,doi:10.7910/DVN/BKMR3T
780,doi:10.7910/DVN/QONQLV
781,doi:10.7910/DVN/2FQYZE
782,doi:10.7910/DVN/7FNLA0
783,doi:10.7910/DVN/3WQFSP
784,doi:10.7910/DVN/TYHENV
785,doi:10.7910/DVN/ZYGT2A
786,doi:10.7910/DVN/D3KWAK
787,doi:10.7910/DVN/CEPZQY
788,doi:10.7910/DVN/RMI8RH
789,doi:10.7910/DVN/7CMZ8Z
790,doi:10.7910/DVN/GRL5IB
791,doi:10.7910/DVN/5XPIJT
792,doi:10.7910/DVN/XYJ6DM
793,doi:10.7910/DVN/F7BVGY
794,doi:10.7910/DVN/WKMLTE
795,doi:10.7910/DVN/KBSJTE
796,doi:10.7910/DVN/VJ3CYL
797,doi:10.7910/DVN/3L1RYQ
798,doi:10.7910/DVN/UKW952
799,doi:10.7910/DVN/YHYUFP
800,doi:10.7910/DVN/7Q4OSM
801,doi:10.7910/DVN/250SPD
802,doi:10.7910/DVN/QMWJA0
803,doi:10.7910/DVN/A2ASW2
804,doi:10.7910/DVN/AA8ANQ
805,doi:10.7910/DVN/4ZAWES
806,doi:10.7910/DVN/LURTV8
807,doi:10.7910/DVN/40MVQD
808,doi:10.7910/DVN/7FIB5B
809,doi:10.7910/DVN/P9EB3O
810,doi:10.7910/DVN/UUTAEB
811,doi:10.7910/DVN/XXC8O3
812,doi:10.7910/DVN/T2V8VL
813,doi:10.7910/DVN/P2CPCU
814,doi:10.7910/DVN/JMFEMD
815,doi:10.7910/DVN/BN8WUN
816,doi:10.7910/DVN/T06BW0
817,doi:10.7910/DVN/CT4JJN
818,doi:10.7910/DVN/MNN8CN
819,doi:10.7910/DVN/XNJLJM
820,doi:10.7910/DVN/3LPAUN
821,doi:10.7910/DVN/G54PPA
822,doi:10.7910/DVN/GULDHC
823,doi:10.7910/DVN/DJWDNJ
824,doi:10.7910/DVN/GQ1KU2
825,doi:10.7910/DVN/VZIJNR
826,doi:10.7910/DVN/2RTURP
827,doi:10.7910/DVN/XJ3AQG
828,doi:10.7910/DVN/C0TGLF
829,doi:10.7910/DVN/CNFVKD
830,doi:10.7910/DVN/2UK1F2
831,doi:10.7910/DVN/1MI2TY
832,doi:10.7910/DVN/1E4JTX
833,doi:10.7910/DVN/TA6W03
834,doi:10.7910/DVN/BVYGBM
835,doi:10.7910/DVN/QLAPZ2
836,doi:10.7910/DVN/IXRFP4
837,doi:10.7910/DVN/QRGZDH
838,doi:10.7910/DVN/4KQBQX
839,doi:10.7910/DVN/OWUSQI
840,doi:10.7910/DVN/WIVXTM
841,doi:10.7910/DVN/DRYO2W
842,doi:10.7910/DVN/RJFBC0
843,doi:10.7910/DVN/DFVPXO
844,doi:10.7910/DVN/R89AW4
845,doi:10.7910/DVN/MYMFMD
846,doi:10.7910/DVN/VHPVOS
847,doi:10.7910/DVN/I5HDV6
848,doi:10.7910/DVN/NLN17Q
849,doi:10.7910/DVN/GTYCYW
850,doi:10.7910/DVN/B7XCXU
851,doi:10.7910/DVN/UDD5U4
852,doi:10.7910/DVN/WUTPMG
853,doi:10.7910/DVN/1CSP85
854,doi:10.7910/DVN/N4WAFZ
855,doi:10.7910/DVN/3JYGQV
856,doi:10.7910/DVN/LPXD7K
857,doi:10.7910/DVN/BAYE2N
858,doi:10.7910/DVN/NZPLIM
859,doi:10.7910/DVN/BANBDW
860,doi:10.7910/DVN/AIVTEV
861,doi:10.7910/DVN/SOOVTV
862,doi:10.7910/DVN/6Y5WNM
863,doi:10.7910/DVN/IF8H1L
864,doi:10.7910/DVN/LRU9AT
865,doi:10.7910/DVN/XZAXDN
866,doi:10.7910/DVN/67FWEZ
867,doi:10.7910/DVN/AFS9TP
868,doi:10.7910/DVN/CCTYKY
869,doi:10.7910/DVN/USD6O9
870,doi:10.7910/DVN/UPNEVF
871,doi:10.7910/DVN/AOOKUD
872,doi:10.7910/DVN/DSJVGC
873,doi:10.7910/DVN/WT2M1P
874,doi:10.7910/DVN/0J2TBO
875,doi:10.7910/DVN/HR3URP
876,doi:10.7910/DVN/RHPQ5Y
877,doi:10.7910/DVN/8ENZHZ
878,doi:10.7910/DVN/PJVSTS
879,doi:10.7910/DVN/VV1JQC
880,doi:10.7910/DVN/SHRORI
881,doi:10.7910/DVN/HI0KTX
882,doi:10.7910/DVN/1HEZ8W
883,doi:10.7910/DVN/XPYMJV
884,doi:10.7910/DVN/MOGIHQ
885,doi:10.7910/DVN/4L4VWQ
886,doi:10.7910/DVN/AVGMKS
887,doi:10.7910/DVN/IEZBTO
888,doi:10.7910/DVN/B4VGMB
889,doi:10.7910/DVN/KMVKOZ
890,doi:10.7910/DVN/3GWSKF
891,doi:10.7910/DVN/AERHLP
892,doi:10.7910/DVN/WMBO9S
893,doi:10.7910/DVN/EMHPKE
894,doi:10.7910/DVN/N68JNZ
895,doi:10.7910/DVN/8SYXVK
896,doi:10.7910/DVN/NKV10V
897,doi:10.7910/DVN/N6FVQQ
898,doi:10.7910/DVN/Z0QQAN
899,doi:10.7910/DVN/TDZQ3E
900,doi:10.7910/DVN/A7WT1H
901,doi:10.7910/DVN/LYURL3
902,doi:10.7910/DVN/J9PFEN
903,doi:10.7910/DVN/R5Z2HV
904,doi:10.7910/DVN/1KKSKG
905,doi:10.7910/DVN/NK9S3N
906,doi:10.7910/DVN/VSMC7C
907,doi:10.7910/DVN/QJ7QX1
908,doi:10.7910/DVN/XUGCOR
909,doi:10.7910/DVN/UGPV9Q
910,doi:10.7910/DVN/YK7WFG
911,doi:10.7910/DVN/CNZJYX
912,doi:10.7910/DVN/N0V9CL
913,doi:10.7910/DVN/M0GRBP
914,doi:10.7910/DVN/SNZQLF
915,doi:10.7910/DVN/VXIY7A
916,doi:10.7910/DVN/NL1WEB
917,doi:10.7910/DVN/1R2RHU
918,doi:10.7910/DVN/JF9GTS
919,doi:10.7910/DVN/KRULIA
920,doi:10.7910/DVN/3HGK0X
921,doi:10.7910/DVN/EL7XCV
922,doi:10.7910/DVN/RLKHFG
923,doi:10.7910/DVN/HOBBFL
924,doi:10.7910/DVN/U6THJ5
925,doi:10.7910/DVN/XBDNOO
926,doi:10.7910/DVN/1H90YT
927,doi:10.7910/DVN/P2SAZV
928,doi:10.7910/DVN/TBC5XE
929,doi:10.7910/DVN/F7TFHY
930,doi:10.7910/DVN/BSGPK4
931,doi:10.7910/DVN/WNMQTE
932,doi:10.7910/DVN/B1V97G
933,doi:10.7910/DVN/LLNHNX
934,doi:10.7910/DVN/0OHIWS
935,doi:10.7910/DVN/8SMA5C
936,doi:10.7910/DVN/30KDFQ
937,doi:10.7910/DVN/ONPEP4
938,doi:10.7910/DVN/RGTWLY
939,doi:10.7910/DVN/YDE3KN
940,doi:10.7910/DVN/8C4BEY
941,doi:10.7910/DVN/I17OF2
942,doi:10.7910/DVN/2JKDT1
943,doi:10.7910/DVN/MWBGAD
944,doi:10.7910/DVN/T9TGAA
945,doi:10.7910/DVN/ZC9QZI
946,doi:10.7910/DVN/O6FOB5
947,doi:10.7910/DVN/AELMG1
948,doi:10.7910/DVN/PI27YU
949,doi:10.7910/DVN/TBBUUI
950,doi:10.7910/DVN/VTSVGI
951,doi:10.7910/DVN/CZZLIM
952,doi:10.7910/DVN/DSEZ2B
953,doi:10.7910/DVN/L4WNRK
954,doi:10.7910/DVN/F4XMPV
955,doi:10.7910/DVN/J75M2S
956,doi:10.7910/DVN/TZ1YRH
957,doi:10.7910/DVN/MMWLUS
958,doi:10.7910/DVN/CYKOAE
959,doi:10.7910/DVN/VPQIKV
960,doi:10.7910/DVN/WT7KFC
961,doi:10.7910/DVN/W2ZJGV
962,doi:10.7910/DVN/IBRWGV
963,doi:10.7910/DVN/DAZMPP
964,doi:10.7910/DVN/6WYRRL
965,doi:10.7910/DVN/RDQZ7E
966,doi:10.7910/DVN/SFY2RK
967,doi:10.7910/DVN/IFWM8Z
968,doi:10.7910/DVN/YHGPCW
969,doi:10.7910/DVN/N7S7PR
970,doi:10.7910/DVN/TUR08A
971,doi:10.7910/DVN/HJMBRD
972,doi:10.7910/DVN/AKCYR9
973,doi:10.7910/DVN/BQ18WB
974,doi:10.7910/DVN/G1A9N5
975,doi:10.7910/DVN/OY22EC
976,doi:10.7910/DVN/Q89APX
977,doi:10.7910/DVN/UZJLHU
978,doi:10.7910/DVN/TJQT5B
979,doi:10.7910/DVN/FINPTL
980,doi:10.7910/DVN/LZWR3F
981,doi:10.7910/DVN/MG9HCH
982,doi:10.7910/DVN/WFRNJV
983,doi:10.7910/DVN/KZ7C1W
984,doi:10.7910/DVN/68OEXQ
985,doi:10.7910/DVN/KQVDZH
986,doi:10.7910/DVN/KGTCAY
987,doi:10.7910/DVN/FCBIXS
988,doi:10.7910/DVN/OIIB0W
989,doi:10.7910/DVN/HTGN4P
990,doi:10.7910/DVN/TOPRSL
991,doi:10.7910/DVN/Y56YMB
992,doi:10.7910/DVN/TUMWCN
993,doi:10.7910/DVN/TKHWG8
994,doi:10.7910/DVN/KTUSCP
995,doi:10.7910/DVN/R1S3YH
996,doi:10.7910/DVN/RDSPCQ
997,doi:10.7910/DVN/1U0SAA
998,doi:10.7910/DVN/4EUGTD
999,doi:10.7910/DVN/LINTBC
1000,doi:10.7910/DVN/4UXUR9
1001,doi:10.7910/DVN/KV7CY8
1002,doi:10.7910/DVN/IVA68U
1003,doi:10.7910/DVN/ITPCZK
1004,doi:10.7910/DVN/J3V6SR
1005,doi:10.7910/DVN/2QNXT0
1006,doi:10.7910/DVN/OES1UN
1007,doi:10.7910/DVN/BIMGRC
1008,doi:10.7910/DVN/PW6GYR
1009,doi:10.7910/DVN/KTF5HS
1010,doi:10.7910/DVN/MM6V3F
1011,doi:10.7910/DVN/5HN3P7
1012,doi:10.7910/DVN/RNU9HN
1013,doi:10.7910/DVN/OCJQFG
1014,doi:10.7910/DVN/2LLUEW
1015,doi:10.7910/DVN/BCIDL0
1016,doi:10.7910/DVN/LSIRFB
1017,doi:10.7910/DVN/VAVIJR
1018,doi:10.7910/DVN/SXZ8QQ
1019,doi:10.7910/DVN/GDOMR7
1020,doi:10.7910/DVN/WNDDKN
1021,doi:10.7910/DVN/SJYNOE
1022,doi:10.7910/DVN/HVTQI4
1023,doi:10.7910/DVN/DSI1OU
1024,doi:10.7910/DVN/Z2Z8WE
1025,doi:10.7910/DVN/0UZIJX
1026,doi:10.7910/DVN/1ZIVTH
1027,doi:10.7910/DVN/EQJJED
1028,doi:10.7910/DVN/TKJF3R
1029,doi:10.7910/DVN/B4BZVR
1030,doi:10.7910/DVN/7FQYDC
1031,doi:10.7910/DVN/FTXIPR
1032,doi:10.7910/DVN/NGR3P1
1033,doi:10.7910/DVN/V19H6G
1034,doi:10.7910/DVN/QTEWVD
1035,doi:10.7910/DVN/V6RD4T
1036,doi:10.7910/DVN/GCX7TW
1037,doi:10.7910/DVN/5OZQPP
1038,doi:10.7910/DVN/7LNCU4
1039,doi:10.7910/DVN/QZUH2J
1040,doi:10.7910/DVN/L30BVM
1041,doi:10.7910/DVN/PNGVPY
1042,doi:10.7910/DVN/IOMESR
1043,doi:10.7910/DVN/SUNTZU
1044,doi:10.7910/DVN/TD0PBC
1045,doi:10.7910/DVN/BXPN8V
1046,doi:10.7910/DVN/UGYHES
1047,doi:10.7910/DVN/EBKT7R
1048,doi:10.7910/DVN/SMXUOP
1049,doi:10.7910/DVN/ACEFKS
1050,doi:10.7910/DVN/KL7QT5
1051,doi:10.7910/DVN/VM2GUW
1052,doi:10.7910/DVN/XTANZM
1053,doi:10.7910/DVN/ZYAP5P
1054,doi:10.7910/DVN/UBVSVC
1055,doi:10.7910/DVN/WCFDVT
1056,doi:10.7910/DVN/XRWNV7
1057,doi:10.7910/DVN/RERDMP
1058,doi:10.7910/DVN/ZOVOB4
1059,doi:10.7910/DVN/TFTNBJ
1060,doi:10.7910/DVN/ECISYE
1061,doi:10.7910/DVN/VGNWGA
1062,doi:10.7910/DVN/YEDIZU
1063,doi:10.7910/DVN/A0NTKV
1064,doi:10.7910/DVN/FBP6JC
1065,doi:10.7910/DVN/PU2EEF
1066,doi:10.7910/DVN/4MWR28
1067,doi:10.7910/DVN/W0WRTD
1068,doi:10.7910/DVN/9FWRQR
1069,doi:10.7910/DVN/OYJ8U3
1070,doi:10.7910/DVN/FERHVL
1071,doi:10.7910/DVN/JU84Q4
1072,doi:10.7910/DVN/SEHMHQ
1073,doi:10.7910/DVN/JPVRM1
1074,doi:10.7910/DVN/RHLTBL
1075,doi:10.7910/DVN/KP1XJU
1076,doi:10.7910/DVN/PKIXZN
1077,doi:10.7910/DVN/HXI4SW
1078,doi:10.7910/DVN/RIYRTL
1079,doi:10.7910/DVN/VBZAZC
1080,doi:10.7910/DVN/ZCAFO8
1081,doi:10.7910/DVN/VJI5GL
1082,doi:10.7910/DVN/BKNSXE
1083,doi:10.7910/DVN/EUJQFK
1084,doi:10.7910/DVN/D4Y2GZ
1085,doi:10.7910/DVN/OXW6VY
1086,doi:10.7910/DVN/LVUXXK
1087,doi:10.7910/DVN/4REJXI
1088,doi:10.7910/DVN/SEGZZT
1089,doi:10.7910/DVN/0D8UXT
1090,doi:10.7910/DVN/IDOHEE
1091,doi:10.7910/DVN/CZXKAA
1092,doi:10.7910/DVN/JSL66V
1093,doi:10.7910/DVN/FBP5FK
1094,doi:10.7910/DVN/LLAMGF
1095,doi:10.7910/DVN/YEJLLY
1096,doi:10.7910/DVN/WERWE4
1097,doi:10.7910/DVN/0CKRHM
1098,doi:10.7910/DVN/5BEKRC
1099,doi:10.7910/DVN/M1MO2Y
1100,doi:10.7910/DVN/NJOF5D
1101,doi:10.7910/DVN/EH2VKY
1102,doi:10.7910/DVN/LXWXSM
1103,doi:10.7910/DVN/J4FKHB
1104,doi:10.7910/DVN/I8TWVK
1105,doi:10.7910/DVN/5LT2QY
1106,doi:10.7910/DVN/ZBWYNL
1107,doi:10.7910/DVN/U6DYLU
1108,doi:10.7910/DVN/6QEVVG
1109,doi:10.7910/DVN/ZUULT1
1110,doi:10.7910/DVN/HJXWF9
1111,doi:10.7910/DVN/AFQ4W2
1112,doi:10.7910/DVN/GC0JZV
1113,doi:10.7910/DVN/RTNSOI
1114,doi:10.7910/DVN/QI3ZMB
1115,doi:10.7910/DVN/OVFJYZ
1116,doi:10.7910/DVN/U0PRTR
1117,doi:10.7910/DVN/F43BZT
1118,doi:10.7910/DVN/FPZ0I0
1119,doi:10.7910/DVN/6ZUZOK
1120,doi:10.7910/DVN/ME7J3I
1121,doi:10.7910/DVN/EDH5CC
1122,doi:10.7910/DVN/W4AOO7
1123,doi:10.7910/DVN/2QMK5B
1124,doi:10.7910/DVN/7AORJR
1125,doi:10.7910/DVN/8FIKSZ
1126,doi:10.7910/DVN/4N3OHK
1127,doi:10.7910/DVN/MSISGT
1128,doi:10.7910/DVN/B7N6PR
1129,doi:10.7910/DVN/3ERON6
1130,doi:10.7910/DVN/0BO7SZ
1131,doi:10.7910/DVN/5Z97W9
1132,doi:10.7910/DVN/N1OHGZ
1133,doi:10.7910/DVN/DJUVC7
1134,doi:10.7910/DVN/MLSOQ1
1135,doi:10.7910/DVN/4RBJMV
1136,doi:10.7910/DVN/Q0IJQJ
1137,doi:10.7910/DVN/BUFHJT
1138,doi:10.7910/DVN/GJBEBM
1139,doi:10.7910/DVN/S2WPCG
1140,doi:10.7910/DVN/143RNN
1141,doi:10.7910/DVN/8IFEDR
1142,doi:10.7910/DVN/LKGEVH
1143,doi:10.7910/DVN/VVDENZ
1144,doi:10.7910/DVN/2GKN3R
1145,doi:10.7910/DVN/OYA2YT
1146,doi:10.7910/DVN/WSOUBC
1147,doi:10.7910/DVN/EB34KU
1148,doi:10.7910/DVN/IIRCWR
1149,doi:10.7910/DVN/OWSBGZ
1150,doi:10.7910/DVN/VIB4WF
1151,doi:10.7910/DVN/OXLK0U
1152,doi:10.7910/DVN/CQRGBD
1153,doi:10.7910/DVN/GNLYLW
1154,doi:10.7910/DVN/8KO6N4
1155,doi:10.7910/DVN/EOCRLH
1156,doi:10.7910/DVN/BWROTQ
1157,doi:10.7910/DVN/YBORNT
1158,doi:10.7910/DVN/QARNSB
1159,doi:10.7910/DVN/9OFANR
1160,doi:10.7910/DVN/VGZNB0
1161,doi:10.7910/DVN/BORPM4
1162,doi:10.7910/DVN/GDBTCO
1163,doi:10.7910/DVN/JJVGJS
1164,doi:10.7910/DVN/BZRELL
1165,doi:10.7910/DVN/2KIEMT
1166,doi:10.7910/DVN/TOD1IF
1167,doi:10.7910/DVN/MMGVFV
1168,doi:10.7910/DVN/RJOQLZ
1169,doi:10.7910/DVN/JEHWMH
1170,doi:10.7910/DVN/0KZ66T
1171,doi:10.7910/DVN/GKZSPN
1172,doi:10.7910/DVN/9BRST4
1173,doi:10.7910/DVN/I92PDH
1174,doi:10.7910/DVN/DBFHSZ
1175,doi:10.7910/DVN/P5DVKM
1176,doi:10.7910/DVN/GMKFVC
1177,doi:10.7910/DVN/BX9AYF
1178,doi:10.7910/DVN/HVQHDQ
1179,doi:10.7910/DVN/TYRYFM
1180,doi:10.7910/DVN/Y2TWL3
1181,doi:10.7910/DVN/VHCSEA
1182,doi:10.7910/DVN/FN9MII
1183,doi:10.7910/DVN/CDOJOS
1184,doi:10.7910/DVN/EOGF0K
1185,doi:10.7910/DVN/2YUQ7T
1186,doi:10.7910/DVN/2MFUTD
1187,doi:10.7910/DVN/XXWHZK
1188,doi:10.7910/DVN/KLCIWS
1189,doi:10.7910/DVN/6WOAUT
1190,doi:10.7910/DVN/SAAGYV
1191,doi:10.7910/DVN/D7K7ZB
1192,doi:10.7910/DVN/F1GGJC
1193,doi:10.7910/DVN/Z202E0
1194,doi:10.7910/DVN/8VBXE9
1195,doi:10.7910/DVN/UZ1C7K
1196,doi:10.7910/DVN/HUDEZ9
1197,doi:10.7910/DVN/P3TPLB
1198,doi:10.7910/DVN/F9CYEB
1199,doi:10.7910/DVN/CAIZLX
1200,doi:10.7910/DVN/Y7IQRJ
1201,doi:10.7910/DVN/YT5NSL
1202,doi:10.7910/DVN/BPPJCV
1203,doi:10.7910/DVN/6HF7QF
1204,doi:10.7910/DVN/TQKIIT
1205,doi:10.7910/DVN/2R24G3
1206,doi:10.7910/DVN/9ROLJ5
1207,doi:10.7910/DVN/MRVJX8
1208,doi:10.7910/DVN/NOTB1W
1209,doi:10.7910/DVN/LUAOS5
1210,doi:10.7910/DVN/ZFYH70
1211,doi:10.7910/DVN/GXBLR6
1212,doi:10.7910/DVN/1TAWSL
1213,doi:10.7910/DVN/KCNWK4
1214,doi:10.7910/DVN/3KSEPQ
1215,doi:10.7910/DVN/AA1IKX
1216,doi:10.7910/DVN/RAUELX
1217,doi:10.7910/DVN/SWJ1FS
1218,doi:10.7910/DVN/0ACPXS
1219,doi:10.7910/DVN/VU81XZ
1220,doi:10.7910/DVN/PRCCDI
1221,doi:10.7910/DVN/N2TDBA
1222,doi:10.7910/DVN/GXPDWI
1223,doi:10.7910/DVN/7A2S9K
1224,doi:10.7910/DVN/H6U4EL
1225,doi:10.7910/DVN/OIWAHQ
1226,doi:10.7910/DVN/LEL4YZ
1227,doi:10.7910/DVN/FHF7JZ
1228,doi:10.7910/DVN/RDFFQT
1229,doi:10.7910/DVN/MRR89L
1230,doi:10.7910/DVN/S2ST2I
1231,doi:10.7910/DVN/DVYNOQ
1232,doi:10.7910/DVN/MEYJJB
1233,doi:10.7910/DVN/O4SGHZ
1234,doi:10.7910/DVN/SV2FPP
1235,doi:10.7910/DVN/TMUCTG
1236,doi:10.7910/DVN/9N1E0D
1237,doi:10.7910/DVN/BFVPIK
1238,doi:10.7910/DVN/EMM5BF
1239,doi:10.7910/DVN/CCX7FZ
1240,doi:10.7910/DVN/WN15TB
1241,doi:10.7910/DVN/9VR9KX
1242,doi:10.7910/DVN/O8BDN1
1243,doi:10.7910/DVN/BCVD6O
1244,doi:10.7910/DVN/A8TIZM
1245,doi:10.7910/DVN/CT3H1L
1246,doi:10.7910/DVN/QXVHBH
1247,doi:10.7910/DVN/OUG4HX
1248,doi:10.7910/DVN/OHLEWW
1249,doi:10.7910/DVN/RTDU6K
1250,doi:10.7910/DVN/J6GKCX
1251,doi:10.7910/DVN/PBEFWL
1252,doi:10.7910/DVN/EOTAJF
1253,doi:10.7910/DVN/KGTBC5
1254,doi:10.7910/DVN/UHDK6S
1255,doi:10.7910/DVN/413IKL
1256,doi:10.7910/DVN/AEMYR0
1257,doi:10.7910/DVN/JWVQCP
1258,doi:10.7910/DVN/A1BONI
1259,doi:10.7910/DVN/6RZCJX
1260,doi:10.7910/DVN/EKVH30
1261,doi:10.7910/DVN/AW85TY
1262,doi:10.7910/DVN/VHBG5X
1263,doi:10.7910/DVN/VKU7BB
1264,doi:10.7910/DVN/Y1EHRC
1265,doi:10.7910/DVN/5ZC9FU
1266,doi:10.7910/DVN/YJOOU4
1267,doi:10.7910/DVN/0F2LDX
1268,doi:10.7910/DVN/DWKWMP
1269,doi:10.7910/DVN/K7Q90J
1270,doi:10.7910/DVN/5N0DRP
1271,doi:10.7910/DVN/ISI35T
1272,doi:10.7910/DVN/XLLDZ5
1273,doi:10.7910/DVN/BDZQMZ
1274,doi:10.7910/DVN/20STWN
1275,doi:10.7910/DVN/IIAUYP
1276,doi:10.7910/DVN/O6CNTQ
1277,doi:10.7910/DVN/LPNZ1U
1278,doi:10.7910/DVN/9VIANJ
1279,doi:10.7910/DVN/KPJXU9
1280,doi:10.7910/DVN/ZDLMK2
1281,doi:10.7910/DVN/M7CUID
1282,doi:10.7910/DVN/EPVSME
1283,doi:10.7910/DVN/LHTRQL
1284,doi:10.7910/DVN/ONE6RD
1285,doi:10.7910/DVN/LBSLF1
1286,doi:10.7910/DVN/JC1UXY
1287,doi:10.7910/DVN/H933GO
1288,doi:10.7910/DVN/WGANDD
1289,doi:10.7910/DVN/HZIGUF
1290,doi:10.7910/DVN/BMSFMD
1291,doi:10.7910/DVN/DEITEB
1292,doi:10.7910/DVN/WRW9CK
1293,doi:10.7910/DVN/E29ZAN
1294,doi:10.7910/DVN/XAOXRG
1295,doi:10.7910/DVN/EMXUQA
1296,doi:10.7910/DVN/LEJ11S
1297,doi:10.7910/DVN/QH8A7L
1298,doi:10.7910/DVN/J1S8TA
1299,doi:10.7910/DVN/MLJ1RC
1300,doi:10.7910/DVN/ION1QL
1301,doi:10.7910/DVN/T3Y4VG
1302,doi:10.7910/DVN/HTCLRT
1303,doi:10.7910/DVN/DUS3Q8
1304,doi:10.7910/DVN/T5L4UX
1305,doi:10.7910/DVN/O5SMIS
1306,doi:10.7910/DVN/B1BLPM
1307,doi:10.7910/DVN/KRA2WK
1308,doi:10.7910/DVN/QBC7J7
1309,doi:10.7910/DVN/B9JTRV
1310,doi:10.7910/DVN/UXALBX
1311,doi:10.7910/DVN/L9QPPI
1312,doi:10.7910/DVN/BYINEH
1313,doi:10.7910/DVN/G1QM6G
1314,doi:10.7910/DVN/8SQHNQ
1315,doi:10.7910/DVN/TC5CX5
1316,doi:10.7910/DVN/15YDGR
1317,doi:10.7910/DVN/CMHR7R
1318,doi:10.7910/DVN/WVTL7Y
1319,doi:10.7910/DVN/AHTYLO
1320,doi:10.7910/DVN/8YCKYW
1321,doi:10.7910/DVN/ZCUUPZ
1322,doi:10.7910/DVN/MMUUKB
1323,doi:10.7910/DVN/UUGBJE
1324,doi:10.7910/DVN/HTBCXT
1325,doi:10.7910/DVN/2E1GPF
1326,doi:10.7910/DVN/FKZTIA
1327,doi:10.7910/DVN/ZHDGQ0
1328,doi:10.7910/DVN/M5WSTC
1329,doi:10.7910/DVN/IJLGPB
1330,doi:10.7910/DVN/7QD4RM
1331,doi:10.7910/DVN/HW4TT9
1332,doi:10.7910/DVN/IZL4H7
1333,doi:10.7910/DVN/XTALV0
1334,doi:10.7910/DVN/B1HHBF
1335,doi:10.7910/DVN/8RFTJD
1336,doi:10.7910/DVN/QLDYGH
1337,doi:10.7910/DVN/GFUGA2
1338,doi:10.7910/DVN/8PHEVF
1339,doi:10.7910/DVN/WGHO7M
1340,doi:10.7910/DVN/MLSQ8W
1341,doi:10.7910/DVN/E7PRJF
1342,doi:10.7910/DVN/WAHOJM
1343,doi:10.7910/DVN/RV7HWT
1344,doi:10.7910/DVN/WX7D61
1345,doi:10.7910/DVN/3647YC
1346,doi:10.7910/DVN/ZQUJUI
1347,doi:10.7910/DVN/ZLXKTF
1348,doi:10.7910/DVN/LITK1S
1349,doi:10.7910/DVN/RT3QZE
1350,doi:10.7910/DVN/TIVAJJ
1351,doi:10.7910/DVN/0EUI4B
1352,doi:10.7910/DVN/US3XMT
1353,doi:10.7910/DVN/UUGN3M
1354,doi:10.7910/DVN/KAJCIJ
1355,doi:10.7910/DVN/RLY2ZA
1356,doi:10.7910/DVN/GNGKZX
1357,doi:10.7910/DVN/AOEZJI
1358,doi:10.7910/DVN/F7FWKQ
1359,doi:10.7910/DVN/W01GNT
1360,doi:10.7910/DVN/XCDKQN
1361,doi:10.7910/DVN/RLVYUR
1362,doi:10.7910/DVN/5J2J04
1363,doi:10.7910/DVN/7SWAII
1364,doi:10.7910/DVN/3BI8YI
1365,doi:10.7910/DVN/D8TOUI
1366,doi:10.7910/DVN/2RFOCU
1367,doi:10.7910/DVN/VYOOBA
1368,doi:10.7910/DVN/WXZ6YO
1369,doi:10.7910/DVN/KOOMDQ
1370,doi:10.7910/DVN/4U7HKT
1371,doi:10.7910/DVN/7LGX7S
1372,doi:10.7910/DVN/1ARCAU
1373,doi:10.7910/DVN/MHNY82
1374,doi:10.7910/DVN/HTYRON
1375,doi:10.7910/DVN/TMJIM7
1376,doi:10.7910/DVN/AWDEUX
1377,doi:10.7910/DVN/OHTDIX
1378,doi:10.7910/DVN/R44ETU
1379,doi:10.7910/DVN/KMMYE3
1380,doi:10.7910/DVN/HD2V0O
1381,doi:10.7910/DVN/SZCZCJ
1382,doi:10.7910/DVN/QUVRUK
1383,doi:10.7910/DVN/M5AYKU
1384,doi:10.7910/DVN/BCE7AD
1385,doi:10.7910/DVN/4XKTZ2
1386,doi:10.7910/DVN/XG9NGN
1387,doi:10.7910/DVN/07MWLN
1388,doi:10.7910/DVN/OHDVT9
1389,doi:10.7910/DVN/VM0UVO
1390,doi:10.7910/DVN/TRKTIP
1391,doi:10.7910/DVN/JNJXBC
1392,doi:10.7910/DVN/RAPV3V
1393,doi:10.7910/DVN/NEFOYM
1394,doi:10.7910/DVN/TGGF99
1395,doi:10.7910/DVN/NXXNIM
1396,doi:10.7910/DVN/6LIWZK
1397,doi:10.7910/DVN/BZE54S
1398,doi:10.7910/DVN/MR89F7
1399,doi:10.7910/DVN/K0WASF
1400,doi:10.7910/DVN/54KX7Q
1401,doi:10.7910/DVN/WUQRBL
1402,doi:10.7910/DVN/NGZ7TB
1403,doi:10.7910/DVN/CNCTDP
1404,doi:10.7910/DVN/M7XMCI
1405,doi:10.7910/DVN/BRWYAN
1406,doi:10.7910/DVN/QF1KLC
1407,doi:10.7910/DVN/VLSJQ3
1408,doi:10.7910/DVN/VQ26EW
1409,doi:10.7910/DVN/3WAELO
1410,doi:10.7910/DVN/SLMETB
1411,doi:10.7910/DVN/8O0X8P
1412,doi:10.7910/DVN/KZVBUH
1413,doi:10.7910/DVN/2JJSNJ
1414,doi:10.7910/DVN/DXMF2S
1415,doi:10.7910/DVN/MEHG76
1416,doi:10.7910/DVN/8VVU2A
1417,doi:10.7910/DVN/SNMNFJ
1418,doi:10.7910/DVN/2MFQLB
1419,doi:10.7910/DVN/IS9GRO
1420,doi:10.7910/DVN/RYA60Y
1421,doi:10.7910/DVN/ABKQAP
1422,doi:10.7910/DVN/DOFZSC
1423,doi:10.7910/DVN/QUPDYI
1424,doi:10.7910/DVN/2CG37H
1425,doi:10.7910/DVN/SDFGFB
1426,doi:10.7910/DVN/WI73MC
1427,doi:10.7910/DVN/TOLHGB
1428,doi:10.7910/DVN/CEZ1KM
1429,doi:10.7910/DVN/5MFAIM
1430,doi:10.7910/DVN/0TUGSO
1431,doi:10.7910/DVN/HCMP2T
1432,doi:10.7910/DVN/HTDMLN
1433,doi:10.7910/DVN/YBOTEZ
1434,doi:10.7910/DVN/DXYMAG
1435,doi:10.7910/DVN/UJXRGU
1436,doi:10.7910/DVN/HREPRL
1437,doi:10.7910/DVN/44X3BL
1438,doi:10.7910/DVN/O4NAQJ
1439,doi:10.7910/DVN/EOAZMQ
1440,doi:10.7910/DVN/RSEQ6B
1441,doi:10.7910/DVN/CXRTVU
1442,doi:10.7910/DVN/651S3Y
1443,doi:10.7910/DVN/TLZKLN
1444,doi:10.7910/DVN/3OUVGV
1445,doi:10.7910/DVN/7QJ0MF
1446,doi:10.7910/DVN/REF5RE
1447,doi:10.7910/DVN/GOJ2N8
1448,doi:10.7910/DVN/8TJMRD
1449,doi:10.7910/DVN/2Z7VWO
1450,doi:10.7910/DVN/Y1C5SG
1451,doi:10.7910/DVN/K9SFQC
1452,doi:10.7910/DVN/7WAOUS
1453,doi:10.7910/DVN/NRVHVH
1454,doi:10.7910/DVN/NXGAR7
1455,doi:10.7910/DVN/SBQCE1
1456,doi:10.7910/DVN/HVJTO2
1457,doi:10.7910/DVN/LUFILH
1458,doi:10.7910/DVN/KIIFQJ
1459,doi:10.7910/DVN/XZRJD7
1460,doi:10.7910/DVN/14USCA
1461,doi:10.7910/DVN/9VNZOM
1462,doi:10.7910/DVN/T5C65F
1463,doi:10.7910/DVN/A6RJME
1464,doi:10.7910/DVN/0WAUWN
1465,doi:10.7910/DVN/TLRNCL
1466,doi:10.7910/DVN/NLZTI8
1467,doi:10.7910/DVN/UHZEEZ
1468,doi:10.7910/DVN/B8JMNG
1469,doi:10.7910/DVN/PBWBTY
1470,doi:10.7910/DVN/CTEC7X
1471,doi:10.7910/DVN/N5W4Y3
1472,doi:10.7910/DVN/BMCEYR
1473,doi:10.7910/DVN/2MZ5BK
1474,doi:10.7910/DVN/TYZHYR
1475,doi:10.7910/DVN/IXXNWM
1476,doi:10.7910/DVN/992ATM
1477,doi:10.7910/DVN/0CXFHY
1478,doi:10.7910/DVN/RBP7JH
1479,doi:10.7910/DVN/L4CUQ6
1480,doi:10.7910/DVN/70TCEF
1481,doi:10.7910/DVN/XUVJGZ
1482,doi:10.7910/DVN/5R8MTX
1483,doi:10.7910/DVN/FNNHRL
1484,doi:10.7910/DVN/9ARPBQ
1485,doi:10.7910/DVN/3EQFP1
1486,doi:10.7910/DVN/1KHYWN
1487,doi:10.7910/DVN/3JDGX9
1488,doi:10.7910/DVN/IDPPBM
1489,doi:10.7910/DVN/IBXPWH
1490,doi:10.7910/DVN/Q8M6AK
1491,doi:10.7910/DVN/VSCVJM
1492,doi:10.7910/DVN/HW6UED
1493,doi:10.7910/DVN/N2Q0JF
1494,doi:10.7910/DVN/2XVCDH
1495,doi:10.7910/DVN/CW8FMO
1496,doi:10.7910/DVN/6KTOGN
1497,doi:10.7910/DVN/GC3LXG
1498,doi:10.7910/DVN/CZZYHH
1499,doi:10.7910/DVN/AIZ9FY
1500,doi:10.7910/DVN/LEPE3N
1501,doi:10.7910/DVN/TEDTVW
1502,doi:10.7910/DVN/FEDPR9
1503,doi:10.7910/DVN/KFWQMS
1504,doi:10.7910/DVN/5TUBKD
1505,doi:10.7910/DVN/PQC4K5
1506,doi:10.7910/DVN/HKL89D
1507,doi:10.7910/DVN/XS5V2F
1508,doi:10.7910/DVN/ICAG8F
1509,doi:10.7910/DVN/GBNQDV
1510,doi:10.7910/DVN/LXRXCO
1511,doi:10.7910/DVN/QBE0MI
1512,doi:10.7910/DVN/HLVEUR
1513,doi:10.7910/DVN/EK7SGS
1514,doi:10.7910/DVN/QDIODS
1515,doi:10.7910/DVN/SOEUB3
1516,doi:10.7910/DVN/GLI29J
1517,doi:10.7910/DVN/AW6OHL
1518,doi:10.7910/DVN/MJBAXT
1519,doi:10.7910/DVN/M4LNI6
1520,doi:10.7910/DVN/16WQMU
1521,doi:10.7910/DVN/NJ758J
1522,doi:10.7910/DVN/FSSCIM
1523,doi:10.7910/DVN/N1QKQ8
1524,doi:10.7910/DVN/9OM0R1
1525,doi:10.7910/DVN/0C49NB
1526,doi:10.7910/DVN/G7NNRO
1527,doi:10.7910/DVN/APL7OX
1528,doi:10.7910/DVN/7TVRIQ
1529,doi:10.7910/DVN/APOX2Y
1530,doi:10.7910/DVN/FQBFXN
1531,doi:10.7910/DVN/ZJL1HB
1532,doi:10.7910/DVN/1DDLER
1533,doi:10.7910/DVN/HEOAP4
1534,doi:10.7910/DVN/LRYTXV
1535,doi:10.7910/DVN/GOPV1S
1536,doi:10.7910/DVN/JDW0JF
1537,doi:10.7910/DVN/A2DXFM
1538,doi:10.7910/DVN/DRCVUD
1539,doi:10.7910/DVN/VCBBBP
1540,doi:10.7910/DVN/LPNQPR
1541,doi:10.7910/DVN/7TX3IU
1542,doi:10.7910/DVN/PVYNCL
1543,doi:10.7910/DVN/MFQ3VC
1544,doi:10.7910/DVN/990BBV
1545,doi:10.7910/DVN/LPESXI
1546,doi:10.7910/DVN/4WAPGQ
1547,doi:10.7910/DVN/9D6ZO2
1548,doi:10.7910/DVN/NVS6CR
1549,doi:10.7910/DVN/SK7SDI
1550,doi:10.7910/DVN/OOLILO
1551,doi:10.7910/DVN/ZL0ESM
1552,doi:10.7910/DVN/QPFC6J
1553,doi:10.7910/DVN/KCOQ4Z
1554,doi:10.7910/DVN/GLPP4L
1555,doi:10.7910/DVN/I2TJUF
1556,doi:10.7910/DVN/ISZAOC
1557,doi:10.7910/DVN/10TMD6
1558,doi:10.7910/DVN/Q7K08P
1559,doi:10.7910/DVN/KNN77C
1560,doi:10.7910/DVN/HJ7S4D
1561,doi:10.7910/DVN/ABSBKT
1562,doi:10.7910/DVN/PSQBNL
1563,doi:10.7910/DVN/ZTGNPX
1564,doi:10.7910/DVN/PZYZDM
1565,doi:10.7910/DVN/R6HPIN
1566,doi:10.7910/DVN/JKGQGY
1567,doi:10.7910/DVN/6LN8JQ
1568,doi:10.7910/DVN/CNXJOS
1569,doi:10.7910/DVN/4P31QO
1570,doi:10.7910/DVN/ASO8YK
1571,doi:10.7910/DVN/OELXY2
1572,doi:10.7910/DVN/BZQR5B
1573,doi:10.7910/DVN/8NCPMN
1574,doi:10.7910/DVN/EV6VZK
1575,doi:10.7910/DVN/4PAKZF
1576,doi:10.7910/DVN/GRIOID
1577,doi:10.7910/DVN/VO6U3X
1578,doi:10.7910/DVN/A1R6OD
1579,doi:10.7910/DVN/ZQG4LZ
1580,doi:10.7910/DVN/AZFY8Q
1581,doi:10.7910/DVN/DQX8MZ
1582,doi:10.7910/DVN/5WBZDX
1583,doi:10.7910/DVN/BBHLLO
1584,doi:10.7910/DVN/WXXJ7F
1585,doi:10.7910/DVN/HCZNUA
1586,doi:10.7910/DVN/OINF2T
1587,doi:10.7910/DVN/FMR3RN
1588,doi:10.7910/DVN/BWMM6F
1589,doi:10.7910/DVN/QHKRKW
1590,doi:10.7910/DVN/YG6ZQF
1591,doi:10.7910/DVN/A0GMM2
1592,doi:10.7910/DVN/FG4VPD
1593,doi:10.7910/DVN/92DS3F
1594,doi:10.7910/DVN/AKRCPE
1595,doi:10.7910/DVN/L3IUDH
1596,doi:10.7910/DVN/AF3I7Q
1597,doi:10.7910/DVN/W9A7GD
1598,doi:10.7910/DVN/ZOL3N3
1599,doi:10.7910/DVN/3XGGXB
1600,doi:10.7910/DVN/XPRBV5
1601,doi:10.7910/DVN/8LJAEJ
1602,doi:10.7910/DVN/8XFYVH
1603,doi:10.7910/DVN/J53URR
1604,doi:10.7910/DVN/VCL5SM
1605,doi:10.7910/DVN/P46BSX
1606,doi:10.7910/DVN/XOCLE0
1607,doi:10.7910/DVN/6IXSCG
1608,doi:10.7910/DVN/PDALHR
1609,doi:10.7910/DVN/WY4JCJ
1610,doi:10.7910/DVN/8MU779
1611,doi:10.7910/DVN/RAKXJE
1612,doi:10.7910/DVN/VYBNXM
1613,doi:10.7910/DVN/KCEKJK
1614,doi:10.7910/DVN/EI4DGT
1615,doi:10.7910/DVN/CIDR3X
1616,doi:10.7910/DVN/T162E1
1617,doi:10.7910/DVN/RVY7I3
1618,doi:10.7910/DVN/CNWT8U
1619,doi:10.7910/DVN/KRTS9M
1620,doi:10.7910/DVN/LCIVTA
1621,doi:10.7910/DVN/CUL2XZ
1622,doi:10.7910/DVN/EWSKCY
1623,doi:10.7910/DVN/3TAQ8K
1624,doi:10.7910/DVN/V6QWFZ
1625,doi:10.7910/DVN/C28UO8
1626,doi:10.7910/DVN/EKMIYF
1627,doi:10.7910/DVN/EGC1ZC
1628,doi:10.7910/DVN/TCI2BG
1629,doi:10.7910/DVN/DLDGV3
1630,doi:10.7910/DVN/BXBNE0
1631,doi:10.7910/DVN/26P1OS
1632,doi:10.7910/DVN/2Q08BE
1633,doi:10.7910/DVN/6ML2RB
1634,doi:10.7910/DVN/SXVRCJ
1635,doi:10.7910/DVN/KXIOAD
1636,doi:10.7910/DVN/I3JZKC
1637,doi:10.7910/DVN/IDG2ZT
1638,doi:10.7910/DVN/RCOGWH
1639,doi:10.7910/DVN/H4RRMD
1640,doi:10.7910/DVN/9XQSMI
1641,doi:10.7910/DVN/YZLPXZ
1642,doi:10.7910/DVN/UVUM05
1643,doi:10.7910/DVN/LT5UVI
1644,doi:10.7910/DVN/RAJOWP
1645,doi:10.7910/DVN/CBAYLY
1646,doi:10.7910/DVN/01MFLV
1647,doi:10.7910/DVN/CMJGQM
1648,doi:10.7910/DVN/2JX76Q
1649,doi:10.7910/DVN/WEPQJM
1650,doi:10.7910/DVN/YCA5MO
1651,doi:10.7910/DVN/SQABMR
1652,doi:10.7910/DVN/QXPEAS
1653,doi:10.7910/DVN/K8WGGD
1654,doi:10.7910/DVN/3YTNBE
1655,doi:10.7910/DVN/BQV8S5
1656,doi:10.7910/DVN/BWBQSU
1657,doi:10.7910/DVN/CM3DKI
1658,doi:10.7910/DVN/SBMNUY
1659,doi:10.7910/DVN/CPP9RI
1660,doi:10.7910/DVN/S5HUXW
1661,doi:10.7910/DVN/24IOJJ
1662,doi:10.7910/DVN/TNUI7Z
1663,doi:10.7910/DVN/RXYJPJ
1664,doi:10.7910/DVN/OQEOWY
1665,doi:10.7910/DVN/DVPZJW
1666,doi:10.7910/DVN/YDJKYP
1667,doi:10.7910/DVN/QOJLP5
1668,doi:10.7910/DVN/HFU2JC
1669,doi:10.7910/DVN/96NY6O
1670,doi:10.7910/DVN/CLEK12
1671,doi:10.7910/DVN/VDPUP1
1672,doi:10.7910/DVN/Y21BPG
1673,doi:10.7910/DVN/C6TYT8
1674,doi:10.7910/DVN/CG9CPV
1675,doi:10.7910/DVN/OXHJQE
1676,doi:10.7910/DVN/1I5KDN
1677,doi:10.7910/DVN/RVSBD7
1678,doi:10.7910/DVN/SH854N
1679,doi:10.7910/DVN/TTF69I
1680,doi:10.7910/DVN/CBSZAH
1681,doi:10.7910/DVN/HRDY9T
1682,doi:10.7910/DVN/CH7EEJ
1683,doi:10.7910/DVN/LIDLWX
1684,doi:10.7910/DVN/XTBAQH
1685,doi:10.7910/DVN/IHDM3G
1686,doi:10.7910/DVN/BGKZHC
1687,doi:10.7910/DVN/DEKSYR
1688,doi:10.7910/DVN/NPZEGY
1689,doi:10.7910/DVN/LLVVHK
1690,doi:10.7910/DVN/3OIHVO
1691,doi:10.7910/DVN/YF5H1C
1692,doi:10.7910/DVN/8KRZSN
1693,doi:10.7910/DVN/LF4W9A
1694,doi:10.7910/DVN/EWKCP2
1695,doi:10.7910/DVN/O5PZO3
1696,doi:10.7910/DVN/6E2PJE
1697,doi:10.7910/DVN/AMGUEM
1698,doi:10.7910/DVN/DJXCAH
1699,doi:10.7910/DVN/JQLFZV
1700,doi:10.7910/DVN/N9GDVR
1701,doi:10.7910/DVN/7RVTSG
1702,doi:10.7910/DVN/HYZK3E
1703,doi:10.7910/DVN/BPSR4I
1704,doi:10.7910/DVN/MXMZSR
1705,doi:10.7910/DVN/6D7NSF
1706,doi:10.7910/DVN/3GNBA5
1707,doi:10.7910/DVN/M3BUQ3
1708,doi:10.7910/DVN/CGQJCS
1709,doi:10.7910/DVN/G7QOMI
1710,doi:10.7910/DVN/YJQQJQ
1711,doi:10.7910/DVN/WIAY1M
1712,doi:10.7910/DVN/6DWT32
1713,doi:10.7910/DVN/HC9397
1714,doi:10.7910/DVN/RGBH7U
1715,doi:10.7910/DVN/FSCYJO
1716,doi:10.7910/DVN/0POV8W
1717,doi:10.7910/DVN/XB1SLI
1718,doi:10.7910/DVN/B5T1EV
1719,doi:10.7910/DVN/MAB1UI
1720,doi:10.7910/DVN/EZZKWZ
1721,doi:10.7910/DVN/ZYILJO
1722,doi:10.7910/DVN/UF4WZS
1723,doi:10.7910/DVN/AUI6EU
1724,doi:10.7910/DVN/ARWIED
1725,doi:10.7910/DVN/7ROOLL
1726,doi:10.7910/DVN/NZJNKU
1727,doi:10.7910/DVN/DQJRTS
1728,doi:10.7910/DVN/SREQ2A
1729,doi:10.7910/DVN/UCJMEJ
1730,doi:10.7910/DVN/ZLUG5Q
1731,doi:10.7910/DVN/9P87X5
1732,doi:10.7910/DVN/BTCFYU
1733,doi:10.7910/DVN/ALSCPW
1734,doi:10.7910/DVN/3YPTZ2
1735,doi:10.7910/DVN/EKMKRG
1736,doi:10.7910/DVN/CXTQ4Y
1737,doi:10.7910/DVN/ZB4VZQ
1738,doi:10.7910/DVN/CGBNBY
1739,doi:10.7910/DVN/PR83SJ
1740,doi:10.7910/DVN/3EBBY0
1741,doi:10.7910/DVN/0INVEV
1742,doi:10.7910/DVN/P4INPS
1743,doi:10.7910/DVN/LEASCS
1744,doi:10.7910/DVN/4LWFVB
1745,doi:10.7910/DVN/UZJXT3
1746,doi:10.7910/DVN/DSSYAI
1747,doi:10.7910/DVN/FRD7EE
1748,doi:10.7910/DVN/ESGPDI
1749,doi:10.7910/DVN/XLTB3Y
1750,doi:10.7910/DVN/K2O6ED
1751,doi:10.7910/DVN/QXK2FD
1752,doi:10.7910/DVN/V2HJXW
1753,doi:10.7910/DVN/ZQ1RGV
1754,doi:10.7910/DVN/WQWQYT
1755,doi:10.7910/DVN/FQIAW3
1756,doi:10.7910/DVN/U6EYEV
1757,doi:10.7910/DVN/TGQU79
1758,doi:10.7910/DVN/OL3II9
1759,doi:10.7910/DVN/4VSCSW
1760,doi:10.7910/DVN/BJ10J6
1761,doi:10.7910/DVN/0ABKFE
1762,doi:10.7910/DVN/IKU2MX
1763,doi:10.7910/DVN/UNY7X4
1764,doi:10.7910/DVN/577YXQ
1765,doi:10.7910/DVN/7BIGZS
1766,doi:10.7910/DVN/GUMSNZ
1767,doi:10.7910/DVN/CVHOX8
1768,doi:10.7910/DVN/AZIVLA
1769,doi:10.7910/DVN/CRWWUW
1770,doi:10.7910/DVN/SG7KUE
1771,doi:10.7910/DVN/WUZYEG
1772,doi:10.7910/DVN/IFDL9X
1773,doi:10.7910/DVN/B2KTJ8
1774,doi:10.7910/DVN/NSNUMO
1775,doi:10.7910/DVN/OWXNL0
1776,doi:10.7910/DVN/PZKJ32
1777,doi:10.7910/DVN/HMHADU
1778,doi:10.7910/DVN/KYV4R3
1779,doi:10.7910/DVN/KYICGH
1780,doi:10.7910/DVN/X2XH6K
1781,doi:10.7910/DVN/PGANP2
1782,doi:10.7910/DVN/ZITAWA
1783,doi:10.7910/DVN/35XJIY
1784,doi:10.7910/DVN/ZZ7ZR7
1785,doi:10.7910/DVN/MX7XU5
1786,doi:10.7910/DVN/FVV4DY
1787,doi:10.7910/DVN/AYKUS1
1788,doi:10.7910/DVN/RKWVXT
1789,doi:10.7910/DVN/IKEBGV
1790,doi:10.7910/DVN/UHG3JP
1791,doi:10.7910/DVN/KIXACO
1792,doi:10.7910/DVN/6YGMP5
1793,doi:10.7910/DVN/GAZPL3
1794,doi:10.7910/DVN/4QRU1X
1795,doi:10.7910/DVN/92WO5K
1796,doi:10.7910/DVN/CTYSGG
1797,doi:10.7910/DVN/YIVYSF
1798,doi:10.7910/DVN/MYUYGR
1799,doi:10.7910/DVN/029KFK
1800,doi:10.7910/DVN/JCPHG7
1801,doi:10.7910/DVN/WZCY4R
1802,doi:10.7910/DVN/YM4K7X
1803,doi:10.7910/DVN/16541M
1804,doi:10.7910/DVN/Q3QXRN
1805,doi:10.7910/DVN/LLXL6D
1806,doi:10.7910/DVN/DLQ6WS
1807,doi:10.7910/DVN/9BLSB5
1808,doi:10.7910/DVN/H1IPEK
1809,doi:10.7910/DVN/H9RVRQ
1810,doi:10.7910/DVN/OKZTSI
1811,doi:10.7910/DVN/H57GTI
1812,doi:10.7910/DVN/B47TSZ
1813,doi:10.7910/DVN/VXFA32
1814,doi:10.7910/DVN/38TVNV
1815,doi:10.7910/DVN/ROXYIJ
1816,doi:10.7910/DVN/US9WYC
1817,doi:10.7910/DVN/M2Z0SN
1818,doi:10.7910/DVN/5C54FJ
1819,doi:10.7910/DVN/Z0JCQO
1820,doi:10.7910/DVN/ALIHOK
1821,doi:10.7910/DVN/ZXDAH1
1822,doi:10.7910/DVN/WMVGSI
1823,doi:10.7910/DVN/KR6BN2
1824,doi:10.7910/DVN/UVWLYU
1825,doi:10.7910/DVN/HPNAFK
1826,doi:10.7910/DVN/8FQHJY
1827,doi:10.7910/DVN/HMP9XX
1828,doi:10.7910/DVN/7JUZ2A
1829,doi:10.7910/DVN/FBRBQY
1830,doi:10.7910/DVN/KKLP4D
1831,doi:10.7910/DVN/0KYCPQ
1832,doi:10.7910/DVN/T3QISB
1833,doi:10.7910/DVN/THP0PW
1834,doi:10.7910/DVN/4O8LS6
1835,doi:10.7910/DVN/4WHOW9
1836,doi:10.7910/DVN/5S0WKI
1837,doi:10.7910/DVN/XGZKNR
1838,doi:10.7910/DVN/NM7I9D
1839,doi:10.7910/DVN/CWXR31
1840,doi:10.7910/DVN/CTN7TH
1841,doi:10.7910/DVN/V9TKD2
1842,doi:10.7910/DVN/OH1ETV
1843,doi:10.7910/DVN/2HPTFC
1844,doi:10.7910/DVN/URH2LG
1845,doi:10.7910/DVN/1EYF4C
1846,doi:10.7910/DVN/XE1MXD
1847,doi:10.7910/DVN/7WWNDH
1848,doi:10.7910/DVN/4CBP9V
1849,doi:10.7910/DVN/BY9ZRH
1850,doi:10.7910/DVN/KTAKMC
1851,doi:10.7910/DVN/9LUTR8
1852,doi:10.7910/DVN/8YMNWU
1853,doi:10.7910/DVN/QMG8OV
1854,doi:10.7910/DVN/4T8UHA
1855,doi:10.7910/DVN/GNZ2GB
1856,doi:10.7910/DVN/DPTRUO
1857,doi:10.7910/DVN/YVKZVI
1858,doi:10.7910/DVN/X0GO1X
1859,doi:10.7910/DVN/EEBXRJ
1860,doi:10.7910/DVN/9RPWYY
1861,doi:10.7910/DVN/NMB6RD
1862,doi:10.7910/DVN/AWUEET
1863,doi:10.7910/DVN/FNCZGK
1864,doi:10.7910/DVN/BYSLFK
1865,doi:10.7910/DVN/KXLVQP
1866,doi:10.7910/DVN/PR6LZP
1867,doi:10.7910/DVN/XTPM6T
1868,doi:10.7910/DVN/Z59RJQ
1869,doi:10.7910/DVN/VQB15Y
1870,doi:10.7910/DVN/N2EUA0
1871,doi:10.7910/DVN/DKQTPF
1872,doi:10.7910/DVN/LARIAO
1873,doi:10.7910/DVN/KLBSNL
1874,doi:10.7910/DVN/L8IQNN
1875,doi:10.7910/DVN/UGWTCK
1876,doi:10.7910/DVN/GHEB2E
1877,doi:10.7910/DVN/LXM2DO
1878,doi:10.7910/DVN/C2OCAW
1879,doi:10.7910/DVN/75F76I
1880,doi:10.7910/DVN/EFILJU
1881,doi:10.7910/DVN/BCFE4M
1882,doi:10.7910/DVN/Z1ZRU0
1883,doi:10.7910/DVN/JU8A4N
1884,doi:10.7910/DVN/NGGFYA
1885,doi:10.7910/DVN/MVR860
1886,doi:10.7910/DVN/NKVFUX
1887,doi:10.7910/DVN/AIFTPT
1888,doi:10.7910/DVN/TVVG35
1889,doi:10.7910/DVN/GXB460
1890,doi:10.7910/DVN/3TPAGK
1891,doi:10.7910/DVN/JYUDG9
1892,doi:10.7910/DVN/2UNRTM
1893,doi:10.7910/DVN/AQWUNN
1894,doi:10.7910/DVN/Z4R09B
1895,doi:10.7910/DVN/MZR8KO
1896,doi:10.7910/DVN/GDVIFX
1897,doi:10.7910/DVN/Z7PCMJ
1898,doi:10.7910/DVN/YYVYFD
1899,doi:10.7910/DVN/MWVHVQ
1900,doi:10.7910/DVN/UZ5BTJ
1901,doi:10.7910/DVN/LZQOEZ
1902,doi:10.7910/DVN/LYRFSU
1903,doi:10.7910/DVN/QBSW1U
1904,doi:10.7910/DVN/MA09TJ
1905,doi:10.7910/DVN/AFM2GQ
1906,doi:10.7910/DVN/JQ80ZW
1907,doi:10.7910/DVN/1DRGJX
1908,doi:10.7910/DVN/SXAWSJ
1909,doi:10.7910/DVN/WVLM2E
1910,doi:10.7910/DVN/YJMXXR
1911,doi:10.7910/DVN/UHHUQH
1912,doi:10.7910/DVN/RXDL2O
1913,doi:10.7910/DVN/FH7RCM
1914,doi:10.7910/DVN/CSL30D
1915,doi:10.7910/DVN/UN6I5O
1916,doi:10.7910/DVN/XNHHSJ
1917,doi:10.7910/DVN/3J38KV
1918,doi:10.7910/DVN/IJGIEE
1919,doi:10.7910/DVN/J56RW9
1920,doi:10.7910/DVN/LNJ1YK
1921,doi:10.7910/DVN/FL6WRE
1922,doi:10.7910/DVN/I367A0
1923,doi:10.7910/DVN/BTI5I4
1924,doi:10.7910/DVN/ETKKYM
1925,doi:10.7910/DVN/HYZK0L
1926,doi:10.7910/DVN/8VIMFK
1927,doi:10.7910/DVN/QIMTO9
1928,doi:10.7910/DVN/VKZRVX
1929,doi:10.7910/DVN/2PTDIT
1930,doi:10.7910/DVN/ZRB144
1931,doi:10.7910/DVN/PVOGDG
1932,doi:10.7910/DVN/FG6V2F
1933,doi:10.7910/DVN/LX3EMX
1934,doi:10.7910/DVN/YHKODW
1935,doi:10.7910/DVN/HAEJWU
1936,doi:10.7910/DVN/G7RV96
1937,doi:10.7910/DVN/PQ2RFM
1938,doi:10.7910/DVN/ST4ZLJ
1939,doi:10.7910/DVN/NOEZN0
1940,doi:10.7910/DVN/6SQS7I
1941,doi:10.7910/DVN/NM0BJB
1942,doi:10.7910/DVN/GRC3B3
1943,doi:10.7910/DVN/EYMLPY
1944,doi:10.7910/DVN/JIXIYX
1945,doi:10.7910/DVN/RFHSDK
1946,doi:10.7910/DVN/QDIA8V
1947,doi:10.7910/DVN/8QRBCQ
1948,doi:10.7910/DVN/1HP9FW
1949,doi:10.7910/DVN/QBF8XT
1950,doi:10.7910/DVN/NKPVMO
1951,doi:10.7910/DVN/SCFEHF
1952,doi:10.7910/DVN/IM8STF
1953,doi:10.7910/DVN/QCRTA9
1954,doi:10.7910/DVN/NO6R41
1955,doi:10.7910/DVN/IE5QPZ
1956,doi:10.7910/DVN/MCHFMP
1957,doi:10.7910/DVN/BRRD1R
1958,doi:10.7910/DVN/CK6ISL
1959,doi:10.7910/DVN/7YPHOC
1960,doi:10.7910/DVN/N3M1WC
1961,doi:10.7910/DVN/DDYFRF
1962,doi:10.7910/DVN/1ELAEL
1963,doi:10.7910/DVN/4FGW6U
1964,doi:10.7910/DVN/Q5FDBH
1965,doi:10.7910/DVN/AYMCMJ
1966,doi:10.7910/DVN/QI1OMZ
1967,doi:10.7910/DVN/DADPCG
1968,doi:10.7910/DVN/WLKWQ7
1969,doi:10.7910/DVN/DDGKIX
1970,doi:10.7910/DVN/FYO5E8
1971,doi:10.7910/DVN/V59PIH
1972,doi:10.7910/DVN/370RBL
1973,doi:10.7910/DVN/W4ODQC
1974,doi:10.7910/DVN/1MLHEG
1975,doi:10.7910/DVN/FFSOJ5
1976,doi:10.7910/DVN/PFF2SF
1977,doi:10.7910/DVN/SDOQ6B
1978,doi:10.7910/DVN/GQOMNY
1979,doi:10.7910/DVN/DOMJWK
1980,doi:10.7910/DVN/H6WTEJ
1981,doi:10.7910/DVN/4GT4SQ
1982,doi:10.7910/DVN/QJOQMO
1983,doi:10.7910/DVN/92NYOB
1984,doi:10.7910/DVN/Z6QQRP
1985,doi:10.7910/DVN/BCZRV4
1986,doi:10.7910/DVN/9QIM2G
1987,doi:10.7910/DVN/FQVEDM
1988,doi:10.7910/DVN/NWVB4G
1989,doi:10.7910/DVN/HCMLET
1990,doi:10.7910/DVN/U43NQF
1991,doi:10.7910/DVN/ADGFYZ
1992,doi:10.7910/DVN/NCVFK6
1993,doi:10.7910/DVN/SVX1D0
1994,doi:10.7910/DVN/KWGSTV
1995,doi:10.7910/DVN/DOP82W
1996,doi:10.7910/DVN/YGK31V
1997,doi:10.7910/DVN/DG6Z28
1998,doi:10.7910/DVN/ZTOPGC
1999,doi:10.7910/DVN/VAXHAH
2000,doi:10.7910/DVN/5KRRHS
2001,doi:10.7910/DVN/QU71UO
2002,doi:10.7910/DVN/CBIRQ0
2003,doi:10.7910/DVN/WXSAPC
2004,doi:10.7910/DVN/9S1OV6
2005,doi:10.7910/DVN/Q6XAOZ
2006,doi:10.7910/DVN/5ZTP89
2007,doi:10.7910/DVN/9DOWPE
2008,doi:10.7910/DVN/971BRR
2009,doi:10.7910/DVN/9G4FBU
2010,doi:10.7910/DVN/LOXBVF
2011,doi:10.7910/DVN/GVCGVA
2012,doi:10.7910/DVN/PFIPCW
2013,doi:10.7910/DVN/HFCUTA
2014,doi:10.7910/DVN/4GOWBI
2015,doi:10.7910/DVN/J0MXFG
2016,doi:10.7910/DVN/RQHCR5
2017,doi:10.7910/DVN/161AB3
2018,doi:10.7910/DVN/6YY9N0
2019,doi:10.7910/DVN/MQTMXG
2020,doi:10.7910/DVN/AWODKU
2021,doi:10.7910/DVN/JTJMIQ
2022,doi:10.7910/DVN/CYDJTW
2023,doi:10.7910/DVN/EECFBP
2024,doi:10.7910/DVN/URWGPJ
2025,doi:10.7910/DVN/UG0Y7D
2026,doi:10.7910/DVN/QRLG1C
2027,doi:10.7910/DVN/S5KBCD
2028,doi:10.7910/DVN/SPUUAV
2029,doi:10.7910/DVN/43ZFHH
2030,doi:10.7910/DVN/H5RQDS
2031,doi:10.7910/DVN/E4TVQS
2032,doi:10.7910/DVN/FQMBTV
2033,doi:10.7910/DVN/1EGPJ3
2034,doi:10.7910/DVN/PMW8LC
2035,doi:10.7910/DVN/MQXYQT
2036,doi:10.7910/DVN/TAVQ1P
2037,doi:10.7910/DVN/VQRGB8
2038,doi:10.7910/DVN/7BECYN
2039,doi:10.7910/DVN/SGETER
2040,doi:10.7910/DVN/WS68DK
2041,doi:10.7910/DVN/IVYHZZ
2042,doi:10.7910/DVN/FCPPSR
2043,doi:10.7910/DVN/PLESNL
2044,doi:10.7910/DVN/KI8VQJ
2045,doi:10.7910/DVN/EDVW6Y
2046,doi:10.7910/DVN/P2MX7V
2047,doi:10.7910/DVN/CSTQN3
2048,doi:10.7910/DVN/DB5ZDC
2049,doi:10.7910/DVN/13F1YH
2050,doi:10.7910/DVN/RVBLHI
2051,doi:10.7910/DVN/2XMAYJ
2052,doi:10.7910/DVN/TQPU6L
2053,doi:10.7910/DVN/OWTYK2
2054,doi:10.7910/DVN/DTZJX0
2055,doi:10.7910/DVN/YTTURK
2056,doi:10.7910/DVN/WOSKTL
2057,doi:10.7910/DVN/1TVHNK
2058,doi:10.7910/DVN/NJKODL
2059,doi:10.7910/DVN/AOOEFM
2060,doi:10.7910/DVN/XP9NSS
2061,doi:10.7910/DVN/59VCQF
2062,doi:10.7910/DVN/5M2ZIZ
2063,doi:10.7910/DVN/HI0MJV
2064,doi:10.7910/DVN/CMU2AN
2065,doi:10.7910/DVN/7NQNKS
2066,doi:10.7910/DVN/HNZ83C
2067,doi:10.7910/DVN/6EXYN0
2068,doi:10.7910/DVN/LHNSDE
2069,doi:10.7910/DVN/HE8HXY
2070,doi:10.7910/DVN/KCUX1T
2071,doi:10.7910/DVN/UVBCPG
2072,doi:10.7910/DVN/CMVXQB
2073,doi:10.7910/DVN/4Q6J5X
2074,doi:10.7910/DVN/AUWQKM
2075,doi:10.7910/DVN/6Z2WWN
2076,doi:10.7910/DVN/H5ODA2
2077,doi:10.7910/DVN/YGIDVY
2078,doi:10.7910/DVN/YRGHOJ
2079,doi:10.7910/DVN/MRE3NN
2080,doi:10.7910/DVN/7I8HGA
2081,doi:10.7910/DVN/4ED0NF
2082,doi:10.7910/DVN/HJKEI3
2083,doi:10.7910/DVN/QTZB9V
2084,doi:10.7910/DVN/GMUNPG
2085,doi:10.7910/DVN/UPXQXR
2086,doi:10.7910/DVN/RYGCQK
2087,doi:10.7910/DVN/2EWVH6
2088,doi:10.7910/DVN/AOAUAM
2089,doi:10.7910/DVN/GFNLKX
2090,doi:10.7910/DVN/NQW8HR
2091,doi:10.7910/DVN/SMYVRY
2092,doi:10.7910/DVN/3KIGJU
2093,doi:10.7910/DVN/PSFIO1
2094,doi:10.7910/DVN/9JJTHA
2095,doi:10.7910/DVN/IQMTC9
2096,doi:10.7910/DVN/6MAC55
2097,doi:10.7910/DVN/REDB30
2098,doi:10.7910/DVN/ZWXL97
2099,doi:10.7910/DVN/PTJBRG
2100,doi:10.7910/DVN/I7NRWJ
2101,doi:10.7910/DVN/QYMQZ9
2102,doi:10.7910/DVN/J9TTSD
2103,doi:10.7910/DVN/9P7NFJ
2104,doi:10.7910/DVN/ZCSRGS
2105,doi:10.7910/DVN/XV9FBH
2106,doi:10.7910/DVN/OINUNJ
2107,doi:10.7910/DVN/VT53E0
2108,doi:10.7910/DVN/AAJVVL
2109,doi:10.7910/DVN/ZSH8DA
2110,doi:10.7910/DVN/O2FGAF
2111,doi:10.7910/DVN/ZLF8OG
2112,doi:10.7910/DVN/AJSDQV
2113,doi:10.7910/DVN/YD8MEH
2114,doi:10.7910/DVN/DRKWNS
2115,doi:10.7910/DVN/379PUX
2116,doi:10.7910/DVN/78CNEG
2117,doi:10.7910/DVN/4RI4LS
2118,doi:10.7910/DVN/G5GEB0
2119,doi:10.7910/DVN/NGPWZJ
2120,doi:10.7910/DVN/WRNK34
2121,doi:10.7910/DVN/S1NPYG
2122,doi:10.7910/DVN/GTZ1PB
2123,doi:10.7910/DVN/VEXJOU
2124,doi:10.7910/DVN/H3GSBU
2125,doi:10.7910/DVN/Z4ZU3R
2126,doi:10.7910/DVN/89NUX0
2127,doi:10.7910/DVN/ZXW9K0
2128,doi:10.7910/DVN/0A5O21
2129,doi:10.7910/DVN/EJAUQ0
2130,doi:10.7910/DVN/4BRLY3
2131,doi:10.7910/DVN/INBZD8
2132,doi:10.7910/DVN/BMYV8F
2133,doi:10.7910/DVN/SCI9EJ
2134,doi:10.7910/DVN/WE3A8R
2135,doi:10.7910/DVN/FZJTDS
2136,doi:10.7910/DVN/OC6EKS
2137,doi:10.7910/DVN/P2LSIH
2138,doi:10.7910/DVN/0VWJLN
2139,doi:10.7910/DVN/NUURNM
2140,doi:10.7910/DVN/DNOWKE
2141,doi:10.7910/DVN/UTGMXD
2142,doi:10.7910/DVN/IEUT1P
2143,doi:10.7910/DVN/AYO6RQ
2144,doi:10.7910/DVN/UKEEPY
2145,doi:10.7910/DVN/QSEWCB
2146,doi:10.7910/DVN/QGGTPI
2147,doi:10.7910/DVN/7VCI3I
2148,doi:10.7910/DVN/SGKBBJ
2149,doi:10.7910/DVN/LZLE29
2150,doi:10.7910/DVN/BBRWIC
2151,doi:10.7910/DVN/EFRO0L
2152,doi:10.7910/DVN/9HVO32
2153,doi:10.7910/DVN/V2X2JU
2154,doi:10.7910/DVN/CYBH7I
2155,doi:10.7910/DVN/FBK6WW
2156,doi:10.7910/DVN/C5YNWW
2157,doi:10.7910/DVN/J7VGHH
2158,doi:10.7910/DVN/4NYOJG
2159,doi:10.7910/DVN/Q0CUBV
2160,doi:10.7910/DVN/AXJRQG
2161,doi:10.7910/DVN/CKGZRM
2162,doi:10.7910/DVN/GXE9HK
2163,doi:10.7910/DVN/GKDP0J
2164,doi:10.7910/DVN/0WWK8M
2165,doi:10.7910/DVN/U7FT2I
2166,doi:10.7910/DVN/SCR2HO
2167,doi:10.7910/DVN/WDNZIB
2168,doi:10.7910/DVN/IHIFZN
2169,doi:10.7910/DVN/WERE4H
2170,doi:10.7910/DVN/F915S5
2171,doi:10.7910/DVN/0JVATZ
2172,doi:10.7910/DVN/P8P85W
2173,doi:10.7910/DVN/7FJIZA
2174,doi:10.7910/DVN/JXVL90
2175,doi:10.7910/DVN/IUHE0J
2176,doi:10.7910/DVN/6GAUAH
2177,doi:10.7910/DVN/RTAASP
2178,doi:10.7910/DVN/XFTGOW
2179,doi:10.7910/DVN/ZPPXOH
2180,doi:10.7910/DVN/XPTKSE
2181,doi:10.7910/DVN/VRQTRN
2182,doi:10.7910/DVN/3J9A4C
2183,doi:10.7910/DVN/P9FOSI
2184,doi:10.7910/DVN/BZM67L
2185,doi:10.7910/DVN/RPCE8Y
2186,doi:10.7910/DVN/KOTW7V
2187,doi:10.7910/DVN/LNQGUW
2188,doi:10.7910/DVN/YQWL61
2189,doi:10.7910/DVN/QSLPWE
2190,doi:10.7910/DVN/4CVSWU
2191,doi:10.7910/DVN/6QGBMO
2192,doi:10.7910/DVN/EDEFNX
2193,doi:10.7910/DVN/IXGXAB
2194,doi:10.7910/DVN/YN8PCL
2195,doi:10.7910/DVN/CCD4FF
2196,doi:10.7910/DVN/SHRTFV
2197,doi:10.7910/DVN/WLNOYF
2198,doi:10.7910/DVN/K0SSWJ
2199,doi:10.7910/DVN/WRG359
2200,doi:10.7910/DVN/L80NPF
2201,doi:10.7910/DVN/SAQG0C
2202,doi:10.7910/DVN/KXVD5B
2203,doi:10.7910/DVN/DNORY2
2204,doi:10.7910/DVN/REHGIA
2205,doi:10.7910/DVN/GWQ3MU
2206,doi:10.7910/DVN/2TM6FL
2207,doi:10.7910/DVN/HGC4DY
2208,doi:10.7910/DVN/4DKR5Q
2209,doi:10.7910/DVN/VAJDPF
2210,doi:10.7910/DVN/IGZEDV
2211,doi:10.7910/DVN/BP3FVC
2212,doi:10.7910/DVN/LNWPIX
2213,doi:10.7910/DVN/DBZA7V
2214,doi:10.7910/DVN/6PP5BA
2215,doi:10.7910/DVN/HDZPUP
2216,doi:10.7910/DVN/KCMQE4
2217,doi:10.7910/DVN/QILTYI
2218,doi:10.7910/DVN/BG7USG
2219,doi:10.7910/DVN/YGOV7N
2220,doi:10.7910/DVN/4QZFF5
2221,doi:10.7910/DVN/0MQBTG
2222,doi:10.7910/DVN/KIJ8RW
2223,doi:10.7910/DVN/3E8ONR
2224,doi:10.7910/DVN/QQBAXU
2225,doi:10.7910/DVN/DPRBGO
2226,doi:10.7910/DVN/WCWFCU
2227,doi:10.7910/DVN/JOO4FK
2228,doi:10.7910/DVN/TS5PNQ
2229,doi:10.7910/DVN/PNBGR4
2230,doi:10.7910/DVN/Q5WGIS
2231,doi:10.7910/DVN/IFALEW
2232,doi:10.7910/DVN/N1WKHO
2233,doi:10.7910/DVN/AB0AS6
2234,doi:10.7910/DVN/ZXO7IU
2235,doi:10.7910/DVN/HMGSU0
2236,doi:10.7910/DVN/CB01BT
2237,doi:10.7910/DVN/FQSMZB
2238,doi:10.7910/DVN/OABT9J
2239,doi:10.7910/DVN/8OUEU0
2240,doi:10.7910/DVN/UBIGP4
2241,doi:10.7910/DVN/VJ6VPW
2242,doi:10.7910/DVN/JNINRY
2243,doi:10.7910/DVN/SIY0ZS
2244,doi:10.7910/DVN/VP0RXV
2245,doi:10.7910/DVN/N7HC48
2246,doi:10.7910/DVN/WHMXDV
2247,doi:10.7910/DVN/VT7IM3
2248,doi:10.7910/DVN/BBESHO
2249,doi:10.7910/DVN/W90SJL
2250,doi:10.7910/DVN/WVFABG
2251,doi:10.7910/DVN/LE7NW6
2252,doi:10.7910/DVN/TN9GER
2253,doi:10.7910/DVN/YFIYKG
2254,doi:10.7910/DVN/JUMBC0
2255,doi:10.7910/DVN/FBQRFO
2256,doi:10.7910/DVN/9YCDM9
2257,doi:10.7910/DVN/DAMLET
2258,doi:10.7910/DVN/SD2EF7
2259,doi:10.7910/DVN/O34OOR
2260,doi:10.7910/DVN/SKHTBP
2261,doi:10.7910/DVN/BH4ZB5
2262,doi:10.7910/DVN/XT5QSN
2263,doi:10.7910/DVN/K6BQFI
2264,doi:10.7910/DVN/2JRCD2
2265,doi:10.7910/DVN/RZE4DG
2266,doi:10.7910/DVN/4YYBIJ
2267,doi:10.7910/DVN/KIVD18
2268,doi:10.7910/DVN/FO1BQM
2269,doi:10.7910/DVN/PDUVFW
2270,doi:10.7910/DVN/0I24A9
2271,doi:10.7910/DVN/VNXUET
2272,doi:10.7910/DVN/ILUXIC
2273,doi:10.7910/DVN/CGIUJV
2274,doi:10.7910/DVN/DW0G3I
2275,doi:10.7910/DVN/WD5N88
2276,doi:10.7910/DVN/JFF92N
2277,doi:10.7910/DVN/L43I22
2278,doi:10.7910/DVN/CYGCSV
2279,doi:10.7910/DVN/PYRPXK
2280,doi:10.7910/DVN/UTMGEZ
2281,doi:10.7910/DVN/UONH32
2282,doi:10.7910/DVN/JYFDPG
2283,doi:10.7910/DVN/YDK6BB
2284,doi:10.7910/DVN/IQYB6J
2285,doi:10.7910/DVN/TYRXQT
2286,doi:10.7910/DVN/HIKLQX
2287,doi:10.7910/DVN/THO7QL
2288,doi:10.7910/DVN/G1UYW0
2289,doi:10.7910/DVN/EUC5RA
2290,doi:10.7910/DVN/LAFYBM
2291,doi:10.7910/DVN/K5OGYQ
2292,doi:10.7910/DVN/3757AM
2293,doi:10.7910/DVN/BX4UA0
2294,doi:10.7910/DVN/USRWSB
2295,doi:10.7910/DVN/4RHHPQ
2296,doi:10.7910/DVN/9YEGIR
2297,doi:10.7910/DVN/P96IQU
2298,doi:10.7910/DVN/NXFF8R
2299,doi:10.7910/DVN/TT0X2W
2300,doi:10.7910/DVN/JSPTW4
2301,doi:10.7910/DVN/D38KBM
2302,doi:10.7910/DVN/3BDFVI
2303,doi:10.7910/DVN/ESZY4O
2304,doi:10.7910/DVN/JW8VCE
2305,doi:10.7910/DVN/3PMR15
2306,doi:10.7910/DVN/DZ183W
2307,doi:10.7910/DVN/LK9RZD
2308,doi:10.7910/DVN/DZSHFY
2309,doi:10.7910/DVN/KDBORT
2310,doi:10.7910/DVN/MPSVYY
2311,doi:10.7910/DVN/6KDNBD
2312,doi:10.7910/DVN/MODLPY
2313,doi:10.7910/DVN/SOFRMS
2314,doi:10.7910/DVN/NITMAN
2315,doi:10.7910/DVN/FYOSUH
2316,doi:10.7910/DVN/T5SM0B
2317,doi:10.7910/DVN/GUIL36
2318,doi:10.7910/DVN/RJB5S7
2319,doi:10.7910/DVN/V0LQIE
2320,doi:10.7910/DVN/IPDZ8A
2321,doi:10.7910/DVN/1TS6PE
2322,doi:10.7910/DVN/VVP83L
2323,doi:10.7910/DVN/QCUHBI
2324,doi:10.7910/DVN/GM1UAW
2325,doi:10.7910/DVN/GSNH4N
2326,doi:10.7910/DVN/HABI7F
2327,doi:10.7910/DVN/NXVNOY
2328,doi:10.7910/DVN/HMBQVT
2329,doi:10.7910/DVN/ICK5MV
2330,doi:10.7910/DVN/OACNTB
2331,doi:10.7910/DVN/NVENIZ
2332,doi:10.7910/DVN/Z72RM7
2333,doi:10.7910/DVN/OSQPJJ
2334,doi:10.7910/DVN/N9BFFG
2335,doi:10.7910/DVN/VANA1Y
2336,doi:10.7910/DVN/BSIXVX
2337,doi:10.7910/DVN/UXX3FZ
2338,doi:10.7910/DVN/WZV2ZW
2339,doi:10.7910/DVN/0T6GG5
2340,doi:10.7910/DVN/AJHNXZ
2341,doi:10.7910/DVN/FVIFA2
2342,doi:10.7910/DVN/GX2XBS
2343,doi:10.7910/DVN/IOIL44
2344,doi:10.7910/DVN/QRMYBL
2345,doi:10.7910/DVN/JOUPE6
2346,doi:10.7910/DVN/K7NKOL
2347,doi:10.7910/DVN/6YCLPS
2348,doi:10.7910/DVN/OFKUWW
2349,doi:10.7910/DVN/LGYUWE
2350,doi:10.7910/DVN/M2V2AN
2351,doi:10.7910/DVN/HD0EN9
2352,doi:10.7910/DVN/VRGPEG
2353,doi:10.7910/DVN/R2XZ9S
2354,doi:10.7910/DVN/TA1QSD
2355,doi:10.7910/DVN/AGCWZQ
2356,doi:10.7910/DVN/QPUYIX
2357,doi:10.7910/DVN/4JONOT
2358,doi:10.7910/DVN/6SGJTV
2359,doi:10.7910/DVN/RFY7D9
2360,doi:10.7910/DVN/97TQP1
2361,doi:10.7910/DVN/ZQLH5P
2362,doi:10.7910/DVN/K24UQ4
2363,doi:10.7910/DVN/SDPSOB
2364,doi:10.7910/DVN/U27TU9
2365,doi:10.7910/DVN/TGPB3B
2366,doi:10.7910/DVN/UAW49X
2367,doi:10.7910/DVN/4JXU6H
2368,doi:10.7910/DVN/BVOTUO
2369,doi:10.7910/DVN/TXUTIQ
2370,doi:10.7910/DVN/TQQ0K9
2371,doi:10.7910/DVN/0Z3QGK
2372,doi:10.7910/DVN/7RZPBN
2373,doi:10.7910/DVN/BDBV4E
2374,doi:10.7910/DVN/BQFSOS
2375,doi:10.7910/DVN/BU7LK6
2376,doi:10.7910/DVN/1TJTWI
2377,doi:10.7910/DVN/DNVXUB
2378,doi:10.7910/DVN/8XEND6
2379,doi:10.7910/DVN/USP5CP
2380,doi:10.7910/DVN/AJNQJY
2381,doi:10.7910/DVN/5S5EK6
2382,doi:10.7910/DVN/QEA7FF
2383,doi:10.7910/DVN/SXLQGK
2384,doi:10.7910/DVN/OHZ0GU
2385,doi:10.7910/DVN/O5LD7O
2386,doi:10.7910/DVN/Q04YMR
2387,doi:10.7910/DVN/CTHU23
2388,doi:10.7910/DVN/JVAQ6O
2389,doi:10.7910/DVN/Q1HENK
2390,doi:10.7910/DVN/4DYQB9
2391,doi:10.7910/DVN/JUK7LS
2392,doi:10.7910/DVN/NGAIS7
2393,doi:10.7910/DVN/S3YOL6
2394,doi:10.7910/DVN/P7PIHL
2395,doi:10.7910/DVN/2PJN2P
2396,doi:10.7910/DVN/1T5YOY
2397,doi:10.7910/DVN/VOHKPN
2398,doi:10.7910/DVN/WBJLZS
2399,doi:10.7910/DVN/GXLN0S
2400,doi:10.7910/DVN/CHFTJH
2401,doi:10.7910/DVN/ONY6ID
2402,doi:10.7910/DVN/6UAKEP
2403,doi:10.7910/DVN/UPQLZO
2404,doi:10.7910/DVN/AGQFCR
2405,doi:10.7910/DVN/C1DHGR
2406,doi:10.7910/DVN/YSDDUH
2407,doi:10.7910/DVN/IEVPFL
2408,doi:10.7910/DVN/54FNXE
2409,doi:10.7910/DVN/TZ8YW8
2410,doi:10.7910/DVN/HJNKKU
2411,doi:10.7910/DVN/EAVLBJ
2412,doi:10.7910/DVN/395HMG
2413,doi:10.7910/DVN/EUC1SK
2414,doi:10.7910/DVN/QOIIGP
2415,doi:10.7910/DVN/ULQVFX
2416,doi:10.7910/DVN/TBIGDC
2417,doi:10.7910/DVN/L08GLC
2418,doi:10.7910/DVN/XTAJ0D
2419,doi:10.7910/DVN/3ZGDTR
2420,doi:10.7910/DVN/QAET1K
2421,doi:10.7910/DVN/SMP15Y
2422,doi:10.7910/DVN/TF69U8
2423,doi:10.7910/DVN/GADZP3
2424,doi:10.7910/DVN/RVHXNE
2425,doi:10.7910/DVN/F7P6TQ
2426,doi:10.7910/DVN/CSEDFW
2427,doi:10.7910/DVN/ZRVGZR
2428,doi:10.7910/DVN/SUYKCU
2429,doi:10.7910/DVN/MDUOBO
2430,doi:10.7910/DVN/JPAAKC
2431,doi:10.7910/DVN/QOKQY8
2432,doi:10.7910/DVN/VTRSKJ
2433,doi:10.7910/DVN/RAXLJG
2434,doi:10.7910/DVN/P3TWAH
2435,doi:10.7910/DVN/2RF3VB
2436,doi:10.7910/DVN/BDYIOE
2437,doi:10.7910/DVN/5ECXRL
2438,doi:10.7910/DVN/79TVQX
2439,doi:10.7910/DVN/X5BEXY
2440,doi:10.7910/DVN/GOLHIQ
2441,doi:10.7910/DVN/FNV59H
2442,doi:10.7910/DVN/TIKVDG
2443,doi:10.7910/DVN/IAI4P6
2444,doi:10.7910/DVN/OZEYJV
2445,doi:10.7910/DVN/B81SDE
2446,doi:10.7910/DVN/YOIZZO
2447,doi:10.7910/DVN/DHF5ML
2448,doi:10.7910/DVN/WN88QC
2449,doi:10.7910/DVN/KC4ZVP
2450,doi:10.7910/DVN/W4IBRU
2451,doi:10.7910/DVN/XHNBHY
2452,doi:10.7910/DVN/VVJ8PX
2453,doi:10.7910/DVN/OJTKJH
2454,doi:10.7910/DVN/W4T2CD
2455,doi:10.7910/DVN/1FK2AW
2456,doi:10.7910/DVN/9GMJNX
2457,doi:10.7910/DVN/3D1SZB
2458,doi:10.7910/DVN/WWJD5V
2459,doi:10.7910/DVN/VVRKAG
2460,doi:10.7910/DVN/AXKCH1
2461,doi:10.7910/DVN/0H0SGT
2462,doi:10.7910/DVN/OQ2NXO
2463,doi:10.7910/DVN/W4AZAO
2464,doi:10.7910/DVN/RKVPV9
2465,doi:10.7910/DVN/6JHMOG
2466,doi:10.7910/DVN/6AJ0KR
2467,doi:10.7910/DVN/QOUOAZ
2468,doi:10.7910/DVN/EC9TCT
2469,doi:10.7910/DVN/HNZXTZ
2470,doi:10.7910/DVN/NBWX1C
2471,doi:10.7910/DVN/HAHOWC
2472,doi:10.7910/DVN/JMZLXG
2473,doi:10.7910/DVN/HI1UVT
2474,doi:10.7910/DVN/RIHCRD
2475,doi:10.7910/DVN/B8KMTY
2476,doi:10.7910/DVN/T9NCON
2477,doi:10.7910/DVN/JNDFDH
2478,doi:10.7910/DVN/IYBYGH
2479,doi:10.7910/DVN/AF8U9D
2480,doi:10.7910/DVN/BJESSH
2481,doi:10.7910/DVN/4M1VYG
2482,doi:10.7910/DVN/O1HQYK
2483,doi:10.7910/DVN/XNVKQ2
2484,doi:10.7910/DVN/EDFTJW
2485,doi:10.7910/DVN/RFH057
2486,doi:10.7910/DVN/AFJGE1
2487,doi:10.7910/DVN/CMJXNU
2488,doi:10.7910/DVN/TJE4ZG
2489,doi:10.7910/DVN/AZC7TN
2490,doi:10.7910/DVN/VRZIHE
2491,doi:10.7910/DVN/VZOOOS
2492,doi:10.7910/DVN/I7K0JH
2493,doi:10.7910/DVN/8HDMZ1
2494,doi:10.7910/DVN/EIC88E
2495,doi:10.7910/DVN/5484TM
2496,doi:10.7910/DVN/W6J8R4
2497,doi:10.7910/DVN/K6G0YQ
2498,doi:10.7910/DVN/UDCERW
2499,doi:10.7910/DVN/YWNBBX
2500,doi:10.7910/DVN/QENNIX
2501,doi:10.7910/DVN/EZVEYF
2502,doi:10.7910/DVN/AT0DNJ
2503,doi:10.7910/DVN/BJIMOS
2504,doi:10.7910/DVN/NW8RGL
2505,doi:10.7910/DVN/HVOVJZ
2506,doi:10.7910/DVN/NPELPA
2507,doi:10.7910/DVN/ONB0MN
2508,doi:10.7910/DVN/GY9NFJ
2509,doi:10.7910/DVN/EANBTG
2510,doi:10.7910/DVN/WCOOIY
2511,doi:10.7910/DVN/6TELMD
2512,doi:10.7910/DVN/W9NKTO
2513,doi:10.7910/DVN/8KSDZB
2514,doi:10.7910/DVN/EYATBS
2515,doi:10.7910/DVN/EJDCOT
2516,doi:10.7910/DVN/PYPIQN
2517,doi:10.7910/DVN/WD4D45
2518,doi:10.7910/DVN/SROMB1
2519,doi:10.7910/DVN/S5RZ50
2520,doi:10.7910/DVN/1WHTNC
2521,doi:10.7910/DVN/YHPVCZ
2522,doi:10.7910/DVN/NZRWEO
2523,doi:10.7910/DVN/XITGVX
2524,doi:10.7910/DVN/O8LF42
2525,doi:10.7910/DVN/D0AVLA
2526,doi:10.7910/DVN/WJ5JSU
2527,doi:10.7910/DVN/IC62P3
2528,doi:10.7910/DVN/MABKVD
2529,doi:10.7910/DVN/WBUAKE
2530,doi:10.7910/DVN/VKLM3J
2531,doi:10.7910/DVN/UOBOJQ
2532,doi:10.7910/DVN/NECOHT
2533,doi:10.7910/DVN/GYBG2A
2534,doi:10.7910/DVN/RO2F8F
2535,doi:10.7910/DVN/RD9FYC
2536,doi:10.7910/DVN/UNMLAV
2537,doi:10.7910/DVN/IX0A5U
2538,doi:10.7910/DVN/581BZC
2539,doi:10.7910/DVN/QCO308
2540,doi:10.7910/DVN/SQUPSU
2541,doi:10.7910/DVN/BMLCGO
2542,doi:10.7910/DVN/G5ON0E
2543,doi:10.7910/DVN/MN9DPR
2544,doi:10.7910/DVN/KRJBKB
2545,doi:10.7910/DVN/IFGPRU
2546,doi:10.7910/DVN/ONYSFP
2547,doi:10.7910/DVN/BOUEKU
2548,doi:10.7910/DVN/AN6M9V
2549,doi:10.7910/DVN/VHEFUC
2550,doi:10.7910/DVN/XRTIJO
2551,doi:10.7910/DVN/KEWUUN
2552,doi:10.7910/DVN/XR2JTZ
2553,doi:10.7910/DVN/KXT1V2
2554,doi:10.7910/DVN/PLSC4H
2555,doi:10.7910/DVN/QESH0E
2556,doi:10.7910/DVN/2V2FRM
2557,doi:10.7910/DVN/GDF4DU
2558,doi:10.7910/DVN/TRPRJZ
2559,doi:10.7910/DVN/R7TP9S
2560,doi:10.7910/DVN/RIGWUA
2561,doi:10.7910/DVN/BSJZIM
2562,doi:10.7910/DVN/R5ASXZ
2563,doi:10.7910/DVN/JXXHGW
2564,doi:10.7910/DVN/F74O95
2565,doi:10.7910/DVN/C3IQ5K
2566,doi:10.7910/DVN/SCK81B
2567,doi:10.7910/DVN/YGRKNR
2568,doi:10.7910/DVN/2J07QQ