doi,file_bool
doi:10.7910/DVN/RQUTGG,FALSE
doi:10.7910/DVN/U4B96B,FALSE
doi:10.7910/DVN/SUJKSQ,FALSE
doi:10.7910/DVN/0KRANR,FALSE
doi:10.7910/DVN/SVT1ND,FALSE
doi:10.7910/DVN/VYTVBS,FALSE
doi:10.7910/DVN/TYUPIJ,FALSE
doi:10.7910/DVN/GESSWE,FALSE
doi:10.7910/DVN/LTWE5K,FALSE
doi:10.7910/DVN/HHOLY6,FALSE
doi:10.7910/DVN/VBUIAA,FALSE
doi:10.7910/DVN/B5PWMZ,FALSE
doi:10.7910/DVN/8OJJXV,FALSE
doi:10.7910/DVN/KZOL68,FALSE
doi:10.7910/DVN/GEPETL,FALSE
doi:10.7910/DVN/EOKE9C,FALSE
doi:10.7910/DVN/EK842P,FALSE
doi:10.7910/DVN/CMZRCT,FALSE
doi:10.7910/DVN/2IFS2G,FALSE
doi:10.7910/DVN/4J63MR,FALSE
doi:10.7910/DVN/JTC5Y3,FALSE
doi:10.7910/DVN/WWEE4L,FALSE
doi:10.7910/DVN/AOG2OF,FALSE
doi:10.7910/DVN/F05RZM,FALSE
doi:10.7910/DVN/LAFD5X,FALSE
doi:10.7910/DVN/B0QQNQ,FALSE
doi:10.7910/DVN/BM11LP,FALSE
doi:10.7910/DVN/F3GGQN,FALSE
doi:10.7910/DVN/BXAHXK,FALSE
doi:10.7910/DVN/9Q8DVD,FALSE
doi:10.7910/DVN/7G7UXQ,FALSE
doi:10.7910/DVN/NZMM3O,FALSE
doi:10.7910/DVN/M2DYOO,FALSE
doi:10.7910/DVN/DQDVL0,FALSE
doi:10.7910/DVN/QKGCEY,FALSE
doi:10.7910/DVN/ORUM9U,FALSE
doi:10.7910/DVN/9HUCYK,FALSE
doi:10.7910/DVN/XB2W3S,FALSE
doi:10.7910/DVN/NFTNBB,FALSE
doi:10.7910/DVN/MNP0XO,FALSE
doi:10.7910/DVN/JLKC2K,FALSE
doi:10.7910/DVN/NMVBDO,FALSE
doi:10.7910/DVN/DGKLRP,FALSE
doi:10.7910/DVN/4XPJP3,FALSE
doi:10.7910/DVN/VXQG4C,FALSE
doi:10.7910/DVN/AEQIMI,FALSE
doi:10.7910/DVN/TBT6WZ,FALSE
doi:10.7910/DVN/8WDWTH,FALSE
doi:10.7910/DVN/KOO6UI,FALSE
doi:10.7910/DVN/6U4QZG,FALSE
doi:10.7910/DVN/DRW4AU,FALSE
doi:10.7910/DVN/FKQ1WL,FALSE
doi:10.7910/DVN/CJMXVK,FALSE
doi:10.7910/DVN/QYFVM0,FALSE
doi:10.7910/DVN/IIHBIC,FALSE
doi:10.7910/DVN/BQWJXC,FALSE
doi:10.7910/DVN/5DCBGW,FALSE
doi:10.7910/DVN/G1TWJJ,FALSE
doi:10.7910/DVN/HVMRAU,FALSE
doi:10.7910/DVN/WR6MZJ,FALSE
doi:10.7910/DVN/QLN19P,FALSE
doi:10.7910/DVN/H9ELL7,FALSE
doi:10.7910/DVN/7HNBY7,FALSE
doi:10.7910/DVN/A4PSIZ,FALSE
doi:10.7910/DVN/27DTSR,FALSE
doi:10.7910/DVN/VJIZND,FALSE
doi:10.7910/DVN/DQACZJ,FALSE
doi:10.7910/DVN/AXRHQS,FALSE
doi:10.7910/DVN/24OOQM,FALSE
doi:10.7910/DVN/WEAEQH,FALSE
doi:10.7910/DVN/6OA7MR,FALSE
doi:10.7910/DVN/R1ZCG9,FALSE
doi:10.7910/DVN/GH4WJU,FALSE
doi:10.7910/DVN/R00NTI,FALSE
doi:10.7910/DVN/WTHCUU,FALSE
doi:10.7910/DVN/KUXNU4,FALSE
doi:10.7910/DVN/VZ4IUM,FALSE
doi:10.7910/DVN/CHCM5X,FALSE
doi:10.7910/DVN/VNRSCW,FALSE
doi:10.7910/DVN/LKZN94,FALSE
doi:10.7910/DVN/79T6FH,FALSE
doi:10.7910/DVN/HL92BL,FALSE
doi:10.7910/DVN/AIGFOD,FALSE
doi:10.7910/DVN/XFJOVW,FALSE
doi:10.7910/DVN/TSMXET,FALSE
doi:10.7910/DVN/GCQJIC,FALSE
doi:10.7910/DVN/SRV9JJ,FALSE
doi:10.7910/DVN/8CLBO4,FALSE
doi:10.7910/DVN/ZWNPIP,FALSE
doi:10.7910/DVN/R8OU2E,FALSE
doi:10.7910/DVN/GSE1BU,FALSE
doi:10.7910/DVN/HZVBGK,FALSE
doi:10.7910/DVN/QWF9HE,FALSE
doi:10.7910/DVN/UWEH03,FALSE
doi:10.7910/DVN/4OOGPF,FALSE
doi:10.7910/DVN/6H3TCV,FALSE
doi:10.7910/DVN/ADCZJZ,FALSE
doi:10.7910/DVN/AIRCGB,FALSE
doi:10.7910/DVN/6OSHYM,FALSE
doi:10.7910/DVN/SQXP1L,FALSE
doi:10.7910/DVN/Z48OU1,FALSE
doi:10.7910/DVN/TLJYFT,FALSE
doi:10.7910/DVN/AFE2GE,FALSE
doi:10.7910/DVN/JBJYWJ,FALSE
doi:10.7910/DVN/QJ9BRQ,FALSE
doi:10.7910/DVN/Z8GROT,FALSE
doi:10.7910/DVN/EQBWES,FALSE
doi:10.7910/DVN/S30BJX,FALSE
doi:10.7910/DVN/OHQZRQ,FALSE
doi:10.7910/DVN/24MJ22,FALSE
doi:10.7910/DVN/SD3OAU,FALSE
doi:10.7910/DVN/MZNKBY,FALSE
doi:10.7910/DVN/MERRRP,FALSE
doi:10.7910/DVN/ZXCLJN,FALSE
doi:10.7910/DVN/9B6FFE,FALSE
doi:10.7910/DVN/LRIBGW,FALSE
doi:10.7910/DVN/IFYU8W,FALSE
doi:10.7910/DVN/ER31R9,FALSE
doi:10.7910/DVN/JCUZNK,FALSE
doi:10.7910/DVN/PYS5TD,FALSE
doi:10.7910/DVN/35B4JA,FALSE
doi:10.7910/DVN/EHGNTO,FALSE
doi:10.7910/DVN/KZXVBZ,FALSE
doi:10.7910/DVN/B90BMO,FALSE
doi:10.7910/DVN/O7NWRK,FALSE
doi:10.7910/DVN/9BGVDE,FALSE
doi:10.7910/DVN/4GM7NU,FALSE
doi:10.7910/DVN/MTDP5V,FALSE
doi:10.7910/DVN/TSM4CS,FALSE
doi:10.7910/DVN/KF7A69,FALSE
doi:10.7910/DVN/G70IW2,FALSE
doi:10.7910/DVN/IGRQZS,FALSE
doi:10.7910/DVN/MZGEEP,FALSE
doi:10.7910/DVN/GH8KSW,FALSE
doi:10.7910/DVN/IUNE6I,FALSE
doi:10.7910/DVN/RWHGTB,FALSE
doi:10.7910/DVN/DD5PUW,FALSE
doi:10.7910/DVN/PNXXQE,FALSE
doi:10.7910/DVN/QOQJ8Y,FALSE
doi:10.7910/DVN/HXIDZW,FALSE
doi:10.7910/DVN/JXLDTJ,FALSE
doi:10.7910/DVN/MQA1JX,FALSE
doi:10.7910/DVN/G7C0QK,FALSE
doi:10.7910/DVN/BEX4AT,FALSE
doi:10.7910/DVN/IHKRMA,FALSE
doi:10.7910/DVN/LLEBIX,FALSE
doi:10.7910/DVN/IOHNWA,FALSE
doi:10.7910/DVN/BZX609,FALSE
doi:10.7910/DVN/MNTLNX,FALSE
doi:10.7910/DVN/G6VA1K,FALSE
doi:10.7910/DVN/EYN3G0,FALSE
doi:10.7910/DVN/NXZLDQ,FALSE
doi:10.7910/DVN/Y1BGDH,FALSE
doi:10.7910/DVN/9VMKXH,FALSE
doi:10.7910/DVN/F5UUGK,FALSE
doi:10.7910/DVN/TJ1CXW,FALSE
doi:10.7910/DVN/7M50BH,FALSE
doi:10.7910/DVN/LVAHUH,FALSE
doi:10.7910/DVN/MEBMN4,FALSE
doi:10.7910/DVN/GT6V1D,FALSE
doi:10.7910/DVN/CXU88C,FALSE
doi:10.7910/DVN/4EMX43,FALSE
doi:10.7910/DVN/DBOKDA,FALSE
doi:10.7910/DVN/HTL0BW,FALSE
doi:10.7910/DVN/SPGEFP,FALSE
doi:10.7910/DVN/BNVZUR,FALSE
doi:10.7910/DVN/YWNPFF,FALSE
doi:10.7910/DVN/DFZERR,FALSE
doi:10.7910/DVN/AWOM1D,FALSE
doi:10.7910/DVN/BEIOUZ,FALSE
doi:10.7910/DVN/LAYLGH,FALSE
doi:10.7910/DVN/KYTJZK,FALSE
doi:10.7910/DVN/MI1CJA,FALSE
doi:10.7910/DVN/CADNEE,FALSE
doi:10.7910/DVN/V7OIWL,FALSE
doi:10.7910/DVN/6ZE4P2,FALSE
doi:10.7910/DVN/RTNMLP,FALSE
doi:10.7910/DVN/LGFGMC,FALSE
doi:10.7910/DVN/SD70OC,FALSE
doi:10.7910/DVN/BC38RO,FALSE
doi:10.7910/DVN/H2BP2Q,FALSE
doi:10.7910/DVN/MEZ56C,FALSE
doi:10.7910/DVN/5F1KJC,FALSE
doi:10.7910/DVN/PGAT45,FALSE
doi:10.7910/DVN/ZSY9FQ,FALSE
doi:10.7910/DVN/DYHUSN,FALSE
doi:10.7910/DVN/U8FG1B,FALSE
doi:10.7910/DVN/RQQDV8,FALSE
doi:10.7910/DVN/C0DDUZ,FALSE
doi:10.7910/DVN/PG8EY6,FALSE
doi:10.7910/DVN/VCY7NK,FALSE
doi:10.7910/DVN/PSL2DP,FALSE
doi:10.7910/DVN/X8KGUP,FALSE
doi:10.7910/DVN/1EQ4ZR,FALSE
doi:10.7910/DVN/J68SV1,FALSE
doi:10.7910/DVN/AAANQ4,FALSE
doi:10.7910/DVN/8PFRNP,FALSE
doi:10.7910/DVN/LQIBYZ,FALSE
doi:10.7910/DVN/U3WHUL,FALSE
doi:10.7910/DVN/ZUVLP8,FALSE
doi:10.7910/DVN/QX4CCO,FALSE
doi:10.7910/DVN/OGMY4K,FALSE
doi:10.7910/DVN/LG1DIY,FALSE
doi:10.7910/DVN/33BJUB,FALSE
doi:10.7910/DVN/NCAO8D,FALSE
doi:10.7910/DVN/N8KXBA,FALSE
doi:10.7910/DVN/WYRMTB,FALSE
doi:10.7910/DVN/Q9JNVZ,FALSE
doi:10.7910/DVN/JOYXHI,FALSE
doi:10.7910/DVN/6ZQIDI,FALSE
doi:10.7910/DVN/NP4EJ6,FALSE
doi:10.7910/DVN/SIEJFH,FALSE
doi:10.7910/DVN/5ZGXP3,FALSE
doi:10.7910/DVN/CTCTRJ,FALSE
doi:10.7910/DVN/ARWSBL,FALSE
doi:10.7910/DVN/KNJEVU,FALSE
doi:10.7910/DVN/IZHMYO,FALSE
doi:10.7910/DVN/WDVMPB,FALSE
doi:10.7910/DVN/WRIWWD,FALSE
doi:10.7910/DVN/GUSORS,FALSE
doi:10.7910/DVN/NF09TY,FALSE
doi:10.7910/DVN/0WXLCI,FALSE
doi:10.7910/DVN/VMGXTY,FALSE
doi:10.7910/DVN/8FXAZK,FALSE
doi:10.7910/DVN/HFCZ2P,FALSE
doi:10.7910/DVN/JSJDQJ,FALSE
doi:10.7910/DVN/OTPVJ0,FALSE
doi:10.7910/DVN/BICMOS,FALSE
doi:10.7910/DVN/XUQHOP,FALSE
doi:10.7910/DVN/BX4RQI,FALSE
doi:10.7910/DVN/I0FFOW,FALSE
doi:10.7910/DVN/XCEP3L,FALSE
doi:10.7910/DVN/AWWNIC,FALSE
doi:10.7910/DVN/8NN9YM,FALSE
doi:10.7910/DVN/6OFTX7,FALSE
doi:10.7910/DVN/VQ4N39,FALSE
doi:10.7910/DVN/HSX2XK,FALSE
doi:10.7910/DVN/VPW6MC,FALSE
doi:10.7910/DVN/UD9IEU,FALSE
doi:10.7910/DVN/LNTU5E,FALSE
doi:10.7910/DVN/EZJE9B,FALSE
doi:10.7910/DVN/IQJAIV,FALSE
doi:10.7910/DVN/DYQVBA,FALSE
doi:10.7910/DVN/CUWDYZ,FALSE
doi:10.7910/DVN/1OCQYR,FALSE
doi:10.7910/DVN/K2OFBR,FALSE
doi:10.7910/DVN/BGWR0S,FALSE
doi:10.7910/DVN/IR5IG0,FALSE
doi:10.7910/DVN/5QL5NV,FALSE
doi:10.7910/DVN/QLDYXT,FALSE
doi:10.7910/DVN/5RGBAM,FALSE
doi:10.7910/DVN/IS7OLT,FALSE
doi:10.7910/DVN/XZWTPJ,FALSE
doi:10.7910/DVN/B7IE3V,FALSE
doi:10.7910/DVN/RZTC9D,FALSE
doi:10.7910/DVN/K2RONU,FALSE
doi:10.7910/DVN/SZYNWL,FALSE
doi:10.7910/DVN/GAAVEO,FALSE
doi:10.7910/DVN/FTWLQ5,FALSE
doi:10.7910/DVN/XSPGIO,FALSE
doi:10.7910/DVN/THBA5M,FALSE
doi:10.7910/DVN/JZXFUR,FALSE
doi:10.7910/DVN/MHZ9IN,FALSE
doi:10.7910/DVN/4051TV,FALSE
doi:10.7910/DVN/T4TGSX,FALSE
doi:10.7910/DVN/H3NLLU,FALSE
doi:10.7910/DVN/MM86KL,FALSE
doi:10.7910/DVN/XXZMDA,FALSE
doi:10.7910/DVN/GDSORD,FALSE
doi:10.7910/DVN/DODY45,FALSE
doi:10.7910/DVN/JSLPD6,FALSE
doi:10.7910/DVN/LDYCXX,FALSE
doi:10.7910/DVN/GJY47R,FALSE
doi:10.7910/DVN/YKNWZR,FALSE
doi:10.7910/DVN/BJ63NV,FALSE
doi:10.7910/DVN/WGXZGF,FALSE
doi:10.7910/DVN/ZJOQBI,FALSE
doi:10.7910/DVN/BJ52GA,FALSE
doi:10.7910/DVN/3SVW8E,FALSE
doi:10.7910/DVN/QSQWRW,FALSE
doi:10.7910/DVN/ATU6NO,FALSE
doi:10.7910/DVN/UERRJP,FALSE
doi:10.7910/DVN/HGZNPG,FALSE
doi:10.7910/DVN/CLGN6Y,FALSE
doi:10.7910/DVN/HA6WQH,FALSE
doi:10.7910/DVN/QTDUDX,FALSE
doi:10.7910/DVN/W5MCUJ,FALSE
doi:10.7910/DVN/EUKH1V,FALSE
doi:10.7910/DVN/VDNQD6,FALSE
doi:10.7910/DVN/0MBUXH,FALSE
doi:10.7910/DVN/8Z6GSS,FALSE
doi:10.7910/DVN/TVEUNW,FALSE
doi:10.7910/DVN/JCUOSI,FALSE
doi:10.7910/DVN/QIJVY2,FALSE
doi:10.7910/DVN/0JKXSX,FALSE
doi:10.7910/DVN/6K4C01,FALSE
doi:10.7910/DVN/L8OIA1,FALSE
doi:10.7910/DVN/KKBD1Y,FALSE
doi:10.7910/DVN/UXLPQP,FALSE
doi:10.7910/DVN/YPESCA,FALSE
doi:10.7910/DVN/HF7QTP,FALSE
doi:10.7910/DVN/SP6TDY,FALSE
doi:10.7910/DVN/O9GWCS,FALSE
doi:10.7910/DVN/HI6V5O,FALSE
doi:10.7910/DVN/RVQEGO,FALSE
doi:10.7910/DVN/LOKM83,FALSE
doi:10.7910/DVN/TELZSN,FALSE
doi:10.7910/DVN/6JW8WB,FALSE
doi:10.7910/DVN/5UFPRR,FALSE
doi:10.7910/DVN/B6KYCJ,FALSE
doi:10.7910/DVN/7Y7YXW,FALSE
doi:10.7910/DVN/YWALIM,FALSE
doi:10.7910/DVN/DXU1Z5,FALSE
doi:10.7910/DVN/PBP5A8,FALSE
doi:10.7910/DVN/PETB2H,FALSE
doi:10.7910/DVN/GRJWDV,FALSE
doi:10.7910/DVN/B3LVWN,FALSE
doi:10.7910/DVN/PASGNX,FALSE
doi:10.7910/DVN/B69L8S,FALSE
doi:10.7910/DVN/6PMHKF,FALSE
doi:10.7910/DVN/JX89RL,FALSE
doi:10.7910/DVN/TIHJJT,FALSE
doi:10.7910/DVN/ULU2XV,FALSE
doi:10.7910/DVN/2QAIKE,FALSE
doi:10.7910/DVN/LXYEPP,FALSE
doi:10.7910/DVN/OMZLX5,FALSE
doi:10.7910/DVN/09TVGV,FALSE
doi:10.7910/DVN/KMLBTE,FALSE
doi:10.7910/DVN/QFSZMW,FALSE
doi:10.7910/DVN/KD69WJ,FALSE
doi:10.7910/DVN/NMMGHS,FALSE
doi:10.7910/DVN/9HEDBV,FALSE
doi:10.7910/DVN/LRSSYN,FALSE
doi:10.7910/DVN/M9FLL5,FALSE
doi:10.7910/DVN/PNV5VN,FALSE
doi:10.7910/DVN/UAAY41,FALSE
doi:10.7910/DVN/VI0MTP,FALSE
doi:10.7910/DVN/1LHLVO,FALSE
doi:10.7910/DVN/G6A205,FALSE
doi:10.7910/DVN/ZTQNPE,FALSE
doi:10.7910/DVN/D2YHXK,FALSE
doi:10.7910/DVN/Q4Y2OU,FALSE
doi:10.7910/DVN/FNN4EF,FALSE
doi:10.7910/DVN/8BJMPZ,FALSE
doi:10.7910/DVN/7EEGD2,FALSE
doi:10.7910/DVN/PDZB3X,FALSE
doi:10.7910/DVN/5LG5YG,FALSE
doi:10.7910/DVN/VNECSM,FALSE
doi:10.7910/DVN/E0JNTH,FALSE
doi:10.7910/DVN/3EZLQU,FALSE
doi:10.7910/DVN/5BJYGD,FALSE
doi:10.7910/DVN/WMLH7V,FALSE
doi:10.7910/DVN/PJHKQV,FALSE
doi:10.7910/DVN/6TRH4P,FALSE
doi:10.7910/DVN/GPQZLA,FALSE
doi:10.7910/DVN/YR1R4Q,FALSE
doi:10.7910/DVN/CJ89AJ,FALSE
doi:10.7910/DVN/68CTCQ,FALSE
doi:10.7910/DVN/AHGQIJ,FALSE
doi:10.7910/DVN/CBUC33,FALSE
doi:10.7910/DVN/QE4GCJ,FALSE
doi:10.7910/DVN/DAEWS3,FALSE
doi:10.7910/DVN/QVO2MN,FALSE
doi:10.7910/DVN/C8LYNM,FALSE
doi:10.7910/DVN/WGXF4Z,FALSE
doi:10.7910/DVN/CQKVHL,FALSE
doi:10.7910/DVN/TXJLYP,FALSE
doi:10.7910/DVN/2LTZW8,FALSE
doi:10.7910/DVN/UCXS8L,FALSE
doi:10.7910/DVN/HKKHXV,FALSE
doi:10.7910/DVN/RC7W5Z,FALSE
doi:10.7910/DVN/GZ1ESL,FALSE
doi:10.7910/DVN/SBE19S,FALSE
doi:10.7910/DVN/LJGPGR,FALSE
doi:10.7910/DVN/1ZXHUH,FALSE
doi:10.7910/DVN/40L0TG,FALSE
doi:10.7910/DVN/Z8ATTV,FALSE
doi:10.7910/DVN/HRW4N3,FALSE
doi:10.7910/DVN/TAOIYO,FALSE
doi:10.7910/DVN/1TIPTB,FALSE
doi:10.7910/DVN/LMGHTT,FALSE
doi:10.7910/DVN/MMIMFY,FALSE
doi:10.7910/DVN/KWW25X,FALSE
doi:10.7910/DVN/XCKR6B,FALSE
doi:10.7910/DVN/CYZ84G,FALSE
doi:10.7910/DVN/HELSOR,FALSE
doi:10.7910/DVN/FKZGTK,FALSE
doi:10.7910/DVN/OO8WLP,FALSE
doi:10.7910/DVN/AJROFP,FALSE
doi:10.7910/DVN/NVTBEE,FALSE
doi:10.7910/DVN/CWIBKH,FALSE
doi:10.7910/DVN/J5AMRJ,FALSE
doi:10.7910/DVN/ZCGT07,FALSE
doi:10.7910/DVN/JH9BFF,FALSE
doi:10.7910/DVN/K06S90,FALSE
doi:10.7910/DVN/KOIAYP,FALSE
doi:10.7910/DVN/MVWM1X,FALSE
doi:10.7910/DVN/UIJDTF,FALSE
doi:10.7910/DVN/WFIQRS,FALSE
doi:10.7910/DVN/IJ89LJ,FALSE
doi:10.7910/DVN/LAY3VQ,FALSE
doi:10.7910/DVN/OQVEXT,FALSE
doi:10.7910/DVN/P2AGJM,FALSE
doi:10.7910/DVN/MQPZYV,FALSE
doi:10.7910/DVN/KACV75,FALSE
doi:10.7910/DVN/SQWFQK,FALSE
doi:10.7910/DVN/LFBNIK,FALSE
doi:10.7910/DVN/630GDP,FALSE
doi:10.7910/DVN/SFBWLL,FALSE
doi:10.7910/DVN/NYIAEK,FALSE
doi:10.7910/DVN/OCHTVL,FALSE
doi:10.7910/DVN/ARRIPI,FALSE
doi:10.7910/DVN/1JLJ9K,FALSE
doi:10.7910/DVN/C4J8QJ,FALSE
doi:10.7910/DVN/RA888V,FALSE
doi:10.7910/DVN/FF4OOW,FALSE
doi:10.7910/DVN/OSK2KK,FALSE
doi:10.7910/DVN/1QBPE0,FALSE
doi:10.7910/DVN/K0RQCC,FALSE
doi:10.7910/DVN/6M8RWP,FALSE
doi:10.7910/DVN/GEQXW4,FALSE
doi:10.7910/DVN/MQR1UM,FALSE
doi:10.7910/DVN/3P6VR7,FALSE
doi:10.7910/DVN/WTSWKL,FALSE
doi:10.7910/DVN/XKXUML,FALSE
doi:10.7910/DVN/URD3YB,FALSE
doi:10.7910/DVN/INJPMD,FALSE
doi:10.7910/DVN/9KC3ZL,FALSE
doi:10.7910/DVN/YG1QBV,FALSE
doi:10.7910/DVN/QUTL9J,FALSE
doi:10.7910/DVN/VZ1JNF,FALSE
doi:10.7910/DVN/VCMGFL,FALSE
doi:10.7910/DVN/7QCG22,FALSE
doi:10.7910/DVN/3TEFDD,FALSE
doi:10.7910/DVN/JNJFRH,FALSE
doi:10.7910/DVN/CVZMU6,FALSE
doi:10.7910/DVN/LGWPOQ,FALSE
doi:10.7910/DVN/BQIXPJ,FALSE
doi:10.7910/DVN/DDLGDS,FALSE
doi:10.7910/DVN/BRGQWI,FALSE
doi:10.7910/DVN/WLXTQA,FALSE
doi:10.7910/DVN/29ADOI,FALSE
doi:10.7910/DVN/C5ASD3,FALSE
doi:10.7910/DVN/I3HFKE,FALSE
doi:10.7910/DVN/004HG6,FALSE
doi:10.7910/DVN/FCCBFH,FALSE
doi:10.7910/DVN/X2QLXX,FALSE
doi:10.7910/DVN/AWRAT3,FALSE
doi:10.7910/DVN/GEWHGI,FALSE
doi:10.7910/DVN/PXJ3NN,FALSE
doi:10.7910/DVN/NUWKEZ,FALSE
doi:10.7910/DVN/1DGTIN,FALSE
doi:10.7910/DVN/N6CIE6,FALSE
doi:10.7910/DVN/58BAK6,FALSE
doi:10.7910/DVN/N64FVW,FALSE
doi:10.7910/DVN/PA6Q9B,FALSE
doi:10.7910/DVN/EA8ZFB,FALSE
doi:10.7910/DVN/XNYXML,FALSE
doi:10.7910/DVN/OMI2Z2,FALSE
doi:10.7910/DVN/OUIJWY,FALSE
doi:10.7910/DVN/32AYQR,FALSE
doi:10.7910/DVN/QBKSIO,FALSE
doi:10.7910/DVN/CV2LQH,FALSE
doi:10.7910/DVN/TCHNZS,FALSE
doi:10.7910/DVN/EHM3J8,FALSE
doi:10.7910/DVN/M3RYPM,FALSE
doi:10.7910/DVN/JXVJDW,FALSE
doi:10.7910/DVN/CUZND7,FALSE
doi:10.7910/DVN/2EFWM0,FALSE
doi:10.7910/DVN/MRG2VQ,FALSE
doi:10.7910/DVN/BUVDX1,FALSE
doi:10.7910/DVN/1NO8V3,FALSE
doi:10.7910/DVN/PUBXIM,FALSE
doi:10.7910/DVN/IFYFU4,FALSE
doi:10.7910/DVN/TUVZIP,FALSE
doi:10.7910/DVN/GX68V7,FALSE
doi:10.7910/DVN/NNIQDO,FALSE
doi:10.7910/DVN/NE6Y2U,FALSE
doi:10.7910/DVN/YNV1MC,FALSE
doi:10.7910/DVN/HTS79E,FALSE
doi:10.7910/DVN/SQKIOC,FALSE
doi:10.7910/DVN/OLXAZ0,FALSE
doi:10.7910/DVN/WB4AYS,FALSE
doi:10.7910/DVN/4KWEDF,FALSE
doi:10.7910/DVN/J2KIFO,FALSE
doi:10.7910/DVN/9JV2OI,FALSE
doi:10.7910/DVN/ZVVLTW,FALSE
doi:10.7910/DVN/6OVUND,FALSE
doi:10.7910/DVN/OWHTGP,FALSE
doi:10.7910/DVN/Y68EIH,FALSE
doi:10.7910/DVN/CFGT4M,FALSE
doi:10.7910/DVN/C2NBVB,FALSE
doi:10.7910/DVN/XFU2QU,FALSE
doi:10.7910/DVN/UEHCB9,FALSE
doi:10.7910/DVN/YJ6ZPZ,FALSE
doi:10.7910/DVN/EZMAYQ,FALSE
doi:10.7910/DVN/XH0VCX,FALSE
doi:10.7910/DVN/Q0BFZ4,FALSE
doi:10.7910/DVN/DA8V5Y,FALSE
doi:10.7910/DVN/ZMMXP7,FALSE
doi:10.7910/DVN/YL0ZZL,FALSE
doi:10.7910/DVN/TZVL57,FALSE
doi:10.7910/DVN/H7TWMJ,FALSE
doi:10.7910/DVN/SDE0JA,FALSE
doi:10.7910/DVN/QNKOFV,FALSE
doi:10.7910/DVN/DOHMY5,FALSE
doi:10.7910/DVN/SYV04M,FALSE
doi:10.7910/DVN/IKTHNG,FALSE
doi:10.7910/DVN/MRSS8A,FALSE
doi:10.7910/DVN/BI0CDY,FALSE
doi:10.7910/DVN/9FBO5M,FALSE
doi:10.7910/DVN/C23RO8,FALSE
doi:10.7910/DVN/LMH220,FALSE
doi:10.7910/DVN/XUPWX1,FALSE
doi:10.7910/DVN/ZJWUGO,FALSE
doi:10.7910/DVN/BDT5TQ,FALSE
doi:10.7910/DVN/7ORJ5X,FALSE
doi:10.7910/DVN/VWNPBA,FALSE
doi:10.7910/DVN/IDMPWY,FALSE
doi:10.7910/DVN/0E0E0I,FALSE
doi:10.7910/DVN/OWDDDR,FALSE
doi:10.7910/DVN/AMPR5U,FALSE
doi:10.7910/DVN/CACYOC,FALSE
doi:10.7910/DVN/FVNJ4D,FALSE
doi:10.7910/DVN/8VKM37,FALSE
doi:10.7910/DVN/ZJKKLQ,FALSE
doi:10.7910/DVN/CMSMQJ,FALSE
doi:10.7910/DVN/2MRCYV,FALSE
doi:10.7910/DVN/33VBFM,FALSE
doi:10.7910/DVN/6RNZDB,FALSE
doi:10.7910/DVN/VKWKHM,FALSE
doi:10.7910/DVN/EF9SIA,FALSE
doi:10.7910/DVN/GDXMQZ,FALSE
doi:10.7910/DVN/7KCGVZ,FALSE
doi:10.7910/DVN/4Y4MYF,FALSE
doi:10.7910/DVN/8QO2W2,FALSE
doi:10.7910/DVN/GKJDNZ,FALSE
doi:10.7910/DVN/KUK6HG,FALSE
doi:10.7910/DVN/JMWYZY,FALSE
doi:10.7910/DVN/RLJWG5,FALSE
doi:10.7910/DVN/O7ZRMR,FALSE
doi:10.7910/DVN/PMEW7W,FALSE
doi:10.7910/DVN/XSN03H,FALSE
doi:10.7910/DVN/2UOICE,FALSE
doi:10.7910/DVN/FKNI0W,FALSE
doi:10.7910/DVN/SZMYY2,FALSE
doi:10.7910/DVN/IJ4JRJ,FALSE
doi:10.7910/DVN/UDUGUN,FALSE
doi:10.7910/DVN/PVROPL,FALSE
doi:10.7910/DVN/NQYPB1,FALSE
doi:10.7910/DVN/ABWLXN,FALSE
doi:10.7910/DVN/0NFZCD,FALSE
doi:10.7910/DVN/YDPN1Z,FALSE
doi:10.7910/DVN/FRWJDK,FALSE
doi:10.7910/DVN/SCKHED,FALSE
doi:10.7910/DVN/EVE3YK,FALSE
doi:10.7910/DVN/1ZG5UE,FALSE
doi:10.7910/DVN/ZKOMOK,FALSE
doi:10.7910/DVN/WQL4BA,FALSE
doi:10.7910/DVN/VUX0LI,FALSE
doi:10.7910/DVN/UFBQIR,FALSE
doi:10.7910/DVN/K7I9UQ,FALSE
doi:10.7910/DVN/DM3F0T,FALSE
doi:10.7910/DVN/KGNV4S,FALSE
doi:10.7910/DVN/E9YLUX,FALSE
doi:10.7910/DVN/XUA15D,FALSE
doi:10.7910/DVN/RWY4VF,FALSE
doi:10.7910/DVN/EZJGT4,FALSE
doi:10.7910/DVN/PNHEPT,FALSE
doi:10.7910/DVN/ACJNWL,FALSE
doi:10.7910/DVN/OSXKJP,FALSE
doi:10.7910/DVN/WNY0UT,FALSE
doi:10.7910/DVN/QPUTJL,FALSE
doi:10.7910/DVN/AAQBFD,FALSE
doi:10.7910/DVN/2YYXZ8,FALSE
doi:10.7910/DVN/HWJL3V,FALSE
doi:10.7910/DVN/KTHHC7,FALSE
doi:10.7910/DVN/12INFV,FALSE
doi:10.7910/DVN/DVRDST,FALSE
doi:10.7910/DVN/KP1YZI,FALSE
doi:10.7910/DVN/ZFKO9G,FALSE
doi:10.7910/DVN/RNCRCR,FALSE
doi:10.7910/DVN/EOTIMX,FALSE
doi:10.7910/DVN/UCWZD6,FALSE
doi:10.7910/DVN/WOEN3X,FALSE
doi:10.7910/DVN/NM0LUS,FALSE
doi:10.7910/DVN/5TBXV2,FALSE
doi:10.7910/DVN/ZK8GMJ,FALSE
doi:10.7910/DVN/JBVCI8,FALSE
doi:10.7910/DVN/0OADUR,FALSE
doi:10.7910/DVN/CM3UCW,FALSE
doi:10.7910/DVN/PICCJM,FALSE
doi:10.7910/DVN/RXNYJA,FALSE
doi:10.7910/DVN/VNZZPX,FALSE
doi:10.7910/DVN/BNM5DS,FALSE
doi:10.7910/DVN/OCCM9H,FALSE
doi:10.7910/DVN/MGIN0P,FALSE
doi:10.7910/DVN/Z0LDER,FALSE
doi:10.7910/DVN/MZ3A2K,FALSE
doi:10.7910/DVN/YLTIFE,FALSE
doi:10.7910/DVN/BMEAWA,FALSE
doi:10.7910/DVN/IWUGIJ,FALSE
doi:10.7910/DVN/KU5EMF,FALSE
doi:10.7910/DVN/WV0SGJ,FALSE
doi:10.7910/DVN/OT2BXD,FALSE
doi:10.7910/DVN/ZGL0QX,FALSE
doi:10.7910/DVN/H75SPL,FALSE
doi:10.7910/DVN/KC9GL7,FALSE
doi:10.7910/DVN/ZCFNNC,FALSE
doi:10.7910/DVN/SBUDU8,FALSE
doi:10.7910/DVN/6VYTPF,FALSE
doi:10.7910/DVN/0QEAOI,FALSE
doi:10.7910/DVN/UMTG38,FALSE
doi:10.7910/DVN/M6V9FG,FALSE
doi:10.7910/DVN/P1J2QN,FALSE
doi:10.7910/DVN/XABCO6,FALSE
doi:10.7910/DVN/BYM2VN,FALSE
doi:10.7910/DVN/OJJGDB,FALSE
doi:10.7910/DVN/YUXQES,FALSE
doi:10.7910/DVN/HDI3LP,FALSE
doi:10.7910/DVN/YNRUQC,FALSE
doi:10.7910/DVN/KJGB4R,FALSE
doi:10.7910/DVN/1RQXGR,FALSE
doi:10.7910/DVN/X7B53O,FALSE
doi:10.7910/DVN/D8BYWD,FALSE
doi:10.7910/DVN/3IJH2O,FALSE
doi:10.7910/DVN/NIUXOD,FALSE
doi:10.7910/DVN/BTWZPX,FALSE
doi:10.7910/DVN/EFE57P,FALSE
doi:10.7910/DVN/YPQLKY,FALSE
doi:10.7910/DVN/U7XCX0,FALSE
doi:10.7910/DVN/ORBVQ5,FALSE
doi:10.7910/DVN/XJB9WC,FALSE
doi:10.7910/DVN/M4W4D3,FALSE
doi:10.7910/DVN/TOK4QS,FALSE
doi:10.7910/DVN/QTVS0R,FALSE
doi:10.7910/DVN/JCU2MD,FALSE
doi:10.7910/DVN/NLQDYU,FALSE
doi:10.7910/DVN/VC0O1N,FALSE
doi:10.7910/DVN/TXHWCW,FALSE
doi:10.7910/DVN/LDGYV5,FALSE
doi:10.7910/DVN/VEYNVE,FALSE
doi:10.7910/DVN/RA9IDS,FALSE
doi:10.7910/DVN/GXNDYB,FALSE
doi:10.7910/DVN/QW3JSD,FALSE
doi:10.7910/DVN/TZJMLE,FALSE
doi:10.7910/DVN/QWKT16,FALSE
doi:10.7910/DVN/FPR1GK,FALSE
doi:10.7910/DVN/S7COFT,FALSE
doi:10.7910/DVN/RCZI9H,FALSE
doi:10.7910/DVN/LBUIPQ,FALSE
doi:10.7910/DVN/FG4Z06,FALSE
doi:10.7910/DVN/XSYXMI,FALSE
doi:10.7910/DVN/HBU1WL,FALSE
doi:10.7910/DVN/WX5885,FALSE
doi:10.7910/DVN/ILQZPR,FALSE
doi:10.7910/DVN/NPAEB4,FALSE
doi:10.7910/DVN/GWZPND,FALSE
doi:10.7910/DVN/KFLCYN,FALSE
doi:10.7910/DVN/0MUV9I,FALSE
doi:10.7910/DVN/DGWCP6,FALSE
doi:10.7910/DVN/R82E9X,FALSE
doi:10.7910/DVN/6PBZVQ,FALSE
doi:10.7910/DVN/5NZ3LJ,FALSE
doi:10.7910/DVN/I9P8AE,FALSE
doi:10.7910/DVN/VLEVMY,FALSE
doi:10.7910/DVN/BBDK58,FALSE
doi:10.7910/DVN/9CADYW,FALSE
doi:10.7910/DVN/YSSQKX,FALSE
doi:10.7910/DVN/2LUDMK,FALSE
doi:10.7910/DVN/TUGXYR,FALSE
doi:10.7910/DVN/3KTXBC,FALSE
doi:10.7910/DVN/3GHUE1,FALSE
doi:10.7910/DVN/WJAUZB,FALSE
doi:10.7910/DVN/QDN4NO,FALSE
doi:10.7910/DVN/WHAJFW,FALSE
doi:10.7910/DVN/DJ4NFC,FALSE
doi:10.7910/DVN/JMS8DJ,FALSE
doi:10.7910/DVN/ZNVDB8,FALSE
doi:10.7910/DVN/5AXZP0,FALSE
doi:10.7910/DVN/7CBCID,FALSE
doi:10.7910/DVN/RW4KTP,FALSE
doi:10.7910/DVN/DUSRGK,FALSE
doi:10.7910/DVN/PMP4DG,FALSE
doi:10.7910/DVN/HV7VZK,FALSE
doi:10.7910/DVN/TIGSWT,FALSE
doi:10.7910/DVN/94HIVR,FALSE
doi:10.7910/DVN/FWVZ8X,FALSE
doi:10.7910/DVN/9E6PJR,FALSE
doi:10.7910/DVN/RT8ZSW,FALSE
doi:10.7910/DVN/SFBLRF,FALSE
doi:10.7910/DVN/WWJMHP,FALSE
doi:10.7910/DVN/4QWK0P,FALSE
doi:10.7910/DVN/TFWNOH,FALSE
doi:10.7910/DVN/L8X8NV,FALSE
doi:10.7910/DVN/JIFOIY,FALSE
doi:10.7910/DVN/JF3QQJ,FALSE
doi:10.7910/DVN/G3RUT6,FALSE
doi:10.7910/DVN/BCAOAS,FALSE
doi:10.7910/DVN/QK3M3D,FALSE
doi:10.7910/DVN/MTGYNW,FALSE
doi:10.7910/DVN/I31L2W,FALSE
doi:10.7910/DVN/HOIDS4,FALSE
doi:10.7910/DVN/I5A7G7,FALSE
doi:10.7910/DVN/KAHVMY,FALSE
doi:10.7910/DVN/7GJUEY,FALSE
doi:10.7910/DVN/RNKM1Y,FALSE
doi:10.7910/DVN/FJNGNY,FALSE
doi:10.7910/DVN/1CYP5S,FALSE
doi:10.7910/DVN/KK6W8S,FALSE
doi:10.7910/DVN/RJCZI7,FALSE
doi:10.7910/DVN/3EDTBH,FALSE
doi:10.7910/DVN/CLVYAM,FALSE
doi:10.7910/DVN/2Z9OPZ,FALSE
doi:10.7910/DVN/ANXH8U,FALSE
doi:10.7910/DVN/JCVAXP,FALSE
doi:10.7910/DVN/LWKUWK,FALSE
doi:10.7910/DVN/GKEXLR,FALSE
doi:10.7910/DVN/RU9TVT,FALSE
doi:10.7910/DVN/GGRO8T,FALSE
doi:10.7910/DVN/ENUNHE,FALSE
doi:10.7910/DVN/G878VK,FALSE
doi:10.7910/DVN/3ZTKRC,FALSE
doi:10.7910/DVN/WCUHFG,FALSE
doi:10.7910/DVN/Y4AEVE,FALSE
doi:10.7910/DVN/WGY97W,FALSE
doi:10.7910/DVN/LIUST7,FALSE
doi:10.7910/DVN/ELJOCA,FALSE
doi:10.7910/DVN/PD5KST,FALSE
doi:10.7910/DVN/XTRCOD,FALSE
doi:10.7910/DVN/ZZWWXB,FALSE
doi:10.7910/DVN/K6WADZ,FALSE
doi:10.7910/DVN/ZYV8DI,FALSE
doi:10.7910/DVN/BOFDGV,FALSE
doi:10.7910/DVN/TOY1SA,FALSE
doi:10.7910/DVN/PZRRUW,FALSE
doi:10.7910/DVN/0IUR8Z,FALSE
doi:10.7910/DVN/LSRRTE,FALSE
doi:10.7910/DVN/QCNRF7,FALSE
doi:10.7910/DVN/TGVXPA,FALSE
doi:10.7910/DVN/AEUAWW,FALSE
doi:10.7910/DVN/HHJHLN,FALSE
doi:10.7910/DVN/N9SSCT,FALSE
doi:10.7910/DVN/F7SLK3,FALSE
doi:10.7910/DVN/5MQUEC,FALSE
doi:10.7910/DVN/FYSZ3F,FALSE
doi:10.7910/DVN/GABUOW,FALSE
doi:10.7910/DVN/RWYNHA,FALSE
doi:10.7910/DVN/I5LLAI,FALSE
doi:10.7910/DVN/Z4VCKB,FALSE
doi:10.7910/DVN/GVAOML,FALSE
doi:10.7910/DVN/KB3WER,FALSE
doi:10.7910/DVN/XQ4OYI,FALSE
doi:10.7910/DVN/OZWMXY,FALSE
doi:10.7910/DVN/M6ASND,FALSE
doi:10.7910/DVN/GWR9P8,FALSE
doi:10.7910/DVN/EF0OPR,FALSE
doi:10.7910/DVN/MNG8E5,FALSE
doi:10.7910/DVN/UK1LZK,FALSE
doi:10.7910/DVN/MBZ9OX,FALSE
doi:10.7910/DVN/HOUHCL,FALSE
doi:10.7910/DVN/HZZWSQ,FALSE
doi:10.7910/DVN/3MM0X3,FALSE
doi:10.7910/DVN/MHUGOK,FALSE
doi:10.7910/DVN/HEIXNX,FALSE
doi:10.7910/DVN/ZGXIP0,FALSE
doi:10.7910/DVN/YF238C,FALSE
doi:10.7910/DVN/PZE81X,FALSE
doi:10.7910/DVN/8YGLVN,FALSE
doi:10.7910/DVN/UXYKFI,FALSE
doi:10.7910/DVN/0N9JVV,FALSE
doi:10.7910/DVN/Z1OM8K,FALSE
doi:10.7910/DVN/MUNVMG,FALSE
doi:10.7910/DVN/UUBF6C,FALSE
doi:10.7910/DVN/XSXSOZ,FALSE
doi:10.7910/DVN/F6EDKJ,FALSE
doi:10.7910/DVN/NLXLCE,FALSE
doi:10.7910/DVN/OZBQEX,FALSE
doi:10.7910/DVN/EP0XDC,FALSE
doi:10.7910/DVN/DLAQ9A,FALSE
doi:10.7910/DVN/OPGNLI,FALSE
doi:10.7910/DVN/5BAH2J,FALSE
doi:10.7910/DVN/MXFVXA,FALSE
doi:10.7910/DVN/EKGE8Z,FALSE
doi:10.7910/DVN/LOMKFJ,FALSE
doi:10.7910/DVN/FJJJ9E,FALSE
doi:10.7910/DVN/K2NVFP,FALSE
doi:10.7910/DVN/4GV3HW,FALSE
doi:10.7910/DVN/UHVIYQ,FALSE
doi:10.7910/DVN/EK3NQG,FALSE
doi:10.7910/DVN/A4ZWID,FALSE
doi:10.7910/DVN/VOWBHS,FALSE
doi:10.7910/DVN/IULDBL,FALSE
doi:10.7910/DVN/DD4YKV,FALSE
doi:10.7910/DVN/X8QWUK,FALSE
doi:10.7910/DVN/8S6NS0,FALSE
doi:10.7910/DVN/KZ3WYH,FALSE
doi:10.7910/DVN/XKDR5N,FALSE
doi:10.7910/DVN/K3QXJ5,FALSE
doi:10.7910/DVN/8IJ2UQ,FALSE
doi:10.7910/DVN/GSQZHS,FALSE
doi:10.7910/DVN/XSPED6,FALSE
doi:10.7910/DVN/IT3T4N,FALSE
doi:10.7910/DVN/IIEBYB,FALSE
doi:10.7910/DVN/2XEBQL,FALSE
doi:10.7910/DVN/9W4WNW,FALSE
doi:10.7910/DVN/SS0WEZ,FALSE
doi:10.7910/DVN/LG4LFP,FALSE
doi:10.7910/DVN/CQNY5S,FALSE
doi:10.7910/DVN/X5MYRB,FALSE
doi:10.7910/DVN/TAU4W1,FALSE
doi:10.7910/DVN/5Z0YCD,FALSE
doi:10.7910/DVN/LKAMOM,FALSE
doi:10.7910/DVN/RXJ5OU,FALSE
doi:10.7910/DVN/ZCB0WH,FALSE
doi:10.7910/DVN/AHXIV5,FALSE
doi:10.7910/DVN/48IDWW,FALSE
doi:10.7910/DVN/FWA29D,FALSE
doi:10.7910/DVN/Y2D3SJ,FALSE
doi:10.7910/DVN/OUKI2S,FALSE
doi:10.7910/DVN/V18A7L,FALSE
doi:10.7910/DVN/QM8ZM6,FALSE
doi:10.7910/DVN/GNI9BT,FALSE
doi:10.7910/DVN/43MOBU,FALSE
doi:10.7910/DVN/PZY0GH,FALSE
doi:10.7910/DVN/UW9FW3,FALSE
doi:10.7910/DVN/JHHRGS,FALSE
doi:10.7910/DVN/DYNDSB,FALSE
doi:10.7910/DVN/W7TFVC,FALSE
doi:10.7910/DVN/YOOQZV,FALSE
doi:10.7910/DVN/1SMNSP,FALSE
doi:10.7910/DVN/F9S4EI,FALSE
doi:10.7910/DVN/2L1M9W,FALSE
doi:10.7910/DVN/HHRT2I,FALSE
doi:10.7910/DVN/3HLJFE,FALSE
doi:10.7910/DVN/ALABHY,FALSE
doi:10.7910/DVN/W3ATD9,FALSE
doi:10.7910/DVN/RW0QMC,FALSE
doi:10.7910/DVN/YFKDG6,FALSE
doi:10.7910/DVN/QGXAMC,FALSE
doi:10.7910/DVN/V0PMSC,FALSE
doi:10.7910/DVN/DHSBE7,FALSE
doi:10.7910/DVN/ZEIJJM,FALSE
doi:10.7910/DVN/VQ7XR3,FALSE
doi:10.7910/DVN/LBXK0F,FALSE
doi:10.7910/DVN/UKWEU3,FALSE
doi:10.7910/DVN/ITTUQR,FALSE
doi:10.7910/DVN/ACPBLK,FALSE
doi:10.7910/DVN/77RLCT,FALSE
doi:10.7910/DVN/GLINKB,FALSE
doi:10.7910/DVN/LVPK3Z,FALSE
doi:10.7910/DVN/OMH6CL,FALSE
doi:10.7910/DVN/NYV58B,FALSE
doi:10.7910/DVN/JBKFIV,FALSE
doi:10.7910/DVN/WOREVB,FALSE
doi:10.7910/DVN/ZFNIG4,FALSE
doi:10.7910/DVN/HZXIVB,FALSE
doi:10.7910/DVN/ZXYKYH,FALSE
doi:10.7910/DVN/EYQ8HY,FALSE
doi:10.7910/DVN/HYGDWE,FALSE
doi:10.7910/DVN/CBSKEV,FALSE
doi:10.7910/DVN/BNU7DS,FALSE
doi:10.7910/DVN/LNGIJM,FALSE
doi:10.7910/DVN/9AGXU7,FALSE
doi:10.7910/DVN/DRHNGP,FALSE
doi:10.7910/DVN/ZBQRG7,FALSE
doi:10.7910/DVN/AXO51J,FALSE
doi:10.7910/DVN/PGAQCQ,FALSE
doi:10.7910/DVN/GWDMMC,FALSE
doi:10.7910/DVN/GL2FBP,FALSE
doi:10.7910/DVN/SVAOSO,FALSE
doi:10.7910/DVN/DMTNPG,FALSE
doi:10.7910/DVN/HEK3AR,FALSE
doi:10.7910/DVN/LXYGLH,FALSE
doi:10.7910/DVN/8T6XEU,FALSE
doi:10.7910/DVN/R8KNOT,FALSE
doi:10.7910/DVN/ABPMEI,FALSE
doi:10.7910/DVN/LXW4UE,FALSE
doi:10.7910/DVN/9VEJEM,FALSE
doi:10.7910/DVN/S19RTY,FALSE
doi:10.7910/DVN/BX3JCL,FALSE
doi:10.7910/DVN/WSFEPX,FALSE
doi:10.7910/DVN/KFO68S,FALSE
doi:10.7910/DVN/XZIGOG,FALSE
doi:10.7910/DVN/2UUJIR,FALSE
doi:10.7910/DVN/JSJNEN,FALSE
doi:10.7910/DVN/8HCM6B,FALSE
doi:10.7910/DVN/FTMTNA,FALSE
doi:10.7910/DVN/2NOLMG,FALSE
doi:10.7910/DVN/E0OB2E,FALSE
doi:10.7910/DVN/LBRDM7,FALSE
doi:10.7910/DVN/TOQENV,FALSE
doi:10.7910/DVN/ZMHTHM,FALSE
doi:10.7910/DVN/SKSKFJ,FALSE
doi:10.7910/DVN/HK8GNF,FALSE
doi:10.7910/DVN/JBACHY,FALSE
doi:10.7910/DVN/H5CPRJ,FALSE
doi:10.7910/DVN/AHCBFR,FALSE
doi:10.7910/DVN/RRZJQE,FALSE
doi:10.7910/DVN/UTLVXN,FALSE
doi:10.7910/DVN/X4WEO6,FALSE
doi:10.7910/DVN/RCRCGC,FALSE
doi:10.7910/DVN/HA8IFF,FALSE
doi:10.7910/DVN/XJ24QI,FALSE
doi:10.7910/DVN/TM9TRQ,FALSE
doi:10.7910/DVN/3ES5XP,FALSE
doi:10.7910/DVN/VDY8BP,FALSE
doi:10.7910/DVN/OYNK6A,FALSE
doi:10.7910/DVN/OTP5AE,FALSE
doi:10.7910/DVN/CNVJLE,FALSE
doi:10.7910/DVN/YV8YDY,FALSE
doi:10.7910/DVN/CTODML,FALSE
doi:10.7910/DVN/59S2N6,FALSE
doi:10.7910/DVN/LLWZFA,FALSE
doi:10.7910/DVN/DIPGVC,FALSE
doi:10.7910/DVN/WDRTIZ,FALSE
doi:10.7910/DVN/D6QN65,FALSE
doi:10.7910/DVN/N2HFC8,FALSE
doi:10.7910/DVN/CCNF07,FALSE
doi:10.7910/DVN/RSZHGJ,FALSE
doi:10.7910/DVN/LXYIAE,FALSE
doi:10.7910/DVN/XFGTWD,FALSE
doi:10.7910/DVN/WFZSSU,FALSE
doi:10.7910/DVN/DWDROU,FALSE
doi:10.7910/DVN/RV8UKD,FALSE
doi:10.7910/DVN/62BR3P,FALSE
doi:10.7910/DVN/RQYGEM,FALSE
doi:10.7910/DVN/SE0PIC,FALSE
doi:10.7910/DVN/UBF0RI,FALSE
doi:10.7910/DVN/NXYJ6J,FALSE
doi:10.7910/DVN/LHZYWW,FALSE
doi:10.7910/DVN/PSFXFL,FALSE
doi:10.7910/DVN/YB4MT5,FALSE
doi:10.7910/DVN/GQR0L7,FALSE
doi:10.7910/DVN/SLLFXV,FALSE
doi:10.7910/DVN/UNA0BK,FALSE
doi:10.7910/DVN/WSPKKR,FALSE
doi:10.7910/DVN/TNZTEL,FALSE
doi:10.7910/DVN/3LK3HN,FALSE
doi:10.7910/DVN/QABJ0P,FALSE
doi:10.7910/DVN/NURCUC,FALSE
doi:10.7910/DVN/5AQ2Z2,FALSE
doi:10.7910/DVN/XJYLXL,FALSE
doi:10.7910/DVN/APU7ME,FALSE
doi:10.7910/DVN/RWXNAJ,FALSE
doi:10.7910/DVN/JSMR05,FALSE
doi:10.7910/DVN/TZUPDR,FALSE
doi:10.7910/DVN/VBENVX,FALSE
doi:10.7910/DVN/JEVZBI,FALSE
doi:10.7910/DVN/NEXN1I,FALSE
doi:10.7910/DVN/VPR3SC,FALSE
doi:10.7910/DVN/UKVQXV,FALSE
doi:10.7910/DVN/KQAYX4,FALSE
doi:10.7910/DVN/9AWMDC,FALSE
doi:10.7910/DVN/WFQPHL,FALSE
doi:10.7910/DVN/9WCFNI,FALSE
doi:10.7910/DVN/2KCBQY,FALSE
doi:10.7910/DVN/EJKO63,FALSE
doi:10.7910/DVN/8ILSYO,FALSE
doi:10.7910/DVN/QGVGLI,FALSE
doi:10.7910/DVN/I2JBD3,FALSE
doi:10.7910/DVN/N4LP0L,FALSE
doi:10.7910/DVN/A7P2HD,FALSE
doi:10.7910/DVN/NP1PPV,FALSE
doi:10.7910/DVN/LBZV7X,FALSE
doi:10.7910/DVN/58LZVO,FALSE
doi:10.7910/DVN/LYKAI0,FALSE
doi:10.7910/DVN/FG1H1I,FALSE
doi:10.7910/DVN/BG3GYB,FALSE
doi:10.7910/DVN/H2RNZ6,FALSE
doi:10.7910/DVN/K5GXPP,FALSE
doi:10.7910/DVN/KJFDLK,FALSE
doi:10.7910/DVN/NTRXRU,FALSE
doi:10.7910/DVN/EOZMCD,FALSE
doi:10.7910/DVN/9BGHDF,FALSE
doi:10.7910/DVN/ILZFOI,FALSE
doi:10.7910/DVN/RFUEB3,FALSE
doi:10.7910/DVN/CX8U7B,FALSE
doi:10.7910/DVN/OOQGTP,FALSE
doi:10.7910/DVN/QANFC0,FALSE
doi:10.7910/DVN/DWXIGQ,FALSE
doi:10.7910/DVN/CDLJOP,FALSE
doi:10.7910/DVN/AFCMNI,FALSE
doi:10.7910/DVN/7QBMRL,FALSE
doi:10.7910/DVN/HCC7OO,FALSE
doi:10.7910/DVN/ABFW3Z,FALSE
doi:10.7910/DVN/6OMQXH,FALSE
doi:10.7910/DVN/LDQ9LX,FALSE
doi:10.7910/DVN/OOBKO9,FALSE
doi:10.7910/DVN/ZSCS5A,FALSE
doi:10.7910/DVN/5LEAIJ,FALSE
doi:10.7910/DVN/UWA1I0,FALSE
doi:10.7910/DVN/XCECII,FALSE
doi:10.7910/DVN/MCTI2R,FALSE
doi:10.7910/DVN/MYDULV,FALSE
doi:10.7910/DVN/IYEJDE,FALSE
doi:10.7910/DVN/18A5QR,FALSE
doi:10.7910/DVN/IKGBJ0,FALSE
doi:10.7910/DVN/MXQ3WJ,FALSE
doi:10.7910/DVN/VDWDPA,FALSE
doi:10.7910/DVN/GXIK3D,FALSE
doi:10.7910/DVN/CGNXYA,FALSE
doi:10.7910/DVN/PLTDSY,FALSE
doi:10.7910/DVN/LEDXSL,FALSE
doi:10.7910/DVN/UCEJVB,FALSE
doi:10.7910/DVN/Q6M8FJ,FALSE
doi:10.7910/DVN/BY951H,FALSE
doi:10.7910/DVN/Y7EPRQ,FALSE
doi:10.7910/DVN/HR5WXW,FALSE
doi:10.7910/DVN/IJSF8T,FALSE
doi:10.7910/DVN/Q7PPNS,FALSE
doi:10.7910/DVN/JWRAXU,FALSE
doi:10.7910/DVN/3GYG3J,FALSE
doi:10.7910/DVN/VTAYG6,FALSE
doi:10.7910/DVN/F24JWC,FALSE
doi:10.7910/DVN/N64SP8,FALSE
doi:10.7910/DVN/YYWTVN,FALSE
doi:10.7910/DVN/7Q6ODH,FALSE
doi:10.7910/DVN/GLQQTD,FALSE
doi:10.7910/DVN/Q7O4FA,FALSE
doi:10.7910/DVN/XE4Q8J,FALSE
doi:10.7910/DVN/6NKNMC,FALSE
doi:10.7910/DVN/RIGVTI,FALSE
doi:10.7910/DVN/PKTI2E,FALSE
doi:10.7910/DVN/4GQLZ9,FALSE
doi:10.7910/DVN/VNZJXD,FALSE
doi:10.7910/DVN/RD5GQW,FALSE
doi:10.7910/DVN/GS2PCM,FALSE
doi:10.7910/DVN/LKYVDJ,FALSE
doi:10.7910/DVN/S3ZOFF,FALSE
doi:10.7910/DVN/JHW0HE,FALSE
doi:10.7910/DVN/JWCKRD,FALSE
doi:10.7910/DVN/YBUFKC,FALSE
doi:10.7910/DVN/V289FA,FALSE
doi:10.7910/DVN/QDCDU0,FALSE
doi:10.7910/DVN/9ZPWSS,FALSE
doi:10.7910/DVN/IPOANK,FALSE
doi:10.7910/DVN/ZC8RS9,FALSE
doi:10.7910/DVN/7Q3ATC,FALSE
doi:10.7910/DVN/LPGRX5,FALSE
doi:10.7910/DVN/YNOLFR,FALSE
doi:10.7910/DVN/1U3N5W,FALSE
doi:10.7910/DVN/AK4NG6,FALSE
doi:10.7910/DVN/V1ENP3,FALSE
doi:10.7910/DVN/TPHMH1,FALSE
doi:10.7910/DVN/KME4SI,FALSE
doi:10.7910/DVN/VFUXMA,FALSE
doi:10.7910/DVN/DQPGYM,FALSE
doi:10.7910/DVN/LIERF0,FALSE
doi:10.7910/DVN/SPL5MJ,FALSE
doi:10.7910/DVN/BCXGCG,FALSE
doi:10.7910/DVN/9EKENJ,FALSE
doi:10.7910/DVN/4TEY3B,FALSE
doi:10.7910/DVN/UTZPY2,FALSE
doi:10.7910/DVN/SHVCLZ,FALSE
doi:10.7910/DVN/8CNOIE,FALSE
doi:10.7910/DVN/F9TMOY,FALSE
doi:10.7910/DVN/QXTHPE,FALSE
doi:10.7910/DVN/WHZQHS,FALSE
doi:10.7910/DVN/A99JYN,FALSE
doi:10.7910/DVN/UGTBLW,FALSE
doi:10.7910/DVN/XYZNCO,FALSE
doi:10.7910/DVN/ZPM2WJ,FALSE
doi:10.7910/DVN/XLFMSD,FALSE
doi:10.7910/DVN/3SM6IF,FALSE
doi:10.7910/DVN/DQATLM,FALSE
doi:10.7910/DVN/RIN3XA,FALSE
doi:10.7910/DVN/BPPDSL,FALSE
doi:10.7910/DVN/ABSIAJ,FALSE
doi:10.7910/DVN/GXOOEE,FALSE
doi:10.7910/DVN/ZVQECQ,FALSE
doi:10.7910/DVN/D02RAA,FALSE
doi:10.7910/DVN/OF3ISJ,FALSE
doi:10.7910/DVN/TUPOEA,FALSE
doi:10.7910/DVN/0R6XAM,FALSE
doi:10.7910/DVN/N2PUBF,FALSE
doi:10.7910/DVN/RIV8EP,FALSE
doi:10.7910/DVN/DWCCBO,FALSE
doi:10.7910/DVN/J1GNWY,FALSE
doi:10.7910/DVN/R59UZA,FALSE
doi:10.7910/DVN/LNTEMV,FALSE
doi:10.7910/DVN/QYYBWK,FALSE
doi:10.7910/DVN/KGSY7M,FALSE
doi:10.7910/DVN/NZT3FQ,FALSE
doi:10.7910/DVN/DM1KQE,FALSE
doi:10.7910/DVN/I7SCGZ,FALSE
doi:10.7910/DVN/YVM8GI,FALSE
doi:10.7910/DVN/OVBL8C,FALSE
doi:10.7910/DVN/U0QDPL,FALSE
doi:10.7910/DVN/V4I4UJ,FALSE
doi:10.7910/DVN/AILZMR,FALSE
doi:10.7910/DVN/AHV5L8,FALSE
doi:10.7910/DVN/NNA5GL,FALSE
doi:10.7910/DVN/XEZQJV,FALSE
doi:10.7910/DVN/IM67H8,FALSE
doi:10.7910/DVN/QXKEKR,FALSE
doi:10.7910/DVN/1ADSWT,FALSE
doi:10.7910/DVN/UJPTOF,FALSE
doi:10.7910/DVN/XXCS1K,FALSE
doi:10.7910/DVN/4HXF4L,FALSE
doi:10.7910/DVN/YT1AOP,FALSE
doi:10.7910/DVN/FZNHDH,FALSE
doi:10.7910/DVN/QUJICT,FALSE
doi:10.7910/DVN/LI1ALF,FALSE
doi:10.7910/DVN/PKZYND,FALSE
doi:10.7910/DVN/S2WEAK,FALSE
doi:10.7910/DVN/MVQHN6,FALSE
doi:10.7910/DVN/WAM1C7,FALSE
doi:10.7910/DVN/XHNSP1,FALSE
doi:10.7910/DVN/SR320W,FALSE
doi:10.7910/DVN/ETLFV3,FALSE
doi:10.7910/DVN/R1E5B9,FALSE
doi:10.7910/DVN/HDTGRX,FALSE
doi:10.7910/DVN/BYW0SJ,FALSE
doi:10.7910/DVN/OU16MD,FALSE
doi:10.7910/DVN/T17XMB,FALSE
doi:10.7910/DVN/2EYVLE,FALSE
doi:10.7910/DVN/FRAAUU,FALSE
doi:10.7910/DVN/XEMVKG,FALSE
doi:10.7910/DVN/COBWCX,FALSE
doi:10.7910/DVN/4CAKLC,FALSE
doi:10.7910/DVN/EVDVST,FALSE
doi:10.7910/DVN/MALRQH,FALSE
doi:10.7910/DVN/Q33SHY,FALSE
doi:10.7910/DVN/X3AXCO,FALSE
doi:10.7910/DVN/UH1HZF,FALSE
doi:10.7910/DVN/WDGDWT,FALSE
doi:10.7910/DVN/XIKZ9F,FALSE
doi:10.7910/DVN/KNZATO,FALSE
doi:10.7910/DVN/9KKUHV,FALSE
doi:10.7910/DVN/Y2B7H8,FALSE
doi:10.7910/DVN/U2MSTM,FALSE
doi:10.7910/DVN/JNNOLN,FALSE
doi:10.7910/DVN/NPG1AU,FALSE
doi:10.7910/DVN/LPA9DF,FALSE
doi:10.7910/DVN/WFAQIF,FALSE
doi:10.7910/DVN/BJO59G,FALSE
doi:10.7910/DVN/SFJUFK,FALSE
doi:10.7910/DVN/YZMWT3,FALSE
doi:10.7910/DVN/I2ZNKX,FALSE
doi:10.7910/DVN/PVGUUT,FALSE
doi:10.7910/DVN/ZZRG5Z,FALSE
doi:10.7910/DVN/4S9GQA,FALSE
doi:10.7910/DVN/ZWIGUJ,FALSE
doi:10.7910/DVN/HNNWED,FALSE
doi:10.7910/DVN/49AFUV,FALSE
doi:10.7910/DVN/ZVLA5V,FALSE
doi:10.7910/DVN/CB59GN,FALSE
doi:10.7910/DVN/8VV8H4,FALSE
doi:10.7910/DVN/0OL9O9,FALSE
doi:10.7910/DVN/DRNRHW,FALSE
doi:10.7910/DVN/0WRHK6,FALSE
doi:10.7910/DVN/AOOIK6,FALSE
doi:10.7910/DVN/WBVD0B,FALSE
doi:10.7910/DVN/O9RBIJ,FALSE
doi:10.7910/DVN/DJQCVM,FALSE
doi:10.7910/DVN/HKLM9C,FALSE
doi:10.7910/DVN/HN3DFI,FALSE
doi:10.7910/DVN/LO8X7J,FALSE
doi:10.7910/DVN/QZ6ELN,FALSE
doi:10.7910/DVN/EVQHTI,FALSE
doi:10.7910/DVN/YPDX1R,FALSE
doi:10.7910/DVN/SOWI0V,FALSE
doi:10.7910/DVN/HK99EO,FALSE
doi:10.7910/DVN/O0I3MA,FALSE
doi:10.7910/DVN/KGXQEK,FALSE
doi:10.7910/DVN/9LLIPR,FALSE
doi:10.7910/DVN/IDR53L,FALSE
doi:10.7910/DVN/UFZBYL,FALSE
doi:10.7910/DVN/KME4FY,FALSE
doi:10.7910/DVN/5EFJYL,FALSE
doi:10.7910/DVN/2LDPGK,FALSE
doi:10.7910/DVN/NLLCEP,FALSE
doi:10.7910/DVN/2W3XK1,FALSE
doi:10.7910/DVN/WMHR0D,FALSE
doi:10.7910/DVN/GM9JF3,FALSE
doi:10.7910/DVN/RGCAAZ,FALSE
doi:10.7910/DVN/EWZE49,FALSE
doi:10.7910/DVN/OB4TNQ,FALSE
doi:10.7910/DVN/OIN1ZU,FALSE
doi:10.7910/DVN/LGCZQ6,FALSE
doi:10.7910/DVN/UPISUU,FALSE
doi:10.7910/DVN/DC2FK5,FALSE
doi:10.7910/DVN/0V2QJL,FALSE
doi:10.7910/DVN/YNBRST,FALSE
doi:10.7910/DVN/PXKIVP,FALSE
doi:10.7910/DVN/SH2BKR,FALSE
doi:10.7910/DVN/PI7AZY,FALSE
doi:10.7910/DVN/RSJ8YV,FALSE
doi:10.7910/DVN/77JVYB,FALSE
doi:10.7910/DVN/DUBWE7,FALSE
doi:10.7910/DVN/I3JRR2,FALSE
doi:10.7910/DVN/IASKKZ,FALSE
doi:10.7910/DVN/IP9CZV,FALSE
doi:10.7910/DVN/QLE0OO,FALSE
doi:10.7910/DVN/DGTIZH,FALSE
doi:10.7910/DVN/3GIAS3,FALSE
doi:10.7910/DVN/IOJKEX,FALSE
doi:10.7910/DVN/XZBHI3,FALSE
doi:10.7910/DVN/VCKQID,FALSE
doi:10.7910/DVN/HYUIHP,FALSE
doi:10.7910/DVN/57GC1U,FALSE
doi:10.7910/DVN/DCQ1FS,FALSE
doi:10.7910/DVN/YIW4CY,FALSE
doi:10.7910/DVN/WP9EAC,FALSE
doi:10.7910/DVN/DQCWYI,FALSE
doi:10.7910/DVN/WHLVPT,FALSE
doi:10.7910/DVN/PEEXUH,FALSE
doi:10.7910/DVN/PJRUXA,FALSE
doi:10.7910/DVN/KMJXCD,FALSE
doi:10.7910/DVN/EP0ES3,FALSE
doi:10.7910/DVN/KRJQYO,FALSE
doi:10.7910/DVN/3FMGUM,FALSE
doi:10.7910/DVN/Z6K5SB,FALSE
doi:10.7910/DVN/PZTRBV,FALSE
doi:10.7910/DVN/WAHG8A,FALSE
doi:10.7910/DVN/FDMCDL,FALSE
doi:10.7910/DVN/HWB0XJ,FALSE
doi:10.7910/DVN/7VRJDB,FALSE
doi:10.7910/DVN/MTKXXQ,FALSE
doi:10.7910/DVN/KUB0AF,FALSE
doi:10.7910/DVN/QP2RQV,FALSE
doi:10.7910/DVN/I0Y9DY,FALSE
doi:10.7910/DVN/XVT54C,FALSE
doi:10.7910/DVN/3270SO,FALSE
doi:10.7910/DVN/3O1XAP,FALSE
doi:10.7910/DVN/CJZNUM,FALSE
doi:10.7910/DVN/NVHABL,FALSE
doi:10.7910/DVN/CZLQDV,FALSE
doi:10.7910/DVN/P0GONS,FALSE
doi:10.7910/DVN/TTISVU,FALSE
doi:10.7910/DVN/WZSQWW,FALSE
doi:10.7910/DVN/RP8TIK,FALSE
doi:10.7910/DVN/W26ALY,FALSE
doi:10.7910/DVN/BLGKEH,FALSE
doi:10.7910/DVN/FOPDHA,FALSE
doi:10.7910/DVN/B2GHYR,FALSE
doi:10.7910/DVN/UQTRWD,FALSE
doi:10.7910/DVN/PEY1ZH,FALSE
doi:10.7910/DVN/WQ6INP,FALSE
doi:10.7910/DVN/HSQ1VR,FALSE
doi:10.7910/DVN/RS4EZC,FALSE
doi:10.7910/DVN/UWJLKK,FALSE
doi:10.7910/DVN/CXZSQY,FALSE
doi:10.7910/DVN/I1RUL6,FALSE
doi:10.7910/DVN/S6KQ74,FALSE
doi:10.7910/DVN/IXFR9G,FALSE
doi:10.7910/DVN/WXYXJ1,FALSE
doi:10.7910/DVN/F4CRYY,FALSE
doi:10.7910/DVN/7HXQTB,FALSE
doi:10.7910/DVN/UUQJH1,FALSE
doi:10.7910/DVN/WBVKOR,FALSE
doi:10.7910/DVN/CSJYL5,FALSE
doi:10.7910/DVN/F28E9Z,FALSE
doi:10.7910/DVN/YJHK7L,FALSE
doi:10.7910/DVN/F5INRM,FALSE
doi:10.7910/DVN/LIC9N2,FALSE
doi:10.7910/DVN/QKRBBZ,FALSE
doi:10.7910/DVN/ONVZ7C,FALSE
doi:10.7910/DVN/E7FJS4,FALSE
doi:10.7910/DVN/CUQO8G,FALSE
doi:10.7910/DVN/H4XUJN,FALSE
doi:10.7910/DVN/I4T7W9,FALSE
doi:10.7910/DVN/RV5WXR,FALSE
doi:10.7910/DVN/HZJFZZ,FALSE
doi:10.7910/DVN/YEPMCO,FALSE
doi:10.7910/DVN/Q9633N,FALSE
doi:10.7910/DVN/YL6NNT,FALSE
doi:10.7910/DVN/F9TFYA,FALSE
doi:10.7910/DVN/POO6AY,FALSE
doi:10.7910/DVN/HAWH4Z,FALSE
doi:10.7910/DVN/BLXHDA,FALSE
doi:10.7910/DVN/7BFN16,FALSE
doi:10.7910/DVN/QOKYQI,FALSE
doi:10.7910/DVN/69RSGY,FALSE
doi:10.7910/DVN/ARWNBF,FALSE
doi:10.7910/DVN/E6PJSC,FALSE
doi:10.7910/DVN/MEAINS,FALSE
doi:10.7910/DVN/L8MCED,FALSE
doi:10.7910/DVN/XF5ZWD,FALSE
doi:10.7910/DVN/CEPLS5,FALSE
doi:10.7910/DVN/VSXPHZ,FALSE
doi:10.7910/DVN/QGABUH,FALSE
doi:10.7910/DVN/XNZPBR,FALSE
doi:10.7910/DVN/FTSYQL,FALSE
doi:10.7910/DVN/R3PSHG,FALSE
doi:10.7910/DVN/TEWWIA,FALSE
doi:10.7910/DVN/UWJWWF,FALSE
doi:10.7910/DVN/ATLNOY,FALSE
doi:10.7910/DVN/7MQ9KT,FALSE
doi:10.7910/DVN/WCLR01,FALSE
doi:10.7910/DVN/V1KHBY,FALSE
doi:10.7910/DVN/JDWXBU,FALSE
doi:10.7910/DVN/VRUANF,FALSE
doi:10.7910/DVN/5QBUJJ,FALSE
doi:10.7910/DVN/IGGYNE,FALSE
doi:10.7910/DVN/D4KJVQ,FALSE
doi:10.7910/DVN/UNAV7Q,FALSE
doi:10.7910/DVN/FIOXE3,FALSE
doi:10.7910/DVN/CNTRMD,FALSE
doi:10.7910/DVN/PIHHTO,FALSE
doi:10.7910/DVN/YRMPMM,FALSE
doi:10.7910/DVN/6MSZVC,FALSE
doi:10.7910/DVN/NTYDXS,FALSE
doi:10.7910/DVN/RTHFFT,FALSE
doi:10.7910/DVN/JJUMC3,FALSE
doi:10.7910/DVN/CWVS3I,FALSE
doi:10.7910/DVN/IIXGYW,FALSE
doi:10.7910/DVN/BQGZG7,FALSE
doi:10.7910/DVN/LBHDQ8,FALSE
doi:10.7910/DVN/G3PKA0,FALSE
doi:10.7910/DVN/QFYS2M,FALSE
doi:10.7910/DVN/RV93DQ,FALSE
doi:10.7910/DVN/BEQLJK,FALSE
doi:10.7910/DVN/CTIHTG,FALSE
doi:10.7910/DVN/NJUOOU,FALSE
doi:10.7910/DVN/JHXVHK,FALSE
doi:10.7910/DVN/8THBB5,FALSE
doi:10.7910/DVN/4NP9A2,FALSE
doi:10.7910/DVN/3Z2RWX,FALSE
doi:10.7910/DVN/R5FGAN,FALSE
doi:10.7910/DVN/CH3RHD,FALSE
doi:10.7910/DVN/QHYETE,FALSE
doi:10.7910/DVN/2QQAOR,FALSE
doi:10.7910/DVN/A4M9OA,FALSE
doi:10.7910/DVN/3ZFKME,FALSE
doi:10.7910/DVN/PM1CGJ,FALSE
doi:10.7910/DVN/YQ72XO,FALSE
doi:10.7910/DVN/YWXEUA,FALSE
doi:10.7910/DVN/WTCVIV,FALSE
doi:10.7910/DVN/2BP0RJ,FALSE
doi:10.7910/DVN/V2R3IW,FALSE
doi:10.7910/DVN/6SUHXG,FALSE
doi:10.7910/DVN/ARZRQG,FALSE
doi:10.7910/DVN/H0QNSZ,FALSE
doi:10.7910/DVN/RR94IH,FALSE
doi:10.7910/DVN/8HZYED,FALSE
doi:10.7910/DVN/VHXHV8,FALSE
doi:10.7910/DVN/YSBKNS,FALSE
doi:10.7910/DVN/BRSLYV,FALSE
doi:10.7910/DVN/RX0JCC,FALSE
doi:10.7910/DVN/EOF6ZR,FALSE
doi:10.7910/DVN/ZDSN6Z,FALSE
doi:10.7910/DVN/4LN9WO,FALSE
doi:10.7910/DVN/ZFW1QF,FALSE
doi:10.7910/DVN/ULXMW4,FALSE
doi:10.7910/DVN/T1A6RN,FALSE
doi:10.7910/DVN/RAEDAZ,FALSE
doi:10.7910/DVN/AJHLPJ,FALSE
doi:10.7910/DVN/CXQ34D,FALSE
doi:10.7910/DVN/YAQQEW,FALSE
doi:10.7910/DVN/D1WRT0,FALSE
doi:10.7910/DVN/NKQOSY,FALSE
doi:10.7910/DVN/TAP9OZ,FALSE
doi:10.7910/DVN/RCIJFA,FALSE
doi:10.7910/DVN/S8IXLO,FALSE
doi:10.7910/DVN/OCXORK,FALSE
doi:10.7910/DVN/FDTKPR,FALSE
doi:10.7910/DVN/I4JHPM,FALSE
doi:10.7910/DVN/GQOBNV,FALSE
doi:10.7910/DVN/TZUSJF,FALSE
doi:10.7910/DVN/TPZ4DH,FALSE
doi:10.7910/DVN/YNIUML,FALSE
doi:10.7910/DVN/FSBDM6,FALSE
doi:10.7910/DVN/MLVSG8,FALSE
doi:10.7910/DVN/RKPT35,FALSE
doi:10.7910/DVN/PDHD39,FALSE
doi:10.7910/DVN/XEGG1W,FALSE
doi:10.7910/DVN/AXBDNM,FALSE
doi:10.7910/DVN/FNAEXH,FALSE
doi:10.7910/DVN/T8MQA5,FALSE
doi:10.7910/DVN/MDJPFU,FALSE
doi:10.7910/DVN/6BL4LU,FALSE
doi:10.7910/DVN/ZEUFW3,FALSE
doi:10.7910/DVN/WZZCKN,FALSE
doi:10.7910/DVN/IVMNOB,FALSE
doi:10.7910/DVN/7EBZN9,FALSE
doi:10.7910/DVN/BBBGKI,FALSE
doi:10.7910/DVN/8UUPOW,FALSE
doi:10.7910/DVN/XDGLGS,FALSE
doi:10.7910/DVN/8WKQNX,FALSE
doi:10.7910/DVN/MCXH3O,FALSE
doi:10.7910/DVN/MQVIWI,FALSE
doi:10.7910/DVN/5TVT5O,FALSE
doi:10.7910/DVN/SKG4EA,FALSE
doi:10.7910/DVN/4VL2OI,FALSE
doi:10.7910/DVN/NVXERD,FALSE
doi:10.7910/DVN/HRQAED,FALSE
doi:10.7910/DVN/JF6LE0,FALSE
doi:10.7910/DVN/RSVBOU,FALSE
doi:10.7910/DVN/9BAXFQ,FALSE
doi:10.7910/DVN/YDBP3J,FALSE
doi:10.7910/DVN/RSRZRP,FALSE
doi:10.7910/DVN/AIWJDO,FALSE
doi:10.7910/DVN/HUTHWU,FALSE
doi:10.7910/DVN/9TMXPX,FALSE
doi:10.7910/DVN/PI5GQ5,FALSE
doi:10.7910/DVN/MR8MQ6,FALSE
doi:10.7910/DVN/6QMFVH,FALSE
doi:10.7910/DVN/4DMQR0,FALSE
doi:10.7910/DVN/GJTYD3,FALSE
doi:10.7910/DVN/F1JUDF,FALSE
doi:10.7910/DVN/WX2AHW,FALSE
doi:10.7910/DVN/G165QR,FALSE
doi:10.7910/DVN/DYA1DY,FALSE
doi:10.7910/DVN/3PT8I1,FALSE
doi:10.7910/DVN/1AU1W2,FALSE
doi:10.7910/DVN/AG6XD6,FALSE
doi:10.7910/DVN/G5WNYS,FALSE
doi:10.7910/DVN/VCZTNF,FALSE
doi:10.7910/DVN/L2DQX7,FALSE
doi:10.7910/DVN/66OUES,FALSE
doi:10.7910/DVN/MPS2UY,FALSE
doi:10.7910/DVN/KDII4A,FALSE
doi:10.7910/DVN/U8DVZ4,FALSE
doi:10.7910/DVN/UGCOBE,FALSE
doi:10.7910/DVN/5PG14A,FALSE
doi:10.7910/DVN/8OZMFL,FALSE
doi:10.7910/DVN/YQNI1H,FALSE
doi:10.7910/DVN/HWMBRN,FALSE
doi:10.7910/DVN/8TNWBE,FALSE
doi:10.7910/DVN/22TVPM,FALSE
doi:10.7910/DVN/IAFPOP,FALSE
doi:10.7910/DVN/IP0JSL,FALSE
doi:10.7910/DVN/YWAZPD,FALSE
doi:10.7910/DVN/EJCHDH,FALSE
doi:10.7910/DVN/K2T8OK,FALSE
doi:10.7910/DVN/C6LNX0,FALSE
doi:10.7910/DVN/MX2MFV,FALSE
doi:10.7910/DVN/QSJB6T,FALSE
doi:10.7910/DVN/9K6MVV,FALSE
doi:10.7910/DVN/EQTOZZ,FALSE
doi:10.7910/DVN/M9IXDJ,FALSE
doi:10.7910/DVN/25YDYY,FALSE
doi:10.7910/DVN/J8AFDF,FALSE
doi:10.7910/DVN/DAPFIE,FALSE
doi:10.7910/DVN/WUQDEI,FALSE
doi:10.7910/DVN/LWDW82,FALSE
doi:10.7910/DVN/NVKXFF,FALSE
doi:10.7910/DVN/4DJTQ4,FALSE
doi:10.7910/DVN/HSKXMS,FALSE
doi:10.7910/DVN/6QPCH7,FALSE
doi:10.7910/DVN/RDSOEH,FALSE
doi:10.7910/DVN/XATPXN,FALSE
doi:10.7910/DVN/BPMXGW,FALSE
doi:10.7910/DVN/VDWE4Z,FALSE
doi:10.7910/DVN/JZJRJ6,FALSE
doi:10.7910/DVN/UEIRYX,FALSE
doi:10.7910/DVN/EOCYLQ,FALSE
doi:10.7910/DVN/3XMJZ9,FALSE
doi:10.7910/DVN/KHZZMT,FALSE
doi:10.7910/DVN/DMIZKH,FALSE
doi:10.7910/DVN/GDZKFH,FALSE
doi:10.7910/DVN/MHGKIP,FALSE
doi:10.7910/DVN/C3CBRW,FALSE
doi:10.7910/DVN/AN9KSU,FALSE
doi:10.7910/DVN/7CYKZ9,FALSE
doi:10.7910/DVN/ZF0SRN,FALSE
doi:10.7910/DVN/HVPQAR,FALSE
doi:10.7910/DVN/RRSXDI,FALSE
doi:10.7910/DVN/RIKUOO,FALSE
doi:10.7910/DVN/5EWG6R,FALSE
doi:10.7910/DVN/3M8UDI,FALSE
doi:10.7910/DVN/X8VDRQ,FALSE
doi:10.7910/DVN/SDOPCU,FALSE
doi:10.7910/DVN/P07DAH,FALSE
doi:10.7910/DVN/R4SEOL,FALSE
doi:10.7910/DVN/3M0OZM,FALSE
doi:10.7910/DVN/PYLZ9I,FALSE
doi:10.7910/DVN/ADAVOF,FALSE
doi:10.7910/DVN/X5OTJJ,FALSE
doi:10.7910/DVN/COMHZI,FALSE
doi:10.7910/DVN/IU17UU,FALSE
doi:10.7910/DVN/KKSFSM,FALSE
doi:10.7910/DVN/1ZRCKA,FALSE
doi:10.7910/DVN/LCAFOY,FALSE
doi:10.7910/DVN/NYYE7S,FALSE
doi:10.7910/DVN/RXXSXQ,FALSE
doi:10.7910/DVN/VXMTZP,FALSE
doi:10.7910/DVN/Y5LM1R,FALSE
doi:10.7910/DVN/ACIOWI,FALSE
doi:10.7910/DVN/F1ZHQJ,FALSE
doi:10.7910/DVN/WF5COY,FALSE
doi:10.7910/DVN/RXTPPX,FALSE
doi:10.7910/DVN/TDTDVE,FALSE
doi:10.7910/DVN/E9762S,FALSE
doi:10.7910/DVN/BHNBHT,FALSE
doi:10.7910/DVN/GUHX33,FALSE
doi:10.7910/DVN/ZXLKIK,FALSE
doi:10.7910/DVN/EK8CJE,FALSE
doi:10.7910/DVN/RDLDAK,FALSE
doi:10.7910/DVN/WB87DK,FALSE
doi:10.7910/DVN/KKVRFB,FALSE
doi:10.7910/DVN/UO9Z6Q,FALSE
doi:10.7910/DVN/SXXJDA,FALSE
doi:10.7910/DVN/KUEY73,FALSE
doi:10.7910/DVN/HPUL5N,FALSE
doi:10.7910/DVN/QKFIWN,FALSE
doi:10.7910/DVN/JJ553R,FALSE
doi:10.7910/DVN/ZIVMLD,FALSE
doi:10.7910/DVN/A7WKUH,FALSE
doi:10.7910/DVN/8MSHJT,FALSE
doi:10.7910/DVN/U1AOX8,FALSE
doi:10.7910/DVN/6QV6QP,FALSE
doi:10.7910/DVN/IQ4FBP,FALSE
doi:10.7910/DVN/TKE5MI,FALSE
doi:10.7910/DVN/KJS3JF,FALSE
doi:10.7910/DVN/6I2HPE,FALSE
doi:10.7910/DVN/4OBEAS,FALSE
doi:10.7910/DVN/BIW9GG,FALSE
doi:10.7910/DVN/R7OBK4,FALSE
doi:10.7910/DVN/FFR9D8,FALSE
doi:10.7910/DVN/FZ90X6,FALSE
doi:10.7910/DVN/HWMNGG,FALSE
doi:10.7910/DVN/GFSMUL,FALSE
doi:10.7910/DVN/SPGWLB,FALSE
doi:10.7910/DVN/NTOX3D,FALSE
doi:10.7910/DVN/GEQKRZ,FALSE
doi:10.7910/DVN/GBKJKP,FALSE
doi:10.7910/DVN/SF05JH,FALSE
doi:10.7910/DVN/7BLIC3,FALSE
doi:10.7910/DVN/H1HJLC,FALSE
doi:10.7910/DVN/5FESB0,FALSE
doi:10.7910/DVN/IOP87L,FALSE
doi:10.7910/DVN/HAFRZA,FALSE
doi:10.7910/DVN/QAI0AL,FALSE
doi:10.7910/DVN/KEOBAL,FALSE
doi:10.7910/DVN/BQSG98,FALSE
doi:10.7910/DVN/CBF9NU,FALSE
doi:10.7910/DVN/SEHOKO,FALSE
doi:10.7910/DVN/8EPKVS,FALSE
doi:10.7910/DVN/UXMY0T,FALSE
doi:10.7910/DVN/7GWIQW,FALSE
doi:10.7910/DVN/PRVVNW,FALSE
doi:10.7910/DVN/33WFA9,FALSE
doi:10.7910/DVN/FEAINV,FALSE
doi:10.7910/DVN/W2IFBB,FALSE
doi:10.7910/DVN/SBOWDZ,FALSE
doi:10.7910/DVN/NPVSEQ,FALSE
doi:10.7910/DVN/IUHOZA,FALSE
doi:10.7910/DVN/ZWNUNG,FALSE
doi:10.7910/DVN/2WEHEC,FALSE
doi:10.7910/DVN/CRWFEB,FALSE
doi:10.7910/DVN/S5WIY5,FALSE
doi:10.7910/DVN/9GYOFL,FALSE
doi:10.7910/DVN/GZVIRF,FALSE
doi:10.7910/DVN/XFFMHZ,FALSE
doi:10.7910/DVN/EGOUQH,FALSE
doi:10.7910/DVN/EUFOOR,FALSE
doi:10.7910/DVN/GSQIW0,FALSE
doi:10.7910/DVN/S6UBLH,FALSE
doi:10.7910/DVN/I1X0LT,FALSE
doi:10.7910/DVN/QILFKS,FALSE
doi:10.7910/DVN/TPQEQ1,FALSE
doi:10.7910/DVN/NFN5W1,FALSE
doi:10.7910/DVN/4IIBPP,FALSE
doi:10.7910/DVN/XECWRR,FALSE
doi:10.7910/DVN/297HRX,FALSE
doi:10.7910/DVN/Q2C1FK,FALSE
doi:10.7910/DVN/KOMJG9,FALSE
doi:10.7910/DVN/DZ9Y98,FALSE
doi:10.7910/DVN/AD9POU,FALSE
doi:10.7910/DVN/2WFZOK,FALSE
doi:10.7910/DVN/PJWUMQ,FALSE
doi:10.7910/DVN/E7NXHE,FALSE
doi:10.7910/DVN/YRN73N,FALSE
doi:10.7910/DVN/FN2CSM,FALSE
doi:10.7910/DVN/APKKHY,FALSE
doi:10.7910/DVN/OP8NRF,FALSE
doi:10.7910/DVN/BTVG2B,FALSE
doi:10.7910/DVN/UIJZEN,FALSE
doi:10.7910/DVN/ACFO31,FALSE
doi:10.7910/DVN/KIOSXW,FALSE
doi:10.7910/DVN/QY9DCH,FALSE
doi:10.7910/DVN/97KCAY,FALSE
doi:10.7910/DVN/WPSTHV,FALSE
doi:10.7910/DVN/JBB31I,FALSE
doi:10.7910/DVN/LA3MGA,FALSE
doi:10.7910/DVN/VKMYVL,FALSE
doi:10.7910/DVN/DIMSYR,FALSE
doi:10.7910/DVN/S0E39C,FALSE
doi:10.7910/DVN/ZIW8TG,FALSE
doi:10.7910/DVN/CYEMA5,FALSE
doi:10.7910/DVN/F6IGOZ,FALSE
doi:10.7910/DVN/FMK2A9,FALSE
doi:10.7910/DVN/CC974C,FALSE
doi:10.7910/DVN/D4IFSP,FALSE
doi:10.7910/DVN/MLF5HD,FALSE
doi:10.7910/DVN/VXFPRC,FALSE
doi:10.7910/DVN/Q2PRSP,FALSE
doi:10.7910/DVN/TGEOEN,FALSE
doi:10.7910/DVN/S3ERZY,FALSE
doi:10.7910/DVN/PFXB4G,FALSE
doi:10.7910/DVN/MZTDHP,FALSE
doi:10.7910/DVN/PZT0WB,FALSE
doi:10.7910/DVN/NDC3GQ,FALSE
doi:10.7910/DVN/Z2LO6W,FALSE
doi:10.7910/DVN/LUFISL,FALSE
doi:10.7910/DVN/PDCFWD,FALSE
doi:10.7910/DVN/CYEGHO,FALSE
doi:10.7910/DVN/83FEBA,FALSE
doi:10.7910/DVN/U7VVLI,FALSE
doi:10.7910/DVN/JQGG3N,FALSE
doi:10.7910/DVN/WUD3AL,FALSE
doi:10.7910/DVN/OQ0QIW,FALSE
doi:10.7910/DVN/2ZZDZ3,FALSE
doi:10.7910/DVN/WFZ4DF,FALSE
doi:10.7910/DVN/3BO5XY,FALSE
doi:10.7910/DVN/IYOITV,FALSE
doi:10.7910/DVN/MTHW1G,FALSE
doi:10.7910/DVN/IFM4AO,FALSE
doi:10.7910/DVN/OTGXRW,FALSE
doi:10.7910/DVN/GNSNZR,FALSE
doi:10.7910/DVN/CRTTDE,FALSE
doi:10.7910/DVN/BEEWW6,FALSE
doi:10.7910/DVN/8D3M6B,FALSE
doi:10.7910/DVN/VPKLKP,FALSE
doi:10.7910/DVN/VXEKS0,FALSE
doi:10.7910/DVN/ZN8W76,FALSE
doi:10.7910/DVN/TSHAWL,FALSE
doi:10.7910/DVN/J07IQG,FALSE
doi:10.7910/DVN/6K0JJJ,FALSE
doi:10.7910/DVN/4VARUO,FALSE
doi:10.7910/DVN/EEMWIY,FALSE
doi:10.7910/DVN/1CFUYK,FALSE
doi:10.7910/DVN/SDFJ0C,FALSE
doi:10.7910/DVN/20EMID,FALSE
doi:10.7910/DVN/0ESLBJ,FALSE
doi:10.7910/DVN/TWXCYH,FALSE
doi:10.7910/DVN/FLTCLB,FALSE
doi:10.7910/DVN/RI2A6J,FALSE
doi:10.7910/DVN/CB3CIM,FALSE
doi:10.7910/DVN/AEAT9X,FALSE
doi:10.7910/DVN/UDNWYW,FALSE
doi:10.7910/DVN/XQR1O7,FALSE
doi:10.7910/DVN/UUN30E,FALSE
doi:10.7910/DVN/QVXY0K,FALSE
doi:10.7910/DVN/OULYNP,FALSE
doi:10.7910/DVN/ZQQZKN,FALSE
doi:10.7910/DVN/SE1WWJ,FALSE
doi:10.7910/DVN/NWIMF3,FALSE
doi:10.7910/DVN/TJHTKT,FALSE
doi:10.7910/DVN/45SDTG,FALSE
doi:10.7910/DVN/U972AH,FALSE
doi:10.7910/DVN/JSBGEK,FALSE
doi:10.7910/DVN/UEQXSJ,FALSE
doi:10.7910/DVN/15D67G,FALSE
doi:10.7910/DVN/SX78TL,FALSE
doi:10.7910/DVN/JOAUYR,FALSE
doi:10.7910/DVN/PSL07V,FALSE
doi:10.7910/DVN/K7FHUF,FALSE
doi:10.7910/DVN/J0FJFC,FALSE
doi:10.7910/DVN/POEUZF,FALSE
doi:10.7910/DVN/0ZFX8M,FALSE
doi:10.7910/DVN/DXNHMJ,FALSE
doi:10.7910/DVN/EYZPCJ,FALSE
doi:10.7910/DVN/CCKKIR,FALSE
doi:10.7910/DVN/EWTEJW,FALSE
doi:10.7910/DVN/2FVHVO,FALSE
doi:10.7910/DVN/CG7ZJH,FALSE
doi:10.7910/DVN/LJPJBS,FALSE
doi:10.7910/DVN/BKUJFD,FALSE
doi:10.7910/DVN/N6BVBR,FALSE
doi:10.7910/DVN/9QFAAU,FALSE
doi:10.7910/DVN/RUGKFJ,FALSE
doi:10.7910/DVN/MPFWHP,FALSE
doi:10.7910/DVN/MOT57T,FALSE
doi:10.7910/DVN/2EYK7O,FALSE
doi:10.7910/DVN/DA5R3R,FALSE
doi:10.7910/DVN/1XACZG,FALSE
doi:10.7910/DVN/CLVOGN,FALSE
doi:10.7910/DVN/EVYC1J,FALSE
doi:10.7910/DVN/UBAMNR,FALSE
doi:10.7910/DVN/TJNAOA,FALSE
doi:10.7910/DVN/HTGKE7,FALSE
doi:10.7910/DVN/1IGQW9,FALSE
doi:10.7910/DVN/BZ0GMQ,FALSE
doi:10.7910/DVN/NXYEEF,FALSE
doi:10.7910/DVN/FLSCNT,FALSE
doi:10.7910/DVN/QG8PXJ,FALSE
doi:10.7910/DVN/JGHVQN,FALSE
doi:10.7910/DVN/9YE0JB,FALSE
doi:10.7910/DVN/D0KOXQ,FALSE
doi:10.7910/DVN/RY3UXU,FALSE
doi:10.7910/DVN/62VKTY,FALSE
doi:10.7910/DVN/YPHGF9,FALSE
doi:10.7910/DVN/M9RO22,FALSE
doi:10.7910/DVN/JPOP7J,FALSE
doi:10.7910/DVN/DSMH90,FALSE
doi:10.7910/DVN/GYZMD5,FALSE
doi:10.7910/DVN/C0OPWH,FALSE
doi:10.7910/DVN/Z8USPU,FALSE
doi:10.7910/DVN/XCH6GD,FALSE
doi:10.7910/DVN/XXXXLH,FALSE
doi:10.7910/DVN/S1SW09,FALSE
doi:10.7910/DVN/A6FV0U,FALSE
doi:10.7910/DVN/AJVTEG,FALSE
doi:10.7910/DVN/VQ5ZYM,FALSE
doi:10.7910/DVN/OU8B44,FALSE
doi:10.7910/DVN/1NYYKX,FALSE
doi:10.7910/DVN/EGEMS8,FALSE
doi:10.7910/DVN/NCKOIN,FALSE
doi:10.7910/DVN/DCUZHD,FALSE
doi:10.7910/DVN/QOPD76,FALSE
doi:10.7910/DVN/KJWAPO,FALSE
doi:10.7910/DVN/UBIUVO,FALSE
doi:10.7910/DVN/JOXAMR,FALSE
doi:10.7910/DVN/BHVU7G,FALSE
doi:10.7910/DVN/FEEK1B,FALSE
doi:10.7910/DVN/LB1MW9,FALSE
doi:10.7910/DVN/WY81DA,FALSE
doi:10.7910/DVN/9PHKTO,FALSE
doi:10.7910/DVN/EVQVAS,FALSE
doi:10.7910/DVN/FCB92O,FALSE
doi:10.7910/DVN/HRWFZI,FALSE
doi:10.7910/DVN/2HVYFO,FALSE
doi:10.7910/DVN/G3FTEO,FALSE
doi:10.7910/DVN/MSWLGO,FALSE
doi:10.7910/DVN/FOFIDD,FALSE
doi:10.7910/DVN/N69P9E,FALSE
doi:10.7910/DVN/J0XPCV,FALSE
doi:10.7910/DVN/7BSY2E,FALSE
doi:10.7910/DVN/KVWHXJ,FALSE
doi:10.7910/DVN/TF4JZD,FALSE
doi:10.7910/DVN/H9GTJH,FALSE
doi:10.7910/DVN/JQ7MR2,FALSE
doi:10.7910/DVN/S3FGOC,FALSE
doi:10.7910/DVN/L8CJWZ,FALSE
doi:10.7910/DVN/V7S137,FALSE
doi:10.7910/DVN/RAUHBJ,FALSE
doi:10.7910/DVN/NEKZJY,FALSE
doi:10.7910/DVN/JVZOVL,FALSE
doi:10.7910/DVN/OLWIHI,FALSE
doi:10.7910/DVN/N7FSYM,FALSE
doi:10.7910/DVN/ZCNANG,FALSE
doi:10.7910/DVN/JDKX4N,FALSE
doi:10.7910/DVN/WBJG5J,FALSE
doi:10.7910/DVN/C9D9UQ,FALSE
doi:10.7910/DVN/IIW8XB,FALSE
doi:10.7910/DVN/U2YRMH,FALSE
doi:10.7910/DVN/GN2MIW,FALSE
doi:10.7910/DVN/PWD1OW,FALSE
doi:10.7910/DVN/C7YSJ1,FALSE
doi:10.7910/DVN/DV4W5N,FALSE
doi:10.7910/DVN/5SQDX0,FALSE
doi:10.7910/DVN/W9OZOP,FALSE
doi:10.7910/DVN/DFICRO,FALSE
doi:10.7910/DVN/0Q1PSN,FALSE
doi:10.7910/DVN/ARA8RP,FALSE
doi:10.7910/DVN/JX86JH,FALSE
doi:10.7910/DVN/TQJXYF,FALSE
doi:10.7910/DVN/EXYCWQ,FALSE
doi:10.7910/DVN/BG7YHA,FALSE
doi:10.7910/DVN/KDRQZQ,FALSE
doi:10.7910/DVN/LO9AKM,FALSE
doi:10.7910/DVN/V9NF2S,FALSE
doi:10.7910/DVN/HNG5KG,FALSE
doi:10.7910/DVN/KZJ6DP,FALSE
doi:10.7910/DVN/IUHLHQ,FALSE
doi:10.7910/DVN/YHK8QU,FALSE
doi:10.7910/DVN/C8MJTH,FALSE
doi:10.7910/DVN/FZOSRK,FALSE
doi:10.7910/DVN/TRQXO8,FALSE
doi:10.7910/DVN/ZN9RK9,FALSE
doi:10.7910/DVN/J9TO0M,FALSE
doi:10.7910/DVN/L7GJHW,FALSE
doi:10.7910/DVN/K3FO7X,FALSE
doi:10.7910/DVN/8UQ2LH,FALSE
doi:10.7910/DVN/MK5IE6,FALSE
doi:10.7910/DVN/API5DM,FALSE
doi:10.7910/DVN/V86DAX,FALSE
doi:10.7910/DVN/UAUSS5,FALSE
doi:10.7910/DVN/BJCRRV,FALSE
doi:10.7910/DVN/2XZHH1,FALSE
doi:10.7910/DVN/JXNIX4,FALSE
doi:10.7910/DVN/E7TR8A,FALSE
doi:10.7910/DVN/JVMLIO,FALSE
doi:10.7910/DVN/TGAACI,FALSE
doi:10.7910/DVN/CRWCIP,FALSE
doi:10.7910/DVN/EIQ56Y,FALSE
doi:10.7910/DVN/LBBYQP,FALSE
doi:10.7910/DVN/YAJICP,FALSE
doi:10.7910/DVN/WDW6QI,FALSE
doi:10.7910/DVN/W0TIKH,FALSE
doi:10.7910/DVN/LRGRUT,FALSE
doi:10.7910/DVN/WML92J,FALSE
doi:10.7910/DVN/I1RGF3,FALSE
doi:10.7910/DVN/RU7YVB,FALSE
doi:10.7910/DVN/YNWADW,FALSE
doi:10.7910/DVN/12STTQ,FALSE
doi:10.7910/DVN/AEFYQ7,FALSE
doi:10.7910/DVN/M1AZR1,FALSE
doi:10.7910/DVN/06RXXG,FALSE
doi:10.7910/DVN/UK84B4,FALSE
doi:10.7910/DVN/VMKJ3V,FALSE
doi:10.7910/DVN/TV7CXV,FALSE
doi:10.7910/DVN/0FE6BI,FALSE
doi:10.7910/DVN/QMDA7F,FALSE
doi:10.7910/DVN/ADCKG0,FALSE
doi:10.7910/DVN/HV1WSO,FALSE
doi:10.7910/DVN/HQUVPX,FALSE
doi:10.7910/DVN/HZGSAA,FALSE
doi:10.7910/DVN/JC2WH6,FALSE
doi:10.7910/DVN/O95K5O,FALSE
doi:10.7910/DVN/UQPOMP,FALSE
doi:10.7910/DVN/UJUCOW,FALSE
doi:10.7910/DVN/GAYXJI,FALSE
doi:10.7910/DVN/LGOSRW,FALSE
doi:10.7910/DVN/CFU7GT,FALSE
doi:10.7910/DVN/6ODEKO,FALSE
doi:10.7910/DVN/UDM6VJ,FALSE
doi:10.7910/DVN/QBITCY,FALSE
doi:10.7910/DVN/GDOUWD,FALSE
doi:10.7910/DVN/JL3KKU,FALSE
doi:10.7910/DVN/6XAFP7,FALSE
doi:10.7910/DVN/P1VMXJ,FALSE
doi:10.7910/DVN/D0PSJF,FALSE
doi:10.7910/DVN/K9ZER7,FALSE
doi:10.7910/DVN/XSPDLO,FALSE
doi:10.7910/DVN/AURWTR,FALSE
doi:10.7910/DVN/FTLVDB,FALSE
doi:10.7910/DVN/2XSSZQ,FALSE
doi:10.7910/DVN/1E083V,FALSE
doi:10.7910/DVN/EY2R2V,FALSE
doi:10.7910/DVN/BPGPTE,FALSE
doi:10.7910/DVN/DM5YYJ,FALSE
doi:10.7910/DVN/TB2E9U,FALSE
doi:10.7910/DVN/M1F4BZ,FALSE
doi:10.7910/DVN/K6PQDF,FALSE
doi:10.7910/DVN/N9QVJB,FALSE
doi:10.7910/DVN/KTNBE1,FALSE
doi:10.7910/DVN/4KMDIR,FALSE
doi:10.7910/DVN/DWPFAK,FALSE
doi:10.7910/DVN/FHX7RV,FALSE
doi:10.7910/DVN/9AGTPT,FALSE
doi:10.7910/DVN/YDFXXW,FALSE
doi:10.7910/DVN/ILW9SH,FALSE
doi:10.7910/DVN/A7YACQ,FALSE
doi:10.7910/DVN/UN0D1D,FALSE
doi:10.7910/DVN/RVOHWT,FALSE
doi:10.7910/DVN/GHTWPW,FALSE
doi:10.7910/DVN/F8VNQE,FALSE
doi:10.7910/DVN/7NLIFO,FALSE
doi:10.7910/DVN/UJRJMM,FALSE
doi:10.7910/DVN/NJZFGI,FALSE
doi:10.7910/DVN/YVAOTW,FALSE
doi:10.7910/DVN/RKLNIQ,FALSE
doi:10.7910/DVN/FR1XWL,FALSE
doi:10.7910/DVN/Y4SUG6,FALSE
doi:10.7910/DVN/E6MXZN,FALSE
doi:10.7910/DVN/42G94I,FALSE
doi:10.7910/DVN/HK3VPA,FALSE
doi:10.7910/DVN/HVBNUE,FALSE
doi:10.7910/DVN/U7OJUT,FALSE
doi:10.7910/DVN/RHPQUS,FALSE
doi:10.7910/DVN/0VR4D7,FALSE
doi:10.7910/DVN/6JBVQE,FALSE
doi:10.7910/DVN/LHNNKN,FALSE
doi:10.7910/DVN/14VBPA,FALSE
doi:10.7910/DVN/NXUKEK,FALSE
doi:10.7910/DVN/RCAXVX,FALSE
doi:10.7910/DVN/1TGQES,FALSE
doi:10.7910/DVN/7VGYE9,FALSE
doi:10.7910/DVN/EO8KE5,FALSE
doi:10.7910/DVN/PTKTKQ,FALSE
doi:10.7910/DVN/6IEHKO,FALSE
doi:10.7910/DVN/TRGZNS,FALSE
doi:10.7910/DVN/4JX8VP,FALSE
doi:10.7910/DVN/ZOYR5Y,FALSE
doi:10.7910/DVN/3L2RJ1,FALSE
doi:10.7910/DVN/F2AL8P,FALSE
doi:10.7910/DVN/KQWUBA,FALSE
doi:10.7910/DVN/VI7YZE,FALSE
doi:10.7910/DVN/8ZPRZZ,FALSE
doi:10.7910/DVN/WFAZ71,FALSE
doi:10.7910/DVN/G6YP5H,FALSE
doi:10.7910/DVN/D3FWCY,FALSE
doi:10.7910/DVN/TD3XMC,FALSE
doi:10.7910/DVN/LQ2NHO,FALSE
doi:10.7910/DVN/V9LFBO,FALSE
doi:10.7910/DVN/0PGXUD,FALSE
doi:10.7910/DVN/LRD1DU,FALSE
doi:10.7910/DVN/NAKBSO,FALSE
doi:10.7910/DVN/ZLUHCE,FALSE
doi:10.7910/DVN/EGSNXY,FALSE
doi:10.7910/DVN/YGUVAX,FALSE
doi:10.7910/DVN/ESNTZN,FALSE
doi:10.7910/DVN/5MPVNE,FALSE
doi:10.7910/DVN/GUKWM3,FALSE
doi:10.7910/DVN/JNPFMN,FALSE
doi:10.7910/DVN/6ZBZMB,FALSE
doi:10.7910/DVN/L4AH0S,FALSE
doi:10.7910/DVN/5RY9D7,FALSE
doi:10.7910/DVN/CMAI5T,FALSE
doi:10.7910/DVN/4VNSM2,FALSE
doi:10.7910/DVN/PEBQVK,FALSE
doi:10.7910/DVN/9ESVRQ,FALSE
doi:10.7910/DVN/VS6VF9,FALSE
doi:10.7910/DVN/YVZMY8,FALSE
doi:10.7910/DVN/XR4E5U,FALSE
doi:10.7910/DVN/4ZOD2X,FALSE
doi:10.7910/DVN/K5UFT8,FALSE
doi:10.7910/DVN/WGV2PQ,FALSE
doi:10.7910/DVN/I3JH5F,FALSE
doi:10.7910/DVN/8UJZ6T,FALSE
doi:10.7910/DVN/WGFXGB,FALSE
doi:10.7910/DVN/BRNJXA,FALSE
doi:10.7910/DVN/4ZSWTX,FALSE
doi:10.7910/DVN/OR5RZZ,FALSE
doi:10.7910/DVN/JS7CSJ,FALSE
doi:10.7910/DVN/XEAJKJ,FALSE
doi:10.7910/DVN/YOQ22U,FALSE
doi:10.7910/DVN/ZFBBQ0,FALSE
doi:10.7910/DVN/QYCMJ6,FALSE
doi:10.7910/DVN/JUUUMF,FALSE
doi:10.7910/DVN/NKJQHW,FALSE
doi:10.7910/DVN/VCBZOV,FALSE
doi:10.7910/DVN/22HNVA,FALSE
doi:10.7910/DVN/0AI2NZ,FALSE
doi:10.7910/DVN/ZG2F1J,FALSE
doi:10.7910/DVN/LL2GE1,FALSE
doi:10.7910/DVN/XMG9SH,FALSE
doi:10.7910/DVN/3EXB5P,FALSE
doi:10.7910/DVN/OHCUN1,FALSE
doi:10.7910/DVN/Y7OLWI,FALSE
doi:10.7910/DVN/2FMFXY,FALSE
doi:10.7910/DVN/GSQYQL,FALSE
doi:10.7910/DVN/EBEGN4,FALSE
doi:10.7910/DVN/D3MG5F,FALSE
doi:10.7910/DVN/D1DBYP,FALSE
doi:10.7910/DVN/QU3VQT,FALSE
doi:10.7910/DVN/KM6WQ3,FALSE
doi:10.7910/DVN/YTWMPG,FALSE
doi:10.7910/DVN/ZALATD,FALSE
doi:10.7910/DVN/L5KQX6,FALSE
doi:10.7910/DVN/VJ94TK,FALSE
doi:10.7910/DVN/LOBK1O,TRUE
doi:10.7910/DVN/YB00YE,TRUE
doi:10.7910/DVN/V2MUXA,TRUE
doi:10.7910/DVN/KCWTQP,TRUE
doi:10.7910/DVN/T70CJ5,TRUE
doi:10.7910/DVN/DG9RFG,TRUE
doi:10.7910/DVN/Y9SOZI,TRUE
doi:10.7910/DVN/WKFWKR,TRUE
doi:10.7910/DVN/LMEY6O,TRUE
doi:10.7910/DVN/AKYUAY,TRUE
doi:10.7910/DVN/HRPSLA,TRUE
doi:10.7910/DVN/ZIUECK,TRUE
doi:10.7910/DVN/VXRDZL,TRUE
doi:10.7910/DVN/WWFXQY,TRUE
doi:10.7910/DVN/CDWBKS,TRUE
doi:10.7910/DVN/9QFYCX,TRUE
doi:10.7910/DVN/SAKM81,TRUE
doi:10.7910/DVN/JHNIKC,TRUE
doi:10.7910/DVN/1ABFFK,TRUE
doi:10.7910/DVN/JWQOKP,TRUE
doi:10.7910/DVN/KGPQ7Z,TRUE
doi:10.7910/DVN/B1LRKF,TRUE
doi:10.7910/DVN/PWMVXH,TRUE
doi:10.7910/DVN/5QKCV5,TRUE
doi:10.7910/DVN/K7JM0Q,TRUE
doi:10.7910/DVN/VFSTUJ,TRUE
doi:10.7910/DVN/C5VVVD,TRUE
doi:10.7910/DVN/BHN417,TRUE
doi:10.7910/DVN/ZA7DVD,TRUE
doi:10.7910/DVN/BYG13X,TRUE
doi:10.7910/DVN/IO3KJS,TRUE
doi:10.7910/DVN/TB6VY6,TRUE
doi:10.7910/DVN/SJHXFP,TRUE
doi:10.7910/DVN/WIMCSN,TRUE
doi:10.7910/DVN/UXDQFT,TRUE
doi:10.7910/DVN/IWGIZD,TRUE
doi:10.7910/DVN/CFHIQW,TRUE
doi:10.7910/DVN/D87TB8,TRUE
doi:10.7910/DVN/365NVO,TRUE
doi:10.7910/DVN/1CL48I,TRUE
doi:10.7910/DVN/FNRIPS,TRUE
doi:10.7910/DVN/MGAZXL,TRUE
doi:10.7910/DVN/CRUVPL,TRUE
doi:10.7910/DVN/OIG2FJ,TRUE
doi:10.7910/DVN/Q1P0TT,TRUE
doi:10.7910/DVN/ASKJQQ,TRUE
doi:10.7910/DVN/3VSLBE,TRUE
doi:10.7910/DVN/PWNWHL,TRUE
doi:10.7910/DVN/I9DZHG,TRUE
doi:10.7910/DVN/MRXTH4,TRUE
doi:10.7910/DVN/KID3PW,TRUE
doi:10.7910/DVN/LS2JD6,TRUE
doi:10.7910/DVN/HWWA7P,TRUE
doi:10.7910/DVN/EI2NFZ,TRUE
doi:10.7910/DVN/WNNZY1,TRUE
doi:10.7910/DVN/KFMVQK,TRUE
doi:10.7910/DVN/O4A8TN,TRUE
doi:10.7910/DVN/WOXSX8,TRUE
doi:10.7910/DVN/XORKWR,TRUE
doi:10.7910/DVN/TL9TFL,TRUE
doi:10.7910/DVN/ARLDYU,TRUE
doi:10.7910/DVN/ZVJ2E5,TRUE
doi:10.7910/DVN/YBIJEY,TRUE
doi:10.7910/DVN/5NM4VP,TRUE
doi:10.7910/DVN/3RNILP,TRUE
doi:10.7910/DVN/8KEHJM,TRUE
doi:10.7910/DVN/UEXMOS,TRUE
doi:10.7910/DVN/GX23DO,TRUE
doi:10.7910/DVN/OTSQOW,TRUE
doi:10.7910/DVN/MML8NY,TRUE
doi:10.7910/DVN/HROIQY,TRUE
doi:10.7910/DVN/W7PU45,TRUE
doi:10.7910/DVN/CJBGMS,TRUE
doi:10.7910/DVN/N9XX4G,TRUE
doi:10.7910/DVN/PR1J9I,TRUE
doi:10.7910/DVN/ZOTC5Z,TRUE
doi:10.7910/DVN/VZSDEA,TRUE
doi:10.7910/DVN/VD5RTU,TRUE
doi:10.7910/DVN/5MWQPL,TRUE
doi:10.7910/DVN/RT6RNJ,TRUE
doi:10.7910/DVN/JAE7CJ,TRUE
doi:10.7910/DVN/H0MGTY,TRUE
doi:10.7910/DVN/QFKYBQ,TRUE
doi:10.7910/DVN/AGLAFC,TRUE
doi:10.7910/DVN/RRS6FD,TRUE
doi:10.7910/DVN/IZARAQ,TRUE
doi:10.7910/DVN/B96QPN,TRUE
doi:10.7910/DVN/4UPFEC,TRUE
doi:10.7910/DVN/65BADB,TRUE
doi:10.7910/DVN/9LLRI2,TRUE
doi:10.7910/DVN/4RAN34,TRUE
doi:10.7910/DVN/EJFGMI,TRUE
doi:10.7910/DVN/BQIYLI,TRUE
doi:10.7910/DVN/CZOLN9,TRUE
doi:10.7910/DVN/ECCJFS,TRUE
doi:10.7910/DVN/IOH4WT,TRUE
doi:10.7910/DVN/G5VFHN,TRUE
doi:10.7910/DVN/PQQW28,TRUE
doi:10.7910/DVN/UAZBRV,TRUE
doi:10.7910/DVN/5PUM3S,TRUE
doi:10.7910/DVN/EKCBCC,TRUE
doi:10.7910/DVN/W1ZCMV,TRUE
doi:10.7910/DVN/EZBUGG,TRUE
doi:10.7910/DVN/AADBYU,TRUE
doi:10.7910/DVN/JRHNZ6,TRUE
doi:10.7910/DVN/FAPJ72,TRUE
doi:10.7910/DVN/PDDJBD,TRUE
doi:10.7910/DVN/XU0XYB,TRUE
doi:10.7910/DVN/7C9HHC,TRUE
doi:10.7910/DVN/E5HUTT,TRUE
doi:10.7910/DVN/QAQNWI,TRUE
doi:10.7910/DVN/KBHMBR,TRUE
doi:10.7910/DVN/C2YNLK,TRUE
doi:10.7910/DVN/3JGBGU,TRUE
doi:10.7910/DVN/2HTBOO,TRUE
doi:10.7910/DVN/N6O83F,TRUE
doi:10.7910/DVN/0O9JAG,TRUE
doi:10.7910/DVN/QSSSH3,TRUE
doi:10.7910/DVN/MEWKVI,TRUE
doi:10.7910/DVN/14GHB0,TRUE
doi:10.7910/DVN/KIJI6Z,TRUE
doi:10.7910/DVN/9T6UTU,TRUE
doi:10.7910/DVN/5MKZZA,TRUE
doi:10.7910/DVN/ISEYWS,TRUE
doi:10.7910/DVN/WMGOL2,TRUE
doi:10.7910/DVN/EEYEAQ,TRUE
doi:10.7910/DVN/AU5YEK,TRUE
doi:10.7910/DVN/LUGPIO,TRUE
doi:10.7910/DVN/CKN6HM,TRUE
doi:10.7910/DVN/S88JSI,TRUE
doi:10.7910/DVN/Y2K9DZ,TRUE
doi:10.7910/DVN/WTZEDW,TRUE
doi:10.7910/DVN/2LPBRT,TRUE
doi:10.7910/DVN/4ZNQR2,TRUE
doi:10.7910/DVN/GYDY5E,TRUE
doi:10.7910/DVN/60SREK,TRUE
doi:10.7910/DVN/FJ2OSL,TRUE
doi:10.7910/DVN/ZE8VTT,TRUE
doi:10.7910/DVN/QVTTX4,TRUE
doi:10.7910/DVN/1GGL4E,TRUE
doi:10.7910/DVN/ST50IB,TRUE
doi:10.7910/DVN/6LJPYG,TRUE
doi:10.7910/DVN/LSU8RX,TRUE
doi:10.7910/DVN/6X49BF,TRUE
doi:10.7910/DVN/C1BOKZ,TRUE
doi:10.7910/DVN/IR4PVM,TRUE
doi:10.7910/DVN/TWLKEB,TRUE
doi:10.7910/DVN/GDPNSR,TRUE
doi:10.7910/DVN/RRDJP3,TRUE
doi:10.7910/DVN/DSHRE7,TRUE
doi:10.7910/DVN/E6HBSV,TRUE
doi:10.7910/DVN/ESZ9MN,TRUE
doi:10.7910/DVN/YGRTHI,TRUE
doi:10.7910/DVN/NGW8LZ,TRUE
doi:10.7910/DVN/XHBVWY,TRUE
doi:10.7910/DVN/GJ385I,TRUE
doi:10.7910/DVN/LX2NEL,TRUE
doi:10.7910/DVN/8E1DVZ,TRUE
doi:10.7910/DVN/IIT18H,TRUE
doi:10.7910/DVN/6OTG4T,TRUE
doi:10.7910/DVN/SXJXZF,TRUE
doi:10.7910/DVN/SGY7MK,TRUE
doi:10.7910/DVN/YIRFMT,TRUE
doi:10.7910/DVN/XW1ABT,TRUE
doi:10.7910/DVN/PHCMVV,TRUE
doi:10.7910/DVN/FRFSOV,TRUE
doi:10.7910/DVN/TETU3B,TRUE
doi:10.7910/DVN/W2ZCXB,TRUE
doi:10.7910/DVN/U6UIYA,TRUE
doi:10.7910/DVN/AQ3Q07,TRUE
doi:10.7910/DVN/KQUZWJ,TRUE
doi:10.7910/DVN/WMRLSA,TRUE
doi:10.7910/DVN/IYEU82,TRUE
doi:10.7910/DVN/QGYHUM,TRUE
doi:10.7910/DVN/8XNHKE,TRUE
doi:10.7910/DVN/WHWJ31,TRUE
doi:10.7910/DVN/ORAW8I,TRUE
doi:10.7910/DVN/E5LKVP,TRUE
doi:10.7910/DVN/W8IKCU,TRUE
doi:10.7910/DVN/GOLXBS,TRUE
doi:10.7910/DVN/XOMY5U,TRUE
doi:10.7910/DVN/5AUINI,TRUE
doi:10.7910/DVN/NBAPHU,TRUE
doi:10.7910/DVN/FXJOZA,TRUE
doi:10.7910/DVN/GE5NRS,TRUE
doi:10.7910/DVN/UKIORI,TRUE
doi:10.7910/DVN/IUKTA6,TRUE
doi:10.7910/DVN/BX2Y8M,TRUE
doi:10.7910/DVN/EO8FTL,TRUE
doi:10.7910/DVN/U3KRHP,TRUE
doi:10.7910/DVN/4Z4MBQ,TRUE
doi:10.7910/DVN/ONF2DX,TRUE
doi:10.7910/DVN/ISRBD0,TRUE
doi:10.7910/DVN/WEWPGK,TRUE
doi:10.7910/DVN/U7RM6U,TRUE
doi:10.7910/DVN/BMKV3A,TRUE
doi:10.7910/DVN/LQMHMU,TRUE
doi:10.7910/DVN/YICSO5,TRUE
doi:10.7910/DVN/LIUR3J,TRUE
doi:10.7910/DVN/KJQ7EQ,TRUE
doi:10.7910/DVN/LEDMSC,TRUE
doi:10.7910/DVN/ETNJSV,TRUE
doi:10.7910/DVN/BAJER7,TRUE
doi:10.7910/DVN/26VK0D,TRUE
doi:10.7910/DVN/VQWNZT,TRUE
doi:10.7910/DVN/I9PAGX,TRUE
doi:10.7910/DVN/DBN0HX,TRUE
doi:10.7910/DVN/FRRUFT,TRUE
doi:10.7910/DVN/PZ86VK,TRUE
doi:10.7910/DVN/78KWDL,TRUE
doi:10.7910/DVN/8DQWDM,TRUE
doi:10.7910/DVN/GSIM00,TRUE
doi:10.7910/DVN/GSQSHX,TRUE
doi:10.7910/DVN/BUCLHC,TRUE
doi:10.7910/DVN/PXWZSV,TRUE
doi:10.7910/DVN/MLRXNY,TRUE
doi:10.7910/DVN/5EVECA,TRUE
doi:10.7910/DVN/ZHZ1ZN,TRUE
doi:10.7910/DVN/9JWXV1,TRUE
doi:10.7910/DVN/KL6HYZ,TRUE
doi:10.7910/DVN/AC96KR,TRUE
doi:10.7910/DVN/XSE8AB,TRUE
doi:10.7910/DVN/PABAEU,TRUE
doi:10.7910/DVN/9H8GZM,TRUE
doi:10.7910/DVN/X2WQLR,TRUE
doi:10.7910/DVN/REQNNF,TRUE
doi:10.7910/DVN/WDU9BJ,TRUE
doi:10.7910/DVN/AGPIC7,TRUE
doi:10.7910/DVN/NRT3VL,TRUE
doi:10.7910/DVN/5ARYSU,TRUE
doi:10.7910/DVN/J1LRGA,TRUE
doi:10.7910/DVN/DLPLGK,TRUE
doi:10.7910/DVN/X2J1WB,TRUE
doi:10.7910/DVN/IXVC80,TRUE
doi:10.7910/DVN/TAZZXV,TRUE
doi:10.7910/DVN/LSTSRL,TRUE
doi:10.7910/DVN/CKWFBO,TRUE
doi:10.7910/DVN/PDEYVY,TRUE
doi:10.7910/DVN/1BXRSW,TRUE
doi:10.7910/DVN/7CTNT0,TRUE
doi:10.7910/DVN/GHZAJI,TRUE
doi:10.7910/DVN/CDOYMD,TRUE
doi:10.7910/DVN/JUJL6M,TRUE
doi:10.7910/DVN/BVKATQ,TRUE
doi:10.7910/DVN/U8EESR,TRUE
doi:10.7910/DVN/LFAOIO,TRUE
doi:10.7910/DVN/3JJP2C,TRUE
doi:10.7910/DVN/QRNEJY,TRUE
doi:10.7910/DVN/KWLR80,TRUE
doi:10.7910/DVN/ZFXYFE,TRUE
doi:10.7910/DVN/YYSVWU,TRUE
doi:10.7910/DVN/ACCEJC,TRUE
doi:10.7910/DVN/8ADBCL,TRUE
doi:10.7910/DVN/LWJG5J,TRUE
doi:10.7910/DVN/FVQXTT,TRUE
doi:10.7910/DVN/WS8GH3,TRUE
doi:10.7910/DVN/KTQ638,TRUE
doi:10.7910/DVN/MAC8MH,TRUE
doi:10.7910/DVN/STD2UA,TRUE
doi:10.7910/DVN/UN0NVD,TRUE
doi:10.7910/DVN/LQERI2,TRUE
doi:10.7910/DVN/D2HTE2,TRUE
doi:10.7910/DVN/RUWVXB,TRUE
doi:10.7910/DVN/LUROYH,TRUE
doi:10.7910/DVN/KDRJ3P,TRUE
doi:10.7910/DVN/D5KWZZ,TRUE
doi:10.7910/DVN/GAHUJN,TRUE
doi:10.7910/DVN/KXNGFV,TRUE
doi:10.7910/DVN/MO2APA,TRUE
doi:10.7910/DVN/3OSMPR,TRUE
doi:10.7910/DVN/Z4SB4S,TRUE
doi:10.7910/DVN/RX0XDI,TRUE
doi:10.7910/DVN/JY33V1,TRUE
doi:10.7910/DVN/SMURB9,TRUE
doi:10.7910/DVN/W43YOR,TRUE
doi:10.7910/DVN/ZPGGNM,TRUE
doi:10.7910/DVN/TCOCOF,TRUE
doi:10.7910/DVN/OCMMUJ,TRUE
doi:10.7910/DVN/AWPCOR,TRUE
doi:10.7910/DVN/ETDDOR,TRUE
doi:10.7910/DVN/BT0AUJ,TRUE
doi:10.7910/DVN/Y0PQSG,TRUE
doi:10.7910/DVN/AEKC9C,TRUE
doi:10.7910/DVN/RS7NTK,TRUE
doi:10.7910/DVN/IJBRBV,TRUE
doi:10.7910/DVN/EGZPTL,TRUE
doi:10.7910/DVN/P5ZCES,TRUE
doi:10.7910/DVN/8QTMME,TRUE
doi:10.7910/DVN/EYYEWD,TRUE
doi:10.7910/DVN/QVLZGA,TRUE
doi:10.7910/DVN/CXHNBD,TRUE
doi:10.7910/DVN/SPZE1Q,TRUE
doi:10.7910/DVN/KHXU5Z,TRUE
doi:10.7910/DVN/ZFJN1S,TRUE
doi:10.7910/DVN/R5VV6Y,TRUE
doi:10.7910/DVN/ORGJEQ,TRUE
doi:10.7910/DVN/QDIZTH,TRUE
doi:10.7910/DVN/TDUKXO,TRUE
doi:10.7910/DVN/WN5FU2,TRUE
doi:10.7910/DVN/OE6HA0,TRUE
doi:10.7910/DVN/BVTWB7,TRUE
doi:10.7910/DVN/BYMPB9,TRUE
doi:10.7910/DVN/CHB72T,TRUE
doi:10.7910/DVN/XJPOH6,TRUE
doi:10.7910/DVN/GPOM2Y,TRUE
doi:10.7910/DVN/T9QL75,TRUE
doi:10.7910/DVN/HDOH1Q,TRUE
doi:10.7910/DVN/BC1RVB,TRUE
doi:10.7910/DVN/NMQPOZ,TRUE
doi:10.7910/DVN/GIG4K9,TRUE
doi:10.7910/DVN/LVUZ9V,TRUE
doi:10.7910/DVN/J3PK27,TRUE
doi:10.7910/DVN/HXU0XD,TRUE
doi:10.7910/DVN/XGU82S,TRUE
doi:10.7910/DVN/XB2HOX,TRUE
doi:10.7910/DVN/A9SIT7,TRUE
doi:10.7910/DVN/FQNNCS,TRUE
doi:10.7910/DVN/RUYEMR,TRUE
doi:10.7910/DVN/EDNCQO,TRUE
doi:10.7910/DVN/1BJ5TI,TRUE
doi:10.7910/DVN/CKHFB8,TRUE
doi:10.7910/DVN/WRXA1T,TRUE
doi:10.7910/DVN/IC5MEB,TRUE
doi:10.7910/DVN/NR7IWQ,TRUE
doi:10.7910/DVN/BWZBPL,TRUE
doi:10.7910/DVN/RGVPVO,TRUE
doi:10.7910/DVN/5KQTQX,TRUE
doi:10.7910/DVN/GKLXUS,TRUE
doi:10.7910/DVN/UFHLVZ,TRUE
doi:10.7910/DVN/R9NLEX,TRUE
doi:10.7910/DVN/WL7R8X,TRUE
doi:10.7910/DVN/LSIW83,TRUE
doi:10.7910/DVN/KA3QWH,TRUE
doi:10.7910/DVN/H0UZQG,TRUE
doi:10.7910/DVN/5I7XER,TRUE
doi:10.7910/DVN/84XVMR,TRUE
doi:10.7910/DVN/FD9ARU,TRUE
doi:10.7910/DVN/EGC5OT,TRUE
doi:10.7910/DVN/UOVFPX,TRUE
doi:10.7910/DVN/QUOLN2,TRUE
doi:10.7910/DVN/KUCSFY,TRUE
doi:10.7910/DVN/ESANIE,TRUE
doi:10.7910/DVN/BLE9EJ,TRUE
doi:10.7910/DVN/WNB5YZ,TRUE
doi:10.7910/DVN/RDB88W,TRUE
doi:10.7910/DVN/DJZ2CI,TRUE
doi:10.7910/DVN/QU9B27,TRUE
doi:10.7910/DVN/4LBBZR,TRUE
doi:10.7910/DVN/PEA8E5,TRUE
doi:10.7910/DVN/X9A5KV,TRUE
doi:10.7910/DVN/K7EBS7,TRUE
doi:10.7910/DVN/DCZSGG,TRUE
doi:10.7910/DVN/XCFT7E,TRUE
doi:10.7910/DVN/P7MAVB,TRUE
doi:10.7910/DVN/1JGUCF,TRUE
doi:10.7910/DVN/KMZETR,TRUE
doi:10.7910/DVN/S0NIP5,TRUE
doi:10.7910/DVN/J5KHKR,TRUE
doi:10.7910/DVN/X1RGQU,TRUE
doi:10.7910/DVN/DUQHB5,TRUE
doi:10.7910/DVN/84AR8O,TRUE
doi:10.7910/DVN/F9UFNU,TRUE
doi:10.7910/DVN/IOYRQT,TRUE
doi:10.7910/DVN/OIKDKD,TRUE
doi:10.7910/DVN/RZ4IW2,TRUE
doi:10.7910/DVN/UYORM6,TRUE
doi:10.7910/DVN/I7CH6Y,TRUE
doi:10.7910/DVN/OFD597,TRUE
doi:10.7910/DVN/JHN4ZV,TRUE
doi:10.7910/DVN/2SNLXL,TRUE
doi:10.7910/DVN/HSPX1O,TRUE
doi:10.7910/DVN/BFPGCK,TRUE
doi:10.7910/DVN/9O3AUM,TRUE
doi:10.7910/DVN/DAPFKN,TRUE
doi:10.7910/DVN/1WRDXX,TRUE
doi:10.7910/DVN/VVVQKL,TRUE
doi:10.7910/DVN/9LQZEG,TRUE
doi:10.7910/DVN/J0WDQH,TRUE
doi:10.7910/DVN/WBUNLS,TRUE
doi:10.7910/DVN/2TULRH,TRUE
doi:10.7910/DVN/1ABHFG,TRUE
doi:10.7910/DVN/YTVPO0,TRUE
doi:10.7910/DVN/YY1TNV,TRUE
doi:10.7910/DVN/SJYEPL,TRUE
doi:10.7910/DVN/943BBH,TRUE
doi:10.7910/DVN/0RIRZ7,TRUE
doi:10.7910/DVN/2IXZKX,TRUE
doi:10.7910/DVN/0VRQVW,TRUE
doi:10.7910/DVN/YQXLVU,TRUE
doi:10.7910/DVN/IILRAQ,TRUE
doi:10.7910/DVN/J8CSQP,TRUE
doi:10.7910/DVN/NR13QX,TRUE
doi:10.7910/DVN/WDHBBL,TRUE
doi:10.7910/DVN/ZIZWSZ,TRUE
doi:10.7910/DVN/V79RLL,TRUE
doi:10.7910/DVN/4BPAZA,TRUE
doi:10.7910/DVN/AHWCYD,TRUE
doi:10.7910/DVN/WHCHMD,TRUE
doi:10.7910/DVN/POMQOD,TRUE
doi:10.7910/DVN/QWT0SC,TRUE
doi:10.7910/DVN/DQKXFG,TRUE
doi:10.7910/DVN/EPLL9H,TRUE
doi:10.7910/DVN/2DEYV0,TRUE
doi:10.7910/DVN/BLHTTF,TRUE
doi:10.7910/DVN/PSP4CX,TRUE
doi:10.7910/DVN/HYADAE,TRUE
doi:10.7910/DVN/WS3BL9,TRUE
doi:10.7910/DVN/QSV2C6,TRUE
doi:10.7910/DVN/FMOS5D,TRUE
doi:10.7910/DVN/TDLGCK,TRUE
doi:10.7910/DVN/ERG63G,TRUE
doi:10.7910/DVN/XPJ6D5,TRUE
doi:10.7910/DVN/FD9FVO,TRUE
doi:10.7910/DVN/MQXT1A,TRUE
doi:10.7910/DVN/LARR6Q,TRUE
doi:10.7910/DVN/ULODMX,TRUE
doi:10.7910/DVN/WAWIBT,TRUE
doi:10.7910/DVN/TPANMS,TRUE
doi:10.7910/DVN/IP7KHP,TRUE
doi:10.7910/DVN/JHEDX5,TRUE
doi:10.7910/DVN/FFQYNO,TRUE
doi:10.7910/DVN/U8SA7L,TRUE
doi:10.7910/DVN/MJPNGS,TRUE
doi:10.7910/DVN/KD6ZJE,TRUE
doi:10.7910/DVN/B1U2ZR,TRUE
doi:10.7910/DVN/CWXRQJ,TRUE
doi:10.7910/DVN/RHSHOD,TRUE
doi:10.7910/DVN/XLJHXD,TRUE
doi:10.7910/DVN/YP0RFE,TRUE
doi:10.7910/DVN/TCAWWS,TRUE
doi:10.7910/DVN/IHYSVP,TRUE
doi:10.7910/DVN/HG7HFY,TRUE
doi:10.7910/DVN/MXI4OO,TRUE
doi:10.7910/DVN/SOER6M,TRUE
doi:10.7910/DVN/U1XGUH,TRUE
doi:10.7910/DVN/HTGRVV,TRUE
doi:10.7910/DVN/RALAQC,TRUE
doi:10.7910/DVN/RMVTFG,TRUE
doi:10.7910/DVN/MD15MY,TRUE
doi:10.7910/DVN/XAVFZQ,TRUE
doi:10.7910/DVN/EYNIND,TRUE
doi:10.7910/DVN/WJXMZG,TRUE
doi:10.7910/DVN/J2YJXF,TRUE
doi:10.7910/DVN/GRBJDT,TRUE
doi:10.7910/DVN/CU5PFG,TRUE
doi:10.7910/DVN/KTXVHE,TRUE
doi:10.7910/DVN/BJTMTN,TRUE
doi:10.7910/DVN/MTROQZ,TRUE
doi:10.7910/DVN/ZSXL7Y,TRUE
doi:10.7910/DVN/ZQDR7Q,TRUE
doi:10.7910/DVN/KTPPEG,TRUE
doi:10.7910/DVN/7FUDLZ,TRUE
doi:10.7910/DVN/ROLPM8,TRUE
doi:10.7910/DVN/UYKLRU,TRUE
doi:10.7910/DVN/Q82RFV,TRUE
doi:10.7910/DVN/STAHIW,TRUE
doi:10.7910/DVN/NEJOIX,TRUE
doi:10.7910/DVN/CIQQSS,TRUE
doi:10.7910/DVN/MZWODB,TRUE
doi:10.7910/DVN/DUPP97,TRUE
doi:10.7910/DVN/3FRSOO,TRUE
doi:10.7910/DVN/LLIUQH,TRUE
doi:10.7910/DVN/UEEMUC,TRUE
doi:10.7910/DVN/9OTNVT,TRUE
doi:10.7910/DVN/LOSLZV,TRUE
doi:10.7910/DVN/PPMFJC,TRUE
doi:10.7910/DVN/OVBE2L,TRUE
doi:10.7910/DVN/DFNQER,TRUE
doi:10.7910/DVN/BV8XY6,TRUE
doi:10.7910/DVN/GYR2LY,TRUE
doi:10.7910/DVN/XYXQCT,TRUE
doi:10.7910/DVN/BG1BLO,TRUE
doi:10.7910/DVN/VYMPUR,TRUE
doi:10.7910/DVN/QYVEEM,TRUE
doi:10.7910/DVN/XHVKKJ,TRUE
doi:10.7910/DVN/RJI1RV,TRUE
doi:10.7910/DVN/LTNWJT,TRUE
doi:10.7910/DVN/I8KQSC,TRUE
doi:10.7910/DVN/C0I7TS,TRUE
doi:10.7910/DVN/JHZ6YZ,TRUE
doi:10.7910/DVN/V5OMOU,TRUE
doi:10.7910/DVN/ADSS1V,TRUE
doi:10.7910/DVN/CX9HYU,TRUE
doi:10.7910/DVN/JLELRC,TRUE
doi:10.7910/DVN/G3CAS7,TRUE
doi:10.7910/DVN/D1X4NU,TRUE
doi:10.7910/DVN/GDT8GX,TRUE
doi:10.7910/DVN/EDUIVS,TRUE
doi:10.7910/DVN/O1PXAT,TRUE
doi:10.7910/DVN/ICARMG,TRUE
doi:10.7910/DVN/XIBEKV,TRUE
doi:10.7910/DVN/9KHOVV,TRUE
doi:10.7910/DVN/IKSHGR,TRUE
doi:10.7910/DVN/T1TXNX,TRUE
doi:10.7910/DVN/9G9KMK,TRUE
doi:10.7910/DVN/LUNL8O,TRUE
doi:10.7910/DVN/EQSZG5,TRUE
doi:10.7910/DVN/I7C1WI,TRUE
doi:10.7910/DVN/C8ZX7T,TRUE
doi:10.7910/DVN/HWEH7E,TRUE
doi:10.7910/DVN/8OBHLQ,TRUE
doi:10.7910/DVN/9NZVFP,TRUE
doi:10.7910/DVN/SEMYFC,TRUE
doi:10.7910/DVN/ATPNXJ,TRUE
doi:10.7910/DVN/ZBLUUK,TRUE
doi:10.7910/DVN/NVBV7I,TRUE
doi:10.7910/DVN/7NTSNW,TRUE
doi:10.7910/DVN/LCMJRQ,TRUE
doi:10.7910/DVN/P2YRXR,TRUE
doi:10.7910/DVN/CB7TKG,TRUE
doi:10.7910/DVN/PJMXDN,TRUE
doi:10.7910/DVN/DEQONY,TRUE
doi:10.7910/DVN/W2VQL3,TRUE
doi:10.7910/DVN/WKGPZU,TRUE
doi:10.7910/DVN/EG4KY1,TRUE
doi:10.7910/DVN/CPLLHI,TRUE
doi:10.7910/DVN/0K92U0,TRUE
doi:10.7910/DVN/TVS1Q1,TRUE
doi:10.7910/DVN/E8PCB5,TRUE
doi:10.7910/DVN/O1SXUG,TRUE
doi:10.7910/DVN/SHQZOJ,TRUE
doi:10.7910/DVN/ADFC2V,TRUE
doi:10.7910/DVN/5D0OE0,TRUE
doi:10.7910/DVN/FLMFBC,TRUE
doi:10.7910/DVN/5TDMWZ,TRUE
doi:10.7910/DVN/LGUQ7L,TRUE
doi:10.7910/DVN/IHV5DY,TRUE
doi:10.7910/DVN/BTWUFN,TRUE
doi:10.7910/DVN/JFFICU,TRUE
doi:10.7910/DVN/JCDTQ9,TRUE
doi:10.7910/DVN/GSBRW7,TRUE
doi:10.7910/DVN/NKZB0W,TRUE
doi:10.7910/DVN/F52PLZ,TRUE
doi:10.7910/DVN/CN7WOU,TRUE
doi:10.7910/DVN/4FCSWH,TRUE
doi:10.7910/DVN/S2F266,TRUE
doi:10.7910/DVN/LDMI8V,TRUE
doi:10.7910/DVN/SX0HMU,TRUE
doi:10.7910/DVN/UO5DOW,TRUE
doi:10.7910/DVN/JGUS2W,TRUE
doi:10.7910/DVN/Z4JLZR,TRUE
doi:10.7910/DVN/FYKUXS,TRUE
doi:10.7910/DVN/COD6AZ,TRUE
doi:10.7910/DVN/I20PM1,TRUE
doi:10.7910/DVN/NWKUUI,TRUE
doi:10.7910/DVN/JEVLOL,TRUE
doi:10.7910/DVN/CFIQMN,TRUE
doi:10.7910/DVN/ABRR7A,TRUE
doi:10.7910/DVN/GQDJ3C,TRUE
doi:10.7910/DVN/ELCF2B,TRUE
doi:10.7910/DVN/8JXJOA,TRUE
doi:10.7910/DVN/CO46TZ,TRUE
doi:10.7910/DVN/QW81BR,TRUE
doi:10.7910/DVN/NG1AYP,TRUE
doi:10.7910/DVN/4ME8SZ,TRUE
doi:10.7910/DVN/LHTZ2D,TRUE
doi:10.7910/DVN/TYEKMV,TRUE
doi:10.7910/DVN/YARLZE,TRUE
doi:10.7910/DVN/LYT9NL,TRUE
doi:10.7910/DVN/GVOFXV,TRUE
doi:10.7910/DVN/EEHJAY,TRUE
doi:10.7910/DVN/YDE2YZ,TRUE
doi:10.7910/DVN/81KD6N,TRUE
doi:10.7910/DVN/QBL9KN,TRUE
doi:10.7910/DVN/S3588E,TRUE
doi:10.7910/DVN/DDUZZT,TRUE
doi:10.7910/DVN/MRDBOY,TRUE
doi:10.7910/DVN/TLYDY9,TRUE
doi:10.7910/DVN/HBMKCV,TRUE
doi:10.7910/DVN/WWPDGW,TRUE
doi:10.7910/DVN/XU63UK,TRUE
doi:10.7910/DVN/APLNYX,TRUE
doi:10.7910/DVN/UX3XPG,TRUE
doi:10.7910/DVN/YM2D72,TRUE
doi:10.7910/DVN/9CAW7X,TRUE
doi:10.7910/DVN/5QCWSV,TRUE
doi:10.7910/DVN/1O1YQ5,TRUE
doi:10.7910/DVN/NAXADR,TRUE
doi:10.7910/DVN/PPWFXD,TRUE
doi:10.7910/DVN/4M2CV0,TRUE
doi:10.7910/DVN/VHIWZU,TRUE
doi:10.7910/DVN/ULHWF6,TRUE
doi:10.7910/DVN/J5DVX9,TRUE
doi:10.7910/DVN/NO3UMD,TRUE
doi:10.7910/DVN/PF7ANW,TRUE
doi:10.7910/DVN/WNLZ7X,TRUE
doi:10.7910/DVN/NF5WDR,TRUE
doi:10.7910/DVN/NIIMQP,TRUE
doi:10.7910/DVN/WO7J9W,TRUE
doi:10.7910/DVN/GC2Z8I,TRUE
doi:10.7910/DVN/LKC8X2,TRUE
doi:10.7910/DVN/ASJWLK,TRUE
doi:10.7910/DVN/N59LMU,TRUE
doi:10.7910/DVN/WDXS1I,TRUE
doi:10.7910/DVN/6R9NU4,TRUE
doi:10.7910/DVN/UAQVO5,TRUE
doi:10.7910/DVN/2OGMSZ,TRUE
doi:10.7910/DVN/GE3A8G,TRUE
doi:10.7910/DVN/GHNURD,TRUE
doi:10.7910/DVN/KANWTL,TRUE
doi:10.7910/DVN/YRTTUA,TRUE
doi:10.7910/DVN/CMSLYC,TRUE
doi:10.7910/DVN/TAIHYN,TRUE
doi:10.7910/DVN/KWHZFS,TRUE
doi:10.7910/DVN/I7MSAU,TRUE
doi:10.7910/DVN/VTQHAZ,TRUE
doi:10.7910/DVN/YQG7GP,TRUE
doi:10.7910/DVN/OYGGGY,TRUE
doi:10.7910/DVN/CSL95M,TRUE
doi:10.7910/DVN/HI9CWY,TRUE
doi:10.7910/DVN/XEOFOB,TRUE
doi:10.7910/DVN/C9QT0S,TRUE
doi:10.7910/DVN/7TTG9R,TRUE
doi:10.7910/DVN/SGMVVJ,TRUE
doi:10.7910/DVN/URVVYC,TRUE
doi:10.7910/DVN/OCOKV3,TRUE
doi:10.7910/DVN/6L7DAF,TRUE
doi:10.7910/DVN/AE4FL0,TRUE
doi:10.7910/DVN/SMKFYV,TRUE
doi:10.7910/DVN/GD5FHG,TRUE
doi:10.7910/DVN/OAQAOH,TRUE
doi:10.7910/DVN/CKYV54,TRUE
doi:10.7910/DVN/XJZ8L6,TRUE
doi:10.7910/DVN/J1HA3B,TRUE
doi:10.7910/DVN/QOP8K5,TRUE
doi:10.7910/DVN/3VVJT0,TRUE
doi:10.7910/DVN/QA5KHH,TRUE
doi:10.7910/DVN/W8PBET,TRUE
doi:10.7910/DVN/XA1KZW,TRUE
doi:10.7910/DVN/Y29MAR,TRUE
doi:10.7910/DVN/JTYTTH,TRUE
doi:10.7910/DVN/SJPMLJ,TRUE
doi:10.7910/DVN/ESHYSZ,TRUE
doi:10.7910/DVN/H5WCO4,TRUE
doi:10.7910/DVN/UP8N9Z,TRUE
doi:10.7910/DVN/4OC9WF,TRUE
doi:10.7910/DVN/TW90SR,TRUE
doi:10.7910/DVN/TE2TQV,TRUE
doi:10.7910/DVN/4ORPIV,TRUE
doi:10.7910/DVN/D87FNC,TRUE
doi:10.7910/DVN/K9QAKJ,TRUE
doi:10.7910/DVN/CU7ILF,TRUE
doi:10.7910/DVN/WZLYHZ,TRUE
doi:10.7910/DVN/ZXVD2T,TRUE
doi:10.7910/DVN/GYDI7N,TRUE
doi:10.7910/DVN/HMA2R8,TRUE
doi:10.7910/DVN/V2OIXI,TRUE
doi:10.7910/DVN/M1M1UN,TRUE
doi:10.7910/DVN/FZXNMU,TRUE
doi:10.7910/DVN/WVUD57,TRUE
doi:10.7910/DVN/21J3SF,TRUE
doi:10.7910/DVN/X04CUG,TRUE
doi:10.7910/DVN/Y2O2RX,TRUE
doi:10.7910/DVN/PYYT1I,TRUE
doi:10.7910/DVN/V0WWWO,TRUE
doi:10.7910/DVN/DQTBEJ,TRUE
doi:10.7910/DVN/D4F9HZ,TRUE
doi:10.7910/DVN/HI4DIL,TRUE
doi:10.7910/DVN/VZNUZT,TRUE
doi:10.7910/DVN/EXZCZD,TRUE
doi:10.7910/DVN/TSF8D4,TRUE
doi:10.7910/DVN/DTMDEL,TRUE
doi:10.7910/DVN/YLHVAS,TRUE
doi:10.7910/DVN/BHPP3I,TRUE
doi:10.7910/DVN/V9M6GY,TRUE
doi:10.7910/DVN/MESREC,TRUE
doi:10.7910/DVN/NEBODL,TRUE
doi:10.7910/DVN/HLXA6R,TRUE
doi:10.7910/DVN/MH0LQ1,TRUE
doi:10.7910/DVN/WKOWAU,TRUE
doi:10.7910/DVN/LYPBPB,TRUE
doi:10.7910/DVN/DDZZ6V,TRUE
doi:10.7910/DVN/NR3HKC,TRUE
doi:10.7910/DVN/DPC09Y,TRUE
doi:10.7910/DVN/7MYYRG,TRUE
doi:10.7910/DVN/7G08ZF,TRUE
doi:10.7910/DVN/LHNBJT,TRUE
doi:10.7910/DVN/LLEDIB,TRUE
doi:10.7910/DVN/4HKMJ3,TRUE
doi:10.7910/DVN/2FTXPI,TRUE
doi:10.7910/DVN/ZN8KVM,TRUE
doi:10.7910/DVN/CUAAHB,TRUE
doi:10.7910/DVN/8EDRAK,TRUE
doi:10.7910/DVN/2RN1NX,TRUE
doi:10.7910/DVN/JEOL0O,TRUE
doi:10.7910/DVN/D1FWDB,TRUE
doi:10.7910/DVN/P6GXIG,TRUE
doi:10.7910/DVN/SMLHRE,TRUE
doi:10.7910/DVN/QQNLKV,TRUE
doi:10.7910/DVN/T3ZWLI,TRUE
doi:10.7910/DVN/HTMNDK,TRUE
doi:10.7910/DVN/92CIPF,TRUE
doi:10.7910/DVN/YK409W,TRUE
doi:10.7910/DVN/DK856W,TRUE
doi:10.7910/DVN/UV1E4C,TRUE
doi:10.7910/DVN/311DA2,TRUE
doi:10.7910/DVN/UKQ3K7,TRUE
doi:10.7910/DVN/5AAEI9,TRUE
doi:10.7910/DVN/PTTAZB,TRUE
doi:10.7910/DVN/MWCEHD,TRUE
doi:10.7910/DVN/XBJNEW,TRUE
doi:10.7910/DVN/2EBGFO,TRUE
doi:10.7910/DVN/WPFD2J,TRUE
doi:10.7910/DVN/0BQY64,TRUE
doi:10.7910/DVN/O03QWH,TRUE
doi:10.7910/DVN/AEGPMC,TRUE
doi:10.7910/DVN/KB76RX,TRUE
doi:10.7910/DVN/4EKFOT,TRUE
doi:10.7910/DVN/IVZANJ,TRUE
doi:10.7910/DVN/E99J5F,TRUE
doi:10.7910/DVN/YUTCET,TRUE
doi:10.7910/DVN/CPYT0Y,TRUE
doi:10.7910/DVN/JP6WJG,TRUE
doi:10.7910/DVN/PACV7Q,TRUE
doi:10.7910/DVN/H9IW6L,TRUE
doi:10.7910/DVN/73M6FG,TRUE
doi:10.7910/DVN/EDUT8G,TRUE
doi:10.7910/DVN/77EP55,TRUE
doi:10.7910/DVN/UFOHA4,TRUE
doi:10.7910/DVN/IKVHD5,TRUE
doi:10.7910/DVN/I49IMZ,TRUE
doi:10.7910/DVN/FFKUSY,TRUE
doi:10.7910/DVN/0LIFRX,TRUE
doi:10.7910/DVN/VIPYGO,TRUE
doi:10.7910/DVN/BOYMWN,TRUE
doi:10.7910/DVN/CDVEGJ,TRUE
doi:10.7910/DVN/BXYQDL,TRUE
doi:10.7910/DVN/N8RYRX,TRUE
doi:10.7910/DVN/CDWMO7,TRUE
doi:10.7910/DVN/P7FCNM,TRUE
doi:10.7910/DVN/RWLTUC,TRUE
doi:10.7910/DVN/1RUOJ7,TRUE
doi:10.7910/DVN/ZNWGWX,TRUE
doi:10.7910/DVN/BVWO2U,TRUE
doi:10.7910/DVN/S5SL1A,TRUE
doi:10.7910/DVN/PSIUAY,TRUE
doi:10.7910/DVN/MTS2TX,TRUE
doi:10.7910/DVN/BR6J9G,TRUE
doi:10.7910/DVN/OXKU8W,TRUE
doi:10.7910/DVN/3WJWO4,TRUE
doi:10.7910/DVN/ENUUEZ,TRUE
doi:10.7910/DVN/S1FLHU,TRUE
doi:10.7910/DVN/N8GWHL,TRUE
doi:10.7910/DVN/CYPTUL,TRUE
doi:10.7910/DVN/DUUITM,TRUE
doi:10.7910/DVN/LPUQET,TRUE
doi:10.7910/DVN/GRGQF4,TRUE
doi:10.7910/DVN/FJ4BHB,TRUE
doi:10.7910/DVN/MMPK67,TRUE
doi:10.7910/DVN/9Z5Y7C,TRUE
doi:10.7910/DVN/ZAQFNP,TRUE
doi:10.7910/DVN/GKCV0F,TRUE
doi:10.7910/DVN/DQS3GO,TRUE
doi:10.7910/DVN/OQKOX8,TRUE
doi:10.7910/DVN/RXIZVX,TRUE
doi:10.7910/DVN/LCKZMO,TRUE
doi:10.7910/DVN/VQXRFS,TRUE
doi:10.7910/DVN/LCFFQZ,TRUE
doi:10.7910/DVN/5WD10P,TRUE
doi:10.7910/DVN/JJPQD2,TRUE
doi:10.7910/DVN/ZYW5D9,TRUE
doi:10.7910/DVN/KG09KW,TRUE
doi:10.7910/DVN/WI1KVZ,TRUE
doi:10.7910/DVN/0K1W8U,TRUE
doi:10.7910/DVN/FXIVIA,TRUE
doi:10.7910/DVN/UOZ96D,TRUE
doi:10.7910/DVN/IDTYQG,TRUE
doi:10.7910/DVN/7HULPU,TRUE
doi:10.7910/DVN/8SFTRL,TRUE
doi:10.7910/DVN/1SRIGF,TRUE
doi:10.7910/DVN/SFDTUE,TRUE
doi:10.7910/DVN/3VFLIJ,TRUE
doi:10.7910/DVN/PUGAML,TRUE
doi:10.7910/DVN/XBUOTI,TRUE
doi:10.7910/DVN/BED3GZ,TRUE
doi:10.7910/DVN/87FBC5,TRUE
doi:10.7910/DVN/B8YO3T,TRUE
doi:10.7910/DVN/ZUR4DJ,TRUE
doi:10.7910/DVN/ZCQQVZ,TRUE
doi:10.7910/DVN/FO1HZS,TRUE
doi:10.7910/DVN/YU8EEV,TRUE
doi:10.7910/DVN/HBE8J7,TRUE
doi:10.7910/DVN/UYDF5C,TRUE
doi:10.7910/DVN/4ZFG0F,TRUE
doi:10.7910/DVN/118XUE,TRUE
doi:10.7910/DVN/ADRAEE,TRUE
doi:10.7910/DVN/AJOJOG,TRUE
doi:10.7910/DVN/MCSSOY,TRUE
doi:10.7910/DVN/YHGZ87,TRUE
doi:10.7910/DVN/K0APWL,TRUE
doi:10.7910/DVN/3LTOVM,TRUE
doi:10.7910/DVN/7NPYJ9,TRUE
doi:10.7910/DVN/0UHV83,TRUE
doi:10.7910/DVN/BSE4BB,TRUE
doi:10.7910/DVN/5YGIBX,TRUE
doi:10.7910/DVN/XERHNV,TRUE
doi:10.7910/DVN/CQBCOG,TRUE
doi:10.7910/DVN/XUJ30Z,TRUE
doi:10.7910/DVN/0CN5OY,TRUE
doi:10.7910/DVN/S4I5R0,TRUE
doi:10.7910/DVN/O6NMAS,TRUE
doi:10.7910/DVN/81SWJM,TRUE
doi:10.7910/DVN/YGGHFT,TRUE
doi:10.7910/DVN/DLKPZ1,TRUE
doi:10.7910/DVN/W8GSYK,TRUE
doi:10.7910/DVN/DDOLKL,TRUE
doi:10.7910/DVN/ZVWTNF,TRUE
doi:10.7910/DVN/CYTNP7,TRUE
doi:10.7910/DVN/GOJ0GJ,TRUE
doi:10.7910/DVN/MIXBWS,TRUE
doi:10.7910/DVN/17Z3T4,TRUE
doi:10.7910/DVN/OEXFDQ,TRUE
doi:10.7910/DVN/DZ64CX,TRUE
doi:10.7910/DVN/A2Z4OG,TRUE
doi:10.7910/DVN/JUHVT3,TRUE
doi:10.7910/DVN/NOHMQQ,TRUE
doi:10.7910/DVN/BDIO6Q,TRUE
doi:10.7910/DVN/O6CW4L,TRUE
doi:10.7910/DVN/K5B5P0,TRUE
doi:10.7910/DVN/WJ5OTM,TRUE
doi:10.7910/DVN/OETX2J,TRUE
doi:10.7910/DVN/1J0JOX,TRUE
doi:10.7910/DVN/ULBZQC,TRUE
doi:10.7910/DVN/PWRPFI,TRUE
doi:10.7910/DVN/0HXYBP,TRUE
doi:10.7910/DVN/C84WKY,TRUE
doi:10.7910/DVN/QOFH5M,TRUE
doi:10.7910/DVN/BQYXF5,TRUE
doi:10.7910/DVN/VTUJOA,TRUE
doi:10.7910/DVN/9UYAFU,TRUE
doi:10.7910/DVN/EAJ6FU,TRUE
doi:10.7910/DVN/1HK2QD,TRUE
doi:10.7910/DVN/QVDKEM,TRUE
doi:10.7910/DVN/UFQPIF,TRUE
doi:10.7910/DVN/M9LJT8,TRUE
doi:10.7910/DVN/MSPYZ5,TRUE
doi:10.7910/DVN/NCS5JD,TRUE
doi:10.7910/DVN/EXFTAX,TRUE