title,doi,access_link
A85_1.JPG,doi:10.7910/DVN/TJIJ02,https://dataverse.harvard.edu/api/access/datafile/4882385
A85_6.jpg,doi:10.7910/DVN/H0AVAM,https://dataverse.harvard.edu/api/access/datafile/4882386
A85_8.jpg,doi:10.7910/DVN/5QVTRQ,https://dataverse.harvard.edu/api/access/datafile/4882387
A85_9.jpg,doi:10.7910/DVN/FJCPKG,https://dataverse.harvard.edu/api/access/datafile/4882388
A85_11.jpg,doi:10.7910/DVN/5HASK4,https://dataverse.harvard.edu/api/access/datafile/4882389
A85_12.jpg,doi:10.7910/DVN/V04LA9,https://dataverse.harvard.edu/api/access/datafile/4882390
A85_14.jpg,doi:10.7910/DVN/CWIXYY,https://dataverse.harvard.edu/api/access/datafile/4882391
A85_15.jpg,doi:10.7910/DVN/YEECKB,https://dataverse.harvard.edu/api/access/datafile/4882392
A85_16.jpg,doi:10.7910/DVN/H8ZAHR,https://dataverse.harvard.edu/api/access/datafile/4882393
A85_17.jpg,doi:10.7910/DVN/IWXQ6X,https://dataverse.harvard.edu/api/access/datafile/4882394
A85_18.jpg,doi:10.7910/DVN/WZHHP2,https://dataverse.harvard.edu/api/access/datafile/4882395
A85_19.jpg,doi:10.7910/DVN/OFI8IB,https://dataverse.harvard.edu/api/access/datafile/4882396
A85_20.jpg,doi:10.7910/DVN/UAPVIP,https://dataverse.harvard.edu/api/access/datafile/4882397
A85_22.jpg,doi:10.7910/DVN/WTRPDF,https://dataverse.harvard.edu/api/access/datafile/4882398
A85_24.jpg,doi:10.7910/DVN/SZRDN5,https://dataverse.harvard.edu/api/access/datafile/4882399
A85_26.jpg,doi:10.7910/DVN/2CPL4C,https://dataverse.harvard.edu/api/access/datafile/4882400
A85_27.jpg,doi:10.7910/DVN/NTBRVG,https://dataverse.harvard.edu/api/access/datafile/4882401
A85_29.jpg,doi:10.7910/DVN/QAAXCN,https://dataverse.harvard.edu/api/access/datafile/4882402
A85_33.jpg,doi:10.7910/DVN/M0HA6F,https://dataverse.harvard.edu/api/access/datafile/4882403
A85_34.jpg,doi:10.7910/DVN/KSU3PO,https://dataverse.harvard.edu/api/access/datafile/4882404
A85_35.jpg,doi:10.7910/DVN/P1IFP0,https://dataverse.harvard.edu/api/access/datafile/4882405
A85_36.jpg,doi:10.7910/DVN/IQBXJG,https://dataverse.harvard.edu/api/access/datafile/4882406
A85_40.jpg,doi:10.7910/DVN/FZVMO8,https://dataverse.harvard.edu/api/access/datafile/4882407
A85_41a.JPG,doi:10.7910/DVN/4RKDCX,https://dataverse.harvard.edu/api/access/datafile/4882408
A85_41b.JPG,doi:10.7910/DVN/AM1AAD,https://dataverse.harvard.edu/api/access/datafile/4882409
A85_42.jpg,doi:10.7910/DVN/6OC1BA,https://dataverse.harvard.edu/api/access/datafile/4882410
A85_43a.JPG,doi:10.7910/DVN/SWHIKP,https://dataverse.harvard.edu/api/access/datafile/4882411
A85_43b.JPG,doi:10.7910/DVN/VOIDPB,https://dataverse.harvard.edu/api/access/datafile/4882412
A85_44.jpg,doi:10.7910/DVN/8PBL5G,https://dataverse.harvard.edu/api/access/datafile/4882413
A85_46.jpg,doi:10.7910/DVN/X2Q8JZ,https://dataverse.harvard.edu/api/access/datafile/4882414
A85_47.jpg,doi:10.7910/DVN/VBOX9R,https://dataverse.harvard.edu/api/access/datafile/4882415
A85_50.jpg,doi:10.7910/DVN/NH8RB4,https://dataverse.harvard.edu/api/access/datafile/4882416
A85_95a.jpg,doi:10.7910/DVN/WDPCVD,https://dataverse.harvard.edu/api/access/datafile/4882417
A85_102.jpg,doi:10.7910/DVN/BNXNB9,https://dataverse.harvard.edu/api/access/datafile/4882418
A85_103.jpg,doi:10.7910/DVN/CRGZKH,https://dataverse.harvard.edu/api/access/datafile/4882419
A85_104.jpg,doi:10.7910/DVN/WWRH7J,https://dataverse.harvard.edu/api/access/datafile/4882420
A85_108.jpg,doi:10.7910/DVN/WVPQDU,https://dataverse.harvard.edu/api/access/datafile/4882421
A85_130.jpg,doi:10.7910/DVN/DJCC1O,https://dataverse.harvard.edu/api/access/datafile/4882422
A85_131.jpg,doi:10.7910/DVN/3P2PDB,https://dataverse.harvard.edu/api/access/datafile/4882423
A85_132.jpg,doi:10.7910/DVN/WNVDCK,https://dataverse.harvard.edu/api/access/datafile/4882424
A85_133.jpg,doi:10.7910/DVN/0QAKQS,https://dataverse.harvard.edu/api/access/datafile/4882425
A85_134.jpg,doi:10.7910/DVN/CNUZKF,https://dataverse.harvard.edu/api/access/datafile/4882426
A85_135.jpg,doi:10.7910/DVN/AE22XL,https://dataverse.harvard.edu/api/access/datafile/4882427
A85_136.jpg,doi:10.7910/DVN/LJIR2V,https://dataverse.harvard.edu/api/access/datafile/4882428
A85_137.jpg,doi:10.7910/DVN/2M5RLV,https://dataverse.harvard.edu/api/access/datafile/4882429
A85_138a.jpg,doi:10.7910/DVN/DL827M,https://dataverse.harvard.edu/api/access/datafile/4882430
A85_138B.jpg,doi:10.7910/DVN/2MKD46,https://dataverse.harvard.edu/api/access/datafile/4882431
A85_139.jpg,doi:10.7910/DVN/EGDGLK,https://dataverse.harvard.edu/api/access/datafile/4882432
A85_140.jpg,doi:10.7910/DVN/57YNEP,https://dataverse.harvard.edu/api/access/datafile/4882433
A85_141.jpg,doi:10.7910/DVN/ZGMZKK,https://dataverse.harvard.edu/api/access/datafile/4882434
A85_142a.jpg,doi:10.7910/DVN/CROTI7,https://dataverse.harvard.edu/api/access/datafile/4882435
A85_142b.jpg,doi:10.7910/DVN/JDYH9Z,https://dataverse.harvard.edu/api/access/datafile/4882436
A85_143.jpg,doi:10.7910/DVN/ZNUNHC,https://dataverse.harvard.edu/api/access/datafile/4882437
A85_144.jpg,doi:10.7910/DVN/PI3TA1,https://dataverse.harvard.edu/api/access/datafile/4882438
A85_145.jpg,doi:10.7910/DVN/D4PNAF,https://dataverse.harvard.edu/api/access/datafile/4882439
A85_146.jpg,doi:10.7910/DVN/PCC2SN,https://dataverse.harvard.edu/api/access/datafile/4882440
A85_147.jpg,doi:10.7910/DVN/AN3FJT,https://dataverse.harvard.edu/api/access/datafile/4882441
A85_148.jpg,doi:10.7910/DVN/8ITDGE,https://dataverse.harvard.edu/api/access/datafile/4882442
A85_149.jpg,doi:10.7910/DVN/L5MRIK,https://dataverse.harvard.edu/api/access/datafile/4882443
A85_150.jpg,doi:10.7910/DVN/OSPT3O,https://dataverse.harvard.edu/api/access/datafile/4882444
A85_151.jpg,doi:10.7910/DVN/8DRHAV,https://dataverse.harvard.edu/api/access/datafile/4882445
A85_152.jpg,doi:10.7910/DVN/K9CAHD,https://dataverse.harvard.edu/api/access/datafile/4882446
A85_153.jpg,doi:10.7910/DVN/TC7TY0,https://dataverse.harvard.edu/api/access/datafile/4882447
A85_154.jpg,doi:10.7910/DVN/DNR3UF,https://dataverse.harvard.edu/api/access/datafile/4882448
A85_155.jpg,doi:10.7910/DVN/FG1W5G,https://dataverse.harvard.edu/api/access/datafile/4882449
A85_156.jpg,doi:10.7910/DVN/PBE6FW,https://dataverse.harvard.edu/api/access/datafile/4882450
A85_157.jpg,doi:10.7910/DVN/QZXHJO,https://dataverse.harvard.edu/api/access/datafile/4882451
A85_158.jpg,doi:10.7910/DVN/1HECTP,https://dataverse.harvard.edu/api/access/datafile/4882452
A85_159.jpg,doi:10.7910/DVN/2NUGRM,https://dataverse.harvard.edu/api/access/datafile/4882453
A85_160.jpg,doi:10.7910/DVN/TAYJVX,https://dataverse.harvard.edu/api/access/datafile/4882454
A85_161.jpg,doi:10.7910/DVN/5F3KY0,https://dataverse.harvard.edu/api/access/datafile/4882455
A85_162.jpg,doi:10.7910/DVN/2WFVDH,https://dataverse.harvard.edu/api/access/datafile/4882456
A85_163.jpg,doi:10.7910/DVN/LMXIH0,https://dataverse.harvard.edu/api/access/datafile/4882457
A85_164.jpg,doi:10.7910/DVN/G1UT2C,https://dataverse.harvard.edu/api/access/datafile/4882458
A85_165.jpg,doi:10.7910/DVN/J4GNUH,https://dataverse.harvard.edu/api/access/datafile/4882459
A85_166.jpg,doi:10.7910/DVN/SCLVEC,https://dataverse.harvard.edu/api/access/datafile/4882460
A85_167.jpg,doi:10.7910/DVN/UXJCNB,https://dataverse.harvard.edu/api/access/datafile/4882461
A85_168.jpg,doi:10.7910/DVN/IFT4ON,https://dataverse.harvard.edu/api/access/datafile/4882462
A85_169.jpg,doi:10.7910/DVN/BHUAQP,https://dataverse.harvard.edu/api/access/datafile/4882463
A85_170.jpg,doi:10.7910/DVN/M70HMZ,https://dataverse.harvard.edu/api/access/datafile/4882464
A85_171.jpg,doi:10.7910/DVN/V1F8O3,https://dataverse.harvard.edu/api/access/datafile/4882465
A85_172.jpg,doi:10.7910/DVN/KLOZP7,https://dataverse.harvard.edu/api/access/datafile/4882466
A85_173.jpg,doi:10.7910/DVN/X2DKJU,https://dataverse.harvard.edu/api/access/datafile/6097245
A85_174.jpg,doi:10.7910/DVN/GUSI7L,https://dataverse.harvard.edu/api/access/datafile/4882467
A85_175.jpg,doi:10.7910/DVN/WZWWNW,https://dataverse.harvard.edu/api/access/datafile/4882468
A85_176.jpg,doi:10.7910/DVN/GNPOY4,https://dataverse.harvard.edu/api/access/datafile/4882469
A85_177.jpg,doi:10.7910/DVN/TILCI7,https://dataverse.harvard.edu/api/access/datafile/4882470
A85_178.jpg,doi:10.7910/DVN/EPFXYW,https://dataverse.harvard.edu/api/access/datafile/4882471
A85_179a.jpg,doi:10.7910/DVN/TL7V33,https://dataverse.harvard.edu/api/access/datafile/4882472
A85_179b.jpg,doi:10.7910/DVN/HSKEIJ,https://dataverse.harvard.edu/api/access/datafile/4882473
A85_180.jpg,doi:10.7910/DVN/7CNSWY,https://dataverse.harvard.edu/api/access/datafile/4882474
A85_181.jpg,doi:10.7910/DVN/YDD1YT,https://dataverse.harvard.edu/api/access/datafile/4882475
A85_182.jpg,doi:10.7910/DVN/WGB85U,https://dataverse.harvard.edu/api/access/datafile/4882476
A85_183.jpg,doi:10.7910/DVN/GCYKJW,https://dataverse.harvard.edu/api/access/datafile/4882477
A85_184a.jpg,doi:10.7910/DVN/S2OJVI,https://dataverse.harvard.edu/api/access/datafile/4882478
A85_185.jpg,doi:10.7910/DVN/7W92MJ,https://dataverse.harvard.edu/api/access/datafile/4882479
A85_186.jpg,doi:10.7910/DVN/N7COEZ,https://dataverse.harvard.edu/api/access/datafile/4882480
A85_187.jpg,doi:10.7910/DVN/KMM07T,https://dataverse.harvard.edu/api/access/datafile/4882481
A85_188.jpg,doi:10.7910/DVN/KRJPIO,https://dataverse.harvard.edu/api/access/datafile/4882482
A85_189.jpg,doi:10.7910/DVN/RBCIC0,https://dataverse.harvard.edu/api/access/datafile/4882483
A85_190.jpg,doi:10.7910/DVN/6KT4YU,https://dataverse.harvard.edu/api/access/datafile/4882484
A85_191.jpg,doi:10.7910/DVN/QPVHHU,https://dataverse.harvard.edu/api/access/datafile/4882485
A85_192.jpg,doi:10.7910/DVN/X4QARW,https://dataverse.harvard.edu/api/access/datafile/4882486
A85_193.jpg,doi:10.7910/DVN/2S9O8V,https://dataverse.harvard.edu/api/access/datafile/4882487
A85_194.jpg,doi:10.7910/DVN/JLBWXJ,https://dataverse.harvard.edu/api/access/datafile/4882488
A85_195.jpg,doi:10.7910/DVN/Z79XUI,https://dataverse.harvard.edu/api/access/datafile/4882489
A85_196.jpg,doi:10.7910/DVN/GP71A7,https://dataverse.harvard.edu/api/access/datafile/4882490
A85_197.jpg,doi:10.7910/DVN/COJ4LN,https://dataverse.harvard.edu/api/access/datafile/4882491
A85_198.jpg,doi:10.7910/DVN/ZNQM2P,https://dataverse.harvard.edu/api/access/datafile/4882492
A85_199.jpg,doi:10.7910/DVN/ISYPOG,https://dataverse.harvard.edu/api/access/datafile/4882493
A85_200.jpg,doi:10.7910/DVN/D4BY3M,https://dataverse.harvard.edu/api/access/datafile/4882494
A85_201.jpg,doi:10.7910/DVN/LYTNTZ,https://dataverse.harvard.edu/api/access/datafile/4882495
A85_202.jpg,doi:10.7910/DVN/5HRVUY,https://dataverse.harvard.edu/api/access/datafile/4882496
A85_203.jpg,doi:10.7910/DVN/USBVU6,https://dataverse.harvard.edu/api/access/datafile/4882497
A85_204.jpg,doi:10.7910/DVN/EKW3DH,https://dataverse.harvard.edu/api/access/datafile/4882498
A85_205.jpg,doi:10.7910/DVN/6Q2QCV,https://dataverse.harvard.edu/api/access/datafile/4882499
A85_206.jpg,doi:10.7910/DVN/51F1OU,https://dataverse.harvard.edu/api/access/datafile/4882500
A85_207.jpg,doi:10.7910/DVN/7UVQ5L,https://dataverse.harvard.edu/api/access/datafile/4882501
A85_208.jpg,doi:10.7910/DVN/ZR4B3J,https://dataverse.harvard.edu/api/access/datafile/4882502
A85_209.jpg,doi:10.7910/DVN/TZARJN,https://dataverse.harvard.edu/api/access/datafile/4882503
A85_210.jpg,doi:10.7910/DVN/KT1HQ5,https://dataverse.harvard.edu/api/access/datafile/4882504
A85_211.jpg,doi:10.7910/DVN/CN0VSF,https://dataverse.harvard.edu/api/access/datafile/4882505
A85_212.jpg,doi:10.7910/DVN/NVBA6R,https://dataverse.harvard.edu/api/access/datafile/4882506
A85_213.jpg,doi:10.7910/DVN/5DZDQK,https://dataverse.harvard.edu/api/access/datafile/4882507
A85_214.jpg,doi:10.7910/DVN/7O44UR,https://dataverse.harvard.edu/api/access/datafile/4882508
A85_215.jpg,doi:10.7910/DVN/QBYVLM,https://dataverse.harvard.edu/api/access/datafile/4882509
A85_216.jpg,doi:10.7910/DVN/FYFOMH,https://dataverse.harvard.edu/api/access/datafile/4882510
A85_217.jpg,doi:10.7910/DVN/W5ISVG,https://dataverse.harvard.edu/api/access/datafile/4882511
A85_218.jpg,doi:10.7910/DVN/HOHR6N,https://dataverse.harvard.edu/api/access/datafile/4882512
A85_219.jpg,doi:10.7910/DVN/KS3ORH,https://dataverse.harvard.edu/api/access/datafile/4882513
A85_220.jpg,doi:10.7910/DVN/MQSDI4,https://dataverse.harvard.edu/api/access/datafile/4882514
A85_221.jpg,doi:10.7910/DVN/QETDB9,https://dataverse.harvard.edu/api/access/datafile/4882515
A85_222.jpg,doi:10.7910/DVN/USISBF,https://dataverse.harvard.edu/api/access/datafile/4882516
A85_223.jpg,doi:10.7910/DVN/TWUF3D,https://dataverse.harvard.edu/api/access/datafile/4882517
A85_224.jpg,doi:10.7910/DVN/UIZD2U,https://dataverse.harvard.edu/api/access/datafile/4882518
A85_225.jpg,doi:10.7910/DVN/AB2NLP,https://dataverse.harvard.edu/api/access/datafile/4882519
A85_226.jpg,doi:10.7910/DVN/UFZPLM,https://dataverse.harvard.edu/api/access/datafile/4882520
A85_228.jpg,doi:10.7910/DVN/YD7DRV,https://dataverse.harvard.edu/api/access/datafile/4882521
A85_229.jpg,doi:10.7910/DVN/IIJ7AX,https://dataverse.harvard.edu/api/access/datafile/4882522
A85_230.jpg,doi:10.7910/DVN/GJXSJD,https://dataverse.harvard.edu/api/access/datafile/4882523
A85_231.jpg,doi:10.7910/DVN/LUYIFK,https://dataverse.harvard.edu/api/access/datafile/4882524
A85_232.jpg,doi:10.7910/DVN/KB9YGV,https://dataverse.harvard.edu/api/access/datafile/4882525
A85_233.jpg,doi:10.7910/DVN/IMNL0L,https://dataverse.harvard.edu/api/access/datafile/4882526
A85_234.jpg,doi:10.7910/DVN/L1DHPF,https://dataverse.harvard.edu/api/access/datafile/4882527
A85_235.jpg,doi:10.7910/DVN/OYSCIX,https://dataverse.harvard.edu/api/access/datafile/4882528
A85_236.jpg,doi:10.7910/DVN/AEZYKW,https://dataverse.harvard.edu/api/access/datafile/4882529
A85_237.jpg,doi:10.7910/DVN/C7ECMO,https://dataverse.harvard.edu/api/access/datafile/4882530
A85_238.jpg,doi:10.7910/DVN/IPJWOX,https://dataverse.harvard.edu/api/access/datafile/4882531
A85_239.jpg,doi:10.7910/DVN/F5UUIB,https://dataverse.harvard.edu/api/access/datafile/4882532
A85_240.jpg,doi:10.7910/DVN/EUNF0T,https://dataverse.harvard.edu/api/access/datafile/4882533
A85_241.jpg,doi:10.7910/DVN/ND0LKA,https://dataverse.harvard.edu/api/access/datafile/4882534
A85_242.jpg,doi:10.7910/DVN/TI2VTP,https://dataverse.harvard.edu/api/access/datafile/4882535
A85_243.jpg,doi:10.7910/DVN/YDMJRP,https://dataverse.harvard.edu/api/access/datafile/4882536
A85_244.jpg,doi:10.7910/DVN/PDI0TK,https://dataverse.harvard.edu/api/access/datafile/4882537
A85_245.jpg,doi:10.7910/DVN/O2FJBA,https://dataverse.harvard.edu/api/access/datafile/4882538
A85_246.jpg,doi:10.7910/DVN/HGMDLJ,https://dataverse.harvard.edu/api/access/datafile/4882539
A85_247.jpg,doi:10.7910/DVN/SBRBN6,https://dataverse.harvard.edu/api/access/datafile/4882540
A85_248.jpg,doi:10.7910/DVN/KYJULV,https://dataverse.harvard.edu/api/access/datafile/4882541
A85_249.jpg,doi:10.7910/DVN/QYLBXY,https://dataverse.harvard.edu/api/access/datafile/4882542
A85_250.jpg,doi:10.7910/DVN/QMT6CO,https://dataverse.harvard.edu/api/access/datafile/4882543
A85_289.jpg,doi:10.7910/DVN/UPBCRJ,https://dataverse.harvard.edu/api/access/datafile/4882544
A85_296a.JPG,doi:10.7910/DVN/PFVS59,https://dataverse.harvard.edu/api/access/datafile/4882545
A85_315a.jpg,doi:10.7910/DVN/BSVEX2,https://dataverse.harvard.edu/api/access/datafile/4882546
A85_318a.jpg,doi:10.7910/DVN/AIJVPF,https://dataverse.harvard.edu/api/access/datafile/4882547
A85_318b.jpg,doi:10.7910/DVN/WUDRCU,https://dataverse.harvard.edu/api/access/datafile/4882548
A85_320.jpg,doi:10.7910/DVN/QFGCBC,https://dataverse.harvard.edu/api/access/datafile/4882549
A85_324b.jpg,doi:10.7910/DVN/4J7KIA,https://dataverse.harvard.edu/api/access/datafile/4882550
A85_324c.jpg,doi:10.7910/DVN/WPGTXB,https://dataverse.harvard.edu/api/access/datafile/4882551
A85_326.jpg,doi:10.7910/DVN/DMJONH,https://dataverse.harvard.edu/api/access/datafile/4882552
A85_327.jpg,doi:10.7910/DVN/YPXZVT,https://dataverse.harvard.edu/api/access/datafile/4882553
A85_328.jpg,doi:10.7910/DVN/M7Y7CP,https://dataverse.harvard.edu/api/access/datafile/4882554
A85_329.jpg,doi:10.7910/DVN/VEHXF3,https://dataverse.harvard.edu/api/access/datafile/4882555
A85_335a.JPG,doi:10.7910/DVN/YTLWAA,https://dataverse.harvard.edu/api/access/datafile/4882556
A85_348c.jpg,doi:10.7910/DVN/PLVIZF,https://dataverse.harvard.edu/api/access/datafile/4882557
A85_348d.JPG,doi:10.7910/DVN/3GHPHW,https://dataverse.harvard.edu/api/access/datafile/4882558
A85_349.jpg,doi:10.7910/DVN/LYBB3T,https://dataverse.harvard.edu/api/access/datafile/4882559
A85_350.jpg,doi:10.7910/DVN/ANUEKY,https://dataverse.harvard.edu/api/access/datafile/4882560
A85_351.jpg,doi:10.7910/DVN/A0Z1QV,https://dataverse.harvard.edu/api/access/datafile/4882561
A85_352.jpg,doi:10.7910/DVN/NQW7XT,https://dataverse.harvard.edu/api/access/datafile/4882562
A85_353a.JPG,doi:10.7910/DVN/XYLFUB,https://dataverse.harvard.edu/api/access/datafile/4882563
A85_354a.JPG,doi:10.7910/DVN/06PEQB,https://dataverse.harvard.edu/api/access/datafile/4882564
A85_355.jpg,doi:10.7910/DVN/MWW06P,https://dataverse.harvard.edu/api/access/datafile/4882565
A85_356.jpg,doi:10.7910/DVN/LVS3IH,https://dataverse.harvard.edu/api/access/datafile/4882566
A85_357.jpg,doi:10.7910/DVN/RH24GX,https://dataverse.harvard.edu/api/access/datafile/4882567
A85_358.jpg,doi:10.7910/DVN/BMWWID,https://dataverse.harvard.edu/api/access/datafile/4882568
A85_359.jpg,doi:10.7910/DVN/WCBOPO,https://dataverse.harvard.edu/api/access/datafile/4882569
A85_360.jpg,doi:10.7910/DVN/GM5O5S,https://dataverse.harvard.edu/api/access/datafile/4882570
A85_361.jpg,doi:10.7910/DVN/IJEPPU,https://dataverse.harvard.edu/api/access/datafile/4882571
A85_362.jpg,doi:10.7910/DVN/FVXWS9,https://dataverse.harvard.edu/api/access/datafile/4882572
A85_363.jpg,doi:10.7910/DVN/7Z7YEW,https://dataverse.harvard.edu/api/access/datafile/4882573
A85_365.jpg,doi:10.7910/DVN/LYZAGA,https://dataverse.harvard.edu/api/access/datafile/4882574
A85_366.jpg,doi:10.7910/DVN/ZTM5IM,https://dataverse.harvard.edu/api/access/datafile/4882575
A85_367.jpg,doi:10.7910/DVN/EEY9MN,https://dataverse.harvard.edu/api/access/datafile/4882576
A85_368a.jpg,doi:10.7910/DVN/MYSF1I,https://dataverse.harvard.edu/api/access/datafile/4882577
A85_368b.jpg,doi:10.7910/DVN/G55WHL,https://dataverse.harvard.edu/api/access/datafile/4882578
A85_369.jpg,doi:10.7910/DVN/Q2BFWR,https://dataverse.harvard.edu/api/access/datafile/4882579
A85_370.jpg,doi:10.7910/DVN/VW8MPL,https://dataverse.harvard.edu/api/access/datafile/4882580
A85_371.jpg,doi:10.7910/DVN/PYPUKW,https://dataverse.harvard.edu/api/access/datafile/4882581
A85_372a.jpg,doi:10.7910/DVN/BDISDT,https://dataverse.harvard.edu/api/access/datafile/4882582
A85_372b.jpg,doi:10.7910/DVN/HVAGDO,https://dataverse.harvard.edu/api/access/datafile/4882583
A85_373.jpg,doi:10.7910/DVN/DL3LD9,https://dataverse.harvard.edu/api/access/datafile/4882584
A85_374.jpg,doi:10.7910/DVN/XT33XO,https://dataverse.harvard.edu/api/access/datafile/4882585
A85_375.jpg,doi:10.7910/DVN/9X6QYJ,https://dataverse.harvard.edu/api/access/datafile/4882586
A85_376a.jpg,doi:10.7910/DVN/RZ9RTE,https://dataverse.harvard.edu/api/access/datafile/4882587
A85_377a.jpg,doi:10.7910/DVN/6WRXN7,https://dataverse.harvard.edu/api/access/datafile/4882588
A85_377b.jpg,doi:10.7910/DVN/YXXL3T,https://dataverse.harvard.edu/api/access/datafile/4882589
A85_378.jpg,doi:10.7910/DVN/AUQHQX,https://dataverse.harvard.edu/api/access/datafile/4882590
A85_379.jpg,doi:10.7910/DVN/URBTZ7,https://dataverse.harvard.edu/api/access/datafile/4882591
A85_380.jpg,doi:10.7910/DVN/PIVV4G,https://dataverse.harvard.edu/api/access/datafile/4882592
A85_381.jpg,doi:10.7910/DVN/K1THMI,https://dataverse.harvard.edu/api/access/datafile/4882593
A85_382a.jpg,doi:10.7910/DVN/UYCDUD,https://dataverse.harvard.edu/api/access/datafile/4882594
A85_382b.jpg,doi:10.7910/DVN/CGOSNZ,https://dataverse.harvard.edu/api/access/datafile/4882595
A85_383.jpg,doi:10.7910/DVN/XZKV0X,https://dataverse.harvard.edu/api/access/datafile/4882596
A85_384.jpg,doi:10.7910/DVN/9PAQYM,https://dataverse.harvard.edu/api/access/datafile/4882597
A85_385.jpg,doi:10.7910/DVN/EGDPWA,https://dataverse.harvard.edu/api/access/datafile/4882598
A85_386.jpg,doi:10.7910/DVN/8WPZZ5,https://dataverse.harvard.edu/api/access/datafile/4882599
A85_387a.jpg,doi:10.7910/DVN/LUPTTL,https://dataverse.harvard.edu/api/access/datafile/4882600
A85_388a.jpg,doi:10.7910/DVN/UQOR1F,https://dataverse.harvard.edu/api/access/datafile/4882601
A85_389.jpg,doi:10.7910/DVN/AV4NKT,https://dataverse.harvard.edu/api/access/datafile/4882602
A85_390.jpg,doi:10.7910/DVN/759IX9,https://dataverse.harvard.edu/api/access/datafile/4882603
A85_391.jpg,doi:10.7910/DVN/R1U4G1,https://dataverse.harvard.edu/api/access/datafile/4882604
A85_392.jpg,doi:10.7910/DVN/NJJTQW,https://dataverse.harvard.edu/api/access/datafile/4882605
A85_393.jpg,doi:10.7910/DVN/6HKXKJ,https://dataverse.harvard.edu/api/access/datafile/4882606
A85_394.jpg,doi:10.7910/DVN/LULOFP,https://dataverse.harvard.edu/api/access/datafile/4882607
A85_395a.jpg,doi:10.7910/DVN/YIZJUJ,https://dataverse.harvard.edu/api/access/datafile/4882608
A85_395b.jpg,doi:10.7910/DVN/OJ9VSW,https://dataverse.harvard.edu/api/access/datafile/4882609
A85_396.jpg,doi:10.7910/DVN/USBTQW,https://dataverse.harvard.edu/api/access/datafile/4882610
A85_397a.jpg,doi:10.7910/DVN/DQSWY7,https://dataverse.harvard.edu/api/access/datafile/4882611
A85_397b.jpg,doi:10.7910/DVN/EPE9OV,https://dataverse.harvard.edu/api/access/datafile/4882612
A85_398a.jpg,doi:10.7910/DVN/S46SWF,https://dataverse.harvard.edu/api/access/datafile/4882613
A85_398b.jpg,doi:10.7910/DVN/Y4LDLW,https://dataverse.harvard.edu/api/access/datafile/4882614
A85_398c.jpg,doi:10.7910/DVN/I00UYL,https://dataverse.harvard.edu/api/access/datafile/4882615
A85_399.jpg,doi:10.7910/DVN/ZBR9JR,https://dataverse.harvard.edu/api/access/datafile/4882616
A85_400.jpg,doi:10.7910/DVN/Z5SEVF,https://dataverse.harvard.edu/api/access/datafile/4882617
A85_401.jpg,doi:10.7910/DVN/NAZKJ1,https://dataverse.harvard.edu/api/access/datafile/4882618
A85_402.jpg,doi:10.7910/DVN/DK5OY7,https://dataverse.harvard.edu/api/access/datafile/4882619
A85_403.jpg,doi:10.7910/DVN/ZUOHWO,https://dataverse.harvard.edu/api/access/datafile/4882620
A85_404.jpg,doi:10.7910/DVN/E8JV57,https://dataverse.harvard.edu/api/access/datafile/4882621
A85_405.jpg,doi:10.7910/DVN/CCEQ2K,https://dataverse.harvard.edu/api/access/datafile/4882622
A85_406.jpg,doi:10.7910/DVN/BYLXHB,https://dataverse.harvard.edu/api/access/datafile/4882623
A85_407.jpg,doi:10.7910/DVN/N4UYRQ,https://dataverse.harvard.edu/api/access/datafile/4882624
A85_408a.jpg,doi:10.7910/DVN/D6B1LE,https://dataverse.harvard.edu/api/access/datafile/4882625
A85_409.jpg,doi:10.7910/DVN/J7WX0S,https://dataverse.harvard.edu/api/access/datafile/4882626
A85_410.jpg,doi:10.7910/DVN/QL4ECZ,https://dataverse.harvard.edu/api/access/datafile/4882627
A85_411.jpg,doi:10.7910/DVN/NOZTJH,https://dataverse.harvard.edu/api/access/datafile/4882628
A85_412.jpg,doi:10.7910/DVN/RM8UOL,https://dataverse.harvard.edu/api/access/datafile/4882629
A85_413.jpg,doi:10.7910/DVN/7D2YSQ,https://dataverse.harvard.edu/api/access/datafile/4882630
A85_414.jpg,doi:10.7910/DVN/YASPXE,https://dataverse.harvard.edu/api/access/datafile/4882631
A85_415.jpg,doi:10.7910/DVN/US3SBA,https://dataverse.harvard.edu/api/access/datafile/4882632
A85_416.jpg,doi:10.7910/DVN/MASCSZ,https://dataverse.harvard.edu/api/access/datafile/4882633
A85_417.jpg,doi:10.7910/DVN/CBW9KT,https://dataverse.harvard.edu/api/access/datafile/4882634
A85_418.jpg,doi:10.7910/DVN/3GMM4X,https://dataverse.harvard.edu/api/access/datafile/4882635
A85_419.jpg,doi:10.7910/DVN/SG13ZD,https://dataverse.harvard.edu/api/access/datafile/4882636
A85_420.jpg,doi:10.7910/DVN/6CRCMW,https://dataverse.harvard.edu/api/access/datafile/4882637
A85_421.jpg,doi:10.7910/DVN/GFJ9R8,https://dataverse.harvard.edu/api/access/datafile/4882638
A85_422.jpg,doi:10.7910/DVN/HSAZDD,https://dataverse.harvard.edu/api/access/datafile/4882639
A85_423.jpg,doi:10.7910/DVN/T0MT7Z,https://dataverse.harvard.edu/api/access/datafile/4882640
A85_424.jpg,doi:10.7910/DVN/LVLYZW,https://dataverse.harvard.edu/api/access/datafile/4882641
A85_425.jpg,doi:10.7910/DVN/959YHV,https://dataverse.harvard.edu/api/access/datafile/4882642
A85_426a.jpg,doi:10.7910/DVN/OMEBRC,https://dataverse.harvard.edu/api/access/datafile/4882643
A85_427.jpg,doi:10.7910/DVN/IVZMJK,https://dataverse.harvard.edu/api/access/datafile/4882644
A85_428.jpg,doi:10.7910/DVN/G2YEXF,https://dataverse.harvard.edu/api/access/datafile/4882645
A85_429.jpg,doi:10.7910/DVN/KNIRDY,https://dataverse.harvard.edu/api/access/datafile/4882646
A85_430.jpg,doi:10.7910/DVN/26YEHJ,https://dataverse.harvard.edu/api/access/datafile/4882647
A85_431.jpg,doi:10.7910/DVN/OWARN0,https://dataverse.harvard.edu/api/access/datafile/4882648
A85_432.jpg,doi:10.7910/DVN/MA5Q5I,https://dataverse.harvard.edu/api/access/datafile/4882649
A85_433.jpg,doi:10.7910/DVN/FQVJQI,https://dataverse.harvard.edu/api/access/datafile/4882650
A85_434.jpg,doi:10.7910/DVN/R2GWRF,https://dataverse.harvard.edu/api/access/datafile/4882651
A85_435.jpg,doi:10.7910/DVN/WPY1HY,https://dataverse.harvard.edu/api/access/datafile/4882652
A85_436.jpg,doi:10.7910/DVN/YXJ3Q0,https://dataverse.harvard.edu/api/access/datafile/4882653
A85_437.jpg,doi:10.7910/DVN/WVIPKF,https://dataverse.harvard.edu/api/access/datafile/4882654
A85_438.jpg,doi:10.7910/DVN/ZJ8CSL,https://dataverse.harvard.edu/api/access/datafile/4882655
A85_439a.jpg,doi:10.7910/DVN/M0BYWW,https://dataverse.harvard.edu/api/access/datafile/4882656
A85_439b.jpg,doi:10.7910/DVN/HRJWKU,https://dataverse.harvard.edu/api/access/datafile/4882657
A85_440a.jpg,doi:10.7910/DVN/RE60M5,https://dataverse.harvard.edu/api/access/datafile/4882658
A85_440b.jpg,doi:10.7910/DVN/8YWFHM,https://dataverse.harvard.edu/api/access/datafile/4882659
A85_441.jpg,doi:10.7910/DVN/6CV0HK,https://dataverse.harvard.edu/api/access/datafile/4882660
A85_442.jpg,doi:10.7910/DVN/FP7A02,https://dataverse.harvard.edu/api/access/datafile/4882661
A85_443.jpg,doi:10.7910/DVN/5CVCAY,https://dataverse.harvard.edu/api/access/datafile/4882662
A85_444.jpg,doi:10.7910/DVN/ZUAFNY,https://dataverse.harvard.edu/api/access/datafile/4882663
A85_445.jpg,doi:10.7910/DVN/4IQQBH,https://dataverse.harvard.edu/api/access/datafile/4882664
A85_446.jpg,doi:10.7910/DVN/NIIYOJ,https://dataverse.harvard.edu/api/access/datafile/4882665
A85_447.jpg,doi:10.7910/DVN/GGB2E7,https://dataverse.harvard.edu/api/access/datafile/4882666
A85_448.jpg,doi:10.7910/DVN/ESDADP,https://dataverse.harvard.edu/api/access/datafile/4882667
A85_449.jpg,doi:10.7910/DVN/UT7PFJ,https://dataverse.harvard.edu/api/access/datafile/4882668
A85_450.jpg,doi:10.7910/DVN/COMX1W,https://dataverse.harvard.edu/api/access/datafile/4882669
A85_451.jpg,doi:10.7910/DVN/TDGKIQ,https://dataverse.harvard.edu/api/access/datafile/4882670
A85_452.jpg,doi:10.7910/DVN/KQLLYX,https://dataverse.harvard.edu/api/access/datafile/4882671
A85_453.jpg,doi:10.7910/DVN/Q0WTYQ,https://dataverse.harvard.edu/api/access/datafile/4882672
A85_454.jpg,doi:10.7910/DVN/D81F8L,https://dataverse.harvard.edu/api/access/datafile/4882673
A85_455.jpg,doi:10.7910/DVN/X384OZ,https://dataverse.harvard.edu/api/access/datafile/4882674
A85_456.jpg,doi:10.7910/DVN/8PTUXV,https://dataverse.harvard.edu/api/access/datafile/4882675
A85_457.jpg,doi:10.7910/DVN/NNZE9W,https://dataverse.harvard.edu/api/access/datafile/4882676
A85_458.jpg,doi:10.7910/DVN/45TS0H,https://dataverse.harvard.edu/api/access/datafile/4882677
A85_459a.jpg,doi:10.7910/DVN/E3SCUX,https://dataverse.harvard.edu/api/access/datafile/4882678
A85_459b.jpg,doi:10.7910/DVN/ZIGR0W,https://dataverse.harvard.edu/api/access/datafile/4882679
A85_460a.jpg,doi:10.7910/DVN/GQ0IXV,https://dataverse.harvard.edu/api/access/datafile/4882680
A85_460b.jpg,doi:10.7910/DVN/HGDM75,https://dataverse.harvard.edu/api/access/datafile/4882681
A85_461.jpg,doi:10.7910/DVN/R85YUT,https://dataverse.harvard.edu/api/access/datafile/4882682
A85_462.jpg,doi:10.7910/DVN/0IBHVN,https://dataverse.harvard.edu/api/access/datafile/4882683
A85_463.jpg,doi:10.7910/DVN/HPUXZQ,https://dataverse.harvard.edu/api/access/datafile/4882684
A85_464.jpg,doi:10.7910/DVN/TYIH47,https://dataverse.harvard.edu/api/access/datafile/4882685
A85_465.jpg,doi:10.7910/DVN/SWIIYW,https://dataverse.harvard.edu/api/access/datafile/4882686
A85_466.jpg,doi:10.7910/DVN/5K1MBX,https://dataverse.harvard.edu/api/access/datafile/4882687
A85_467.jpg,doi:10.7910/DVN/MF6MU3,https://dataverse.harvard.edu/api/access/datafile/4882688
A85_468.jpg,doi:10.7910/DVN/L8DMEN,https://dataverse.harvard.edu/api/access/datafile/4882690
A85_469.jpg,doi:10.7910/DVN/R5EWK8,https://dataverse.harvard.edu/api/access/datafile/4882691
A85_470.jpg,doi:10.7910/DVN/MXPZYD,https://dataverse.harvard.edu/api/access/datafile/4882692
A85_471.jpg,doi:10.7910/DVN/1XW1BS,https://dataverse.harvard.edu/api/access/datafile/4882693
A85_472.jpg,doi:10.7910/DVN/TOFGU8,https://dataverse.harvard.edu/api/access/datafile/4882694
A85_473.jpg,doi:10.7910/DVN/0Z1SOS,https://dataverse.harvard.edu/api/access/datafile/4882695
A85_474a.jpg,doi:10.7910/DVN/KURF8W,https://dataverse.harvard.edu/api/access/datafile/4882696
A85_474b.jpg,doi:10.7910/DVN/GI9OOR,https://dataverse.harvard.edu/api/access/datafile/4882697
A85_475.jpg,doi:10.7910/DVN/XK8PLQ,https://dataverse.harvard.edu/api/access/datafile/4882698
A85_476.jpg,doi:10.7910/DVN/LFFQFT,https://dataverse.harvard.edu/api/access/datafile/4882699
A85_477.jpg,doi:10.7910/DVN/05WKFP,https://dataverse.harvard.edu/api/access/datafile/4882700
A85_478.jpg,doi:10.7910/DVN/CDZEGQ,https://dataverse.harvard.edu/api/access/datafile/4882701
A85_479.jpg,doi:10.7910/DVN/ZBT9SZ,https://dataverse.harvard.edu/api/access/datafile/4882702
A85_480.jpg,doi:10.7910/DVN/OOC1IV,https://dataverse.harvard.edu/api/access/datafile/4882703
A85_481.jpg,doi:10.7910/DVN/BCA3QO,https://dataverse.harvard.edu/api/access/datafile/4882704
A85_482.jpg,doi:10.7910/DVN/GZF85I,https://dataverse.harvard.edu/api/access/datafile/4882705
A85_483.jpg,doi:10.7910/DVN/NVESQX,https://dataverse.harvard.edu/api/access/datafile/4882706
A85_484.jpg,doi:10.7910/DVN/MYRXEQ,https://dataverse.harvard.edu/api/access/datafile/4882707
A85_485.jpg,doi:10.7910/DVN/1PP4UA,https://dataverse.harvard.edu/api/access/datafile/4882708
A85_486.jpg,doi:10.7910/DVN/PNJ4JL,https://dataverse.harvard.edu/api/access/datafile/4882709
A85_487.jpg,doi:10.7910/DVN/KX9ANK,https://dataverse.harvard.edu/api/access/datafile/4882710
A85_488.jpg,doi:10.7910/DVN/DU4T24,https://dataverse.harvard.edu/api/access/datafile/4882711
A85_489.jpg,doi:10.7910/DVN/0GPGVO,https://dataverse.harvard.edu/api/access/datafile/4882712
A85_490.jpg,doi:10.7910/DVN/YS6H4V,https://dataverse.harvard.edu/api/access/datafile/4882713
A85_491.jpg,doi:10.7910/DVN/PNX2MV,https://dataverse.harvard.edu/api/access/datafile/4882714
A85_492.jpg,doi:10.7910/DVN/KJSRPE,https://dataverse.harvard.edu/api/access/datafile/4882715
A85_493.jpg,doi:10.7910/DVN/BZJBP0,https://dataverse.harvard.edu/api/access/datafile/4882716
A85_494.jpg,doi:10.7910/DVN/KYZRY6,https://dataverse.harvard.edu/api/access/datafile/4882717
A85_495.jpg,doi:10.7910/DVN/UT5WAG,https://dataverse.harvard.edu/api/access/datafile/4882718
A85_496.jpg,doi:10.7910/DVN/P4VSS0,https://dataverse.harvard.edu/api/access/datafile/4882719
A85_497a.jpg,doi:10.7910/DVN/PUAYXY,https://dataverse.harvard.edu/api/access/datafile/4882720
A85_497b.jpg,doi:10.7910/DVN/YMCZDN,https://dataverse.harvard.edu/api/access/datafile/4882721
A85_497c.jpg,doi:10.7910/DVN/75BU1V,https://dataverse.harvard.edu/api/access/datafile/4882722
A85_498.jpg,doi:10.7910/DVN/RGS9DU,https://dataverse.harvard.edu/api/access/datafile/4882723
A85_499.jpg,doi:10.7910/DVN/KEX3EJ,https://dataverse.harvard.edu/api/access/datafile/4882724
A85_500.jpg,doi:10.7910/DVN/5EVA8I,https://dataverse.harvard.edu/api/access/datafile/4882725
A85_501.jpg,doi:10.7910/DVN/PD6AL4,https://dataverse.harvard.edu/api/access/datafile/4882726
A85_502.jpg,doi:10.7910/DVN/6X3PSX,https://dataverse.harvard.edu/api/access/datafile/4882727
A85_507.jpg,doi:10.7910/DVN/94U2RG,https://dataverse.harvard.edu/api/access/datafile/4882728
A85_508.jpg,doi:10.7910/DVN/VKO3W3,https://dataverse.harvard.edu/api/access/datafile/4882729
A85_510a.JPG,doi:10.7910/DVN/XAFGO1,https://dataverse.harvard.edu/api/access/datafile/4882730
A85_511.jpg,doi:10.7910/DVN/7KSSPN,https://dataverse.harvard.edu/api/access/datafile/4882731
A85_512.jpg,doi:10.7910/DVN/EAV61Y,https://dataverse.harvard.edu/api/access/datafile/4882732
A85_513.jpg,doi:10.7910/DVN/BE5GDS,https://dataverse.harvard.edu/api/access/datafile/4882733
A85_514.jpg,doi:10.7910/DVN/UYV8RN,https://dataverse.harvard.edu/api/access/datafile/4882734
A85_515.jpg,doi:10.7910/DVN/NURVOE,https://dataverse.harvard.edu/api/access/datafile/4882735
A85_517.jpg,doi:10.7910/DVN/1D2EAI,https://dataverse.harvard.edu/api/access/datafile/4882736
A85_518.jpg,doi:10.7910/DVN/IPOK43,https://dataverse.harvard.edu/api/access/datafile/4882737
A85_519.jpg,doi:10.7910/DVN/RWYVKH,https://dataverse.harvard.edu/api/access/datafile/4882738
A85_520.jpg,doi:10.7910/DVN/TGWK5V,https://dataverse.harvard.edu/api/access/datafile/4882739
A85_523.jpg,doi:10.7910/DVN/GBJZU0,https://dataverse.harvard.edu/api/access/datafile/4882740
A85_524.jpg,doi:10.7910/DVN/6I7QZS,https://dataverse.harvard.edu/api/access/datafile/4882741
A85_525.jpg,doi:10.7910/DVN/BADSOE,https://dataverse.harvard.edu/api/access/datafile/4882742
A85_526.jpg,doi:10.7910/DVN/P4FVZ2,https://dataverse.harvard.edu/api/access/datafile/4882743
A85_527.jpg,doi:10.7910/DVN/M4DEG9,https://dataverse.harvard.edu/api/access/datafile/4882744
A85_528.jpg,doi:10.7910/DVN/EKQ9MH,https://dataverse.harvard.edu/api/access/datafile/4882745
A85_530.jpg,doi:10.7910/DVN/P14N5W,https://dataverse.harvard.edu/api/access/datafile/4882747
A85_532.jpg,doi:10.7910/DVN/CLH01V,https://dataverse.harvard.edu/api/access/datafile/4882749
A85_2.jpg,doi:10.7910/DVN/J6TJFF,https://dataverse.harvard.edu/api/access/datafile/5657536
A85_3.jpg,doi:10.7910/DVN/ICNAT5,https://dataverse.harvard.edu/api/access/datafile/5657537
A85_4.jpg,doi:10.7910/DVN/E1QIZI,https://dataverse.harvard.edu/api/access/datafile/5657538
A85_5.jpg,doi:10.7910/DVN/PFKC6O,https://dataverse.harvard.edu/api/access/datafile/5657539
A85_7.jpg,doi:10.7910/DVN/MS8XS6,https://dataverse.harvard.edu/api/access/datafile/5657540
A85_10.jpg,doi:10.7910/DVN/2VFLIR,https://dataverse.harvard.edu/api/access/datafile/5657541
A85_13.jpg,doi:10.7910/DVN/DGNH1T,https://dataverse.harvard.edu/api/access/datafile/5657542
A85_21.jpg,doi:10.7910/DVN/HSRXKG,https://dataverse.harvard.edu/api/access/datafile/5657543
A85_23.jpg,doi:10.7910/DVN/HVFG2F,https://dataverse.harvard.edu/api/access/datafile/5657544
A85_25.jpg,doi:10.7910/DVN/G7KMPE,https://dataverse.harvard.edu/api/access/datafile/5657545
A85_28.jpg,doi:10.7910/DVN/FMIWMY,https://dataverse.harvard.edu/api/access/datafile/5657546
A85_30.jpg,doi:10.7910/DVN/IFHDUG,https://dataverse.harvard.edu/api/access/datafile/5657547
A85_31.jpg,doi:10.7910/DVN/WMX7HA,https://dataverse.harvard.edu/api/access/datafile/5657548
A85_32.jpg,doi:10.7910/DVN/SXKHTT,https://dataverse.harvard.edu/api/access/datafile/5657549
A85_37.jpg,doi:10.7910/DVN/UZA3CQ,https://dataverse.harvard.edu/api/access/datafile/5657550
A85_38.jpg,doi:10.7910/DVN/KPBMLC,https://dataverse.harvard.edu/api/access/datafile/5657551
A85_39.jpg,doi:10.7910/DVN/DX79XC,https://dataverse.harvard.edu/api/access/datafile/5657552
A85_45.jpg,doi:10.7910/DVN/SYKPVK,https://dataverse.harvard.edu/api/access/datafile/5657553
A85_48.jpg,doi:10.7910/DVN/DJ0JPJ,https://dataverse.harvard.edu/api/access/datafile/5657554
A85_49.jpg,doi:10.7910/DVN/8IESTQ,https://dataverse.harvard.edu/api/access/datafile/5657555
A85_51.jpg,doi:10.7910/DVN/FIZACI,https://dataverse.harvard.edu/api/access/datafile/5657556
A85_52.jpg,doi:10.7910/DVN/TQGEYP,https://dataverse.harvard.edu/api/access/datafile/5657557
A85_53a.jpg,doi:10.7910/DVN/R4ZPZY,https://dataverse.harvard.edu/api/access/datafile/5657558
A85_53b.jpg,doi:10.7910/DVN/D2T6PU,https://dataverse.harvard.edu/api/access/datafile/5657559
A85_54.jpg,doi:10.7910/DVN/NBRMQY,https://dataverse.harvard.edu/api/access/datafile/5657560
A85_55.jpg,doi:10.7910/DVN/DI6B4D,https://dataverse.harvard.edu/api/access/datafile/5657561
A85_57.jpg,doi:10.7910/DVN/OVTJYB,https://dataverse.harvard.edu/api/access/datafile/5657562
A85_58.jpg,doi:10.7910/DVN/CQMHWF,https://dataverse.harvard.edu/api/access/datafile/5657563
A85_59.jpg,doi:10.7910/DVN/A5YWDH,https://dataverse.harvard.edu/api/access/datafile/5657564
A85_60.jpg,doi:10.7910/DVN/Z3ULJ5,https://dataverse.harvard.edu/api/access/datafile/5657565
A85_61.jpg,doi:10.7910/DVN/TLGVJG,https://dataverse.harvard.edu/api/access/datafile/5657566
A85_62.jpg,doi:10.7910/DVN/CFJASF,https://dataverse.harvard.edu/api/access/datafile/5657567
A85_63.jpg,doi:10.7910/DVN/IDEKPA,https://dataverse.harvard.edu/api/access/datafile/5657568
A85_64.jpg,doi:10.7910/DVN/XWLEDD,https://dataverse.harvard.edu/api/access/datafile/5657569
A85_65.jpg,doi:10.7910/DVN/BU1IPA,https://dataverse.harvard.edu/api/access/datafile/5657570
A85_66.jpg,doi:10.7910/DVN/UMEQ31,https://dataverse.harvard.edu/api/access/datafile/5657571
A85_67.jpg,doi:10.7910/DVN/2ZCCUN,https://dataverse.harvard.edu/api/access/datafile/5657572
A85_68.jpg,doi:10.7910/DVN/SVPTDR,https://dataverse.harvard.edu/api/access/datafile/5657573
A85_69.jpg,doi:10.7910/DVN/P6NIQA,https://dataverse.harvard.edu/api/access/datafile/5657574
A85_70.jpg,doi:10.7910/DVN/IRTO8N,https://dataverse.harvard.edu/api/access/datafile/5657575
A85_71.jpg,doi:10.7910/DVN/BAD90Q,https://dataverse.harvard.edu/api/access/datafile/5657576
A85_72.jpg,doi:10.7910/DVN/1MP0KS,https://dataverse.harvard.edu/api/access/datafile/5657577
A85_73.jpg,doi:10.7910/DVN/LAIQ3W,https://dataverse.harvard.edu/api/access/datafile/5657578
A85_74.jpg,doi:10.7910/DVN/QLPXXQ,https://dataverse.harvard.edu/api/access/datafile/5657579
A85_75.jpg,doi:10.7910/DVN/PFG9OL,https://dataverse.harvard.edu/api/access/datafile/5657580
A85_76.jpg,doi:10.7910/DVN/ZSAH4N,https://dataverse.harvard.edu/api/access/datafile/5657581
A85_77.jpg,doi:10.7910/DVN/NDCRHX,https://dataverse.harvard.edu/api/access/datafile/5657582
A85_78.jpg,doi:10.7910/DVN/JNLTKD,https://dataverse.harvard.edu/api/access/datafile/5657583
A85_79.jpg,doi:10.7910/DVN/E09XQE,https://dataverse.harvard.edu/api/access/datafile/5657584
A85_80.jpg,doi:10.7910/DVN/KLNR4A,https://dataverse.harvard.edu/api/access/datafile/5657585
A85_81.jpg,doi:10.7910/DVN/VCMB4V,https://dataverse.harvard.edu/api/access/datafile/5657586
A85_82.jpg,doi:10.7910/DVN/XVPZC4,https://dataverse.harvard.edu/api/access/datafile/5657587
A85_83.jpg,doi:10.7910/DVN/NPX19A,https://dataverse.harvard.edu/api/access/datafile/5657588
A85_84.jpg,doi:10.7910/DVN/JTV06P,https://dataverse.harvard.edu/api/access/datafile/5657589
A85_85.jpg,doi:10.7910/DVN/H3NDHS,https://dataverse.harvard.edu/api/access/datafile/5657590
A85_86.jpg,doi:10.7910/DVN/VS8E8I,https://dataverse.harvard.edu/api/access/datafile/5657591
A85_87.jpg,doi:10.7910/DVN/BLVZDL,https://dataverse.harvard.edu/api/access/datafile/5657592
A85_88.jpg,doi:10.7910/DVN/IV31QO,https://dataverse.harvard.edu/api/access/datafile/5657593
A85_89.jpg,doi:10.7910/DVN/2EDPVG,https://dataverse.harvard.edu/api/access/datafile/5657594
A85_90.jpg,doi:10.7910/DVN/YXSIFJ,https://dataverse.harvard.edu/api/access/datafile/5657595
A85_91.jpg,doi:10.7910/DVN/NKGKKM,https://dataverse.harvard.edu/api/access/datafile/5657596
A85_92.jpg,doi:10.7910/DVN/XRY39C,https://dataverse.harvard.edu/api/access/datafile/5657597
A85_93.jpg,doi:10.7910/DVN/EUS28G,https://dataverse.harvard.edu/api/access/datafile/5657598
A85_94.jpg,doi:10.7910/DVN/1GDVZL,https://dataverse.harvard.edu/api/access/datafile/5657599
A85_96.jpg,doi:10.7910/DVN/HRF7NV,https://dataverse.harvard.edu/api/access/datafile/5657600
A85_97.jpg,doi:10.7910/DVN/XT0TEU,https://dataverse.harvard.edu/api/access/datafile/5657601
A85_98.jpg,doi:10.7910/DVN/1YWUIG,https://dataverse.harvard.edu/api/access/datafile/5657602
A85_99.jpg,doi:10.7910/DVN/NAWQU8,https://dataverse.harvard.edu/api/access/datafile/5657603
A85_100.jpg,doi:10.7910/DVN/J1Z6MH,https://dataverse.harvard.edu/api/access/datafile/5657604
A85_101.jpg,doi:10.7910/DVN/3PL2DT,https://dataverse.harvard.edu/api/access/datafile/5657605
A85_105.jpg,doi:10.7910/DVN/Q5VJ2S,https://dataverse.harvard.edu/api/access/datafile/5657606
A85_106.jpg,doi:10.7910/DVN/YWGTYE,https://dataverse.harvard.edu/api/access/datafile/5657607
A85_107.jpg,doi:10.7910/DVN/6BTJOL,https://dataverse.harvard.edu/api/access/datafile/5657608
A85_109.jpg,doi:10.7910/DVN/PHDOOF,https://dataverse.harvard.edu/api/access/datafile/5657609
A85_110.jpg,doi:10.7910/DVN/VTWS4I,https://dataverse.harvard.edu/api/access/datafile/5657610
A85_111.jpg,doi:10.7910/DVN/I0G747,https://dataverse.harvard.edu/api/access/datafile/5657611
A85_112.jpg,doi:10.7910/DVN/URLIQ4,https://dataverse.harvard.edu/api/access/datafile/5657612
A85_113.jpg,doi:10.7910/DVN/MNAFGJ,https://dataverse.harvard.edu/api/access/datafile/5657613
A85_114.jpg,doi:10.7910/DVN/RQ04GR,https://dataverse.harvard.edu/api/access/datafile/5657614
A85_115.jpg,doi:10.7910/DVN/PWATVC,https://dataverse.harvard.edu/api/access/datafile/5657615
A85_116.jpg,doi:10.7910/DVN/PZ6OMH,https://dataverse.harvard.edu/api/access/datafile/5657616
A85_117.jpg,doi:10.7910/DVN/OQQ5RU,https://dataverse.harvard.edu/api/access/datafile/5657617
A85_118.jpg,doi:10.7910/DVN/DSUWL1,https://dataverse.harvard.edu/api/access/datafile/5657618
A85_119.jpg,doi:10.7910/DVN/CHVHAL,https://dataverse.harvard.edu/api/access/datafile/5657619
A85_120.jpg,doi:10.7910/DVN/17HRER,https://dataverse.harvard.edu/api/access/datafile/5657620
A85_121.jpg,doi:10.7910/DVN/NHAN8Z,https://dataverse.harvard.edu/api/access/datafile/5657621
A85_122.jpg,doi:10.7910/DVN/J8UEEC,https://dataverse.harvard.edu/api/access/datafile/5657622
A85_123.jpg,doi:10.7910/DVN/9AMSMO,https://dataverse.harvard.edu/api/access/datafile/5657623
A85_124.jpg,doi:10.7910/DVN/3CMGHQ,https://dataverse.harvard.edu/api/access/datafile/5657624
A85_125.jpg,doi:10.7910/DVN/IEQ427,https://dataverse.harvard.edu/api/access/datafile/5657625
A85_126.jpg,doi:10.7910/DVN/XOLF0Y,https://dataverse.harvard.edu/api/access/datafile/5657626
A85_127.jpg,doi:10.7910/DVN/A6QQ1I,https://dataverse.harvard.edu/api/access/datafile/5657627
A85_128.jpg,doi:10.7910/DVN/UZQAQD,https://dataverse.harvard.edu/api/access/datafile/5657629
A85_129.jpg,doi:10.7910/DVN/RE0SGP,https://dataverse.harvard.edu/api/access/datafile/5657630
A85_227.jpg,doi:10.7910/DVN/OXJXCS,https://dataverse.harvard.edu/api/access/datafile/5657631
A85_251.jpg,doi:10.7910/DVN/H67DB2,https://dataverse.harvard.edu/api/access/datafile/5657633
A85_252.jpg,doi:10.7910/DVN/NAPNSL,https://dataverse.harvard.edu/api/access/datafile/5657634
A85_253.jpg,doi:10.7910/DVN/Z0KOJU,https://dataverse.harvard.edu/api/access/datafile/5657635
A85_254.jpg,doi:10.7910/DVN/L1ZYKX,https://dataverse.harvard.edu/api/access/datafile/5657636
A85_255.jpg,doi:10.7910/DVN/7QKP5H,https://dataverse.harvard.edu/api/access/datafile/5657637
A85_256.jpg,doi:10.7910/DVN/LH4833,https://dataverse.harvard.edu/api/access/datafile/5657638
A85_257.jpg,doi:10.7910/DVN/PQ36IG,https://dataverse.harvard.edu/api/access/datafile/5657639
A85_258.jpg,doi:10.7910/DVN/OOH3CV,https://dataverse.harvard.edu/api/access/datafile/5657640
A85_259.jpg,doi:10.7910/DVN/8R9NBI,https://dataverse.harvard.edu/api/access/datafile/5657641
A85_260.jpg,doi:10.7910/DVN/0DKB2L,https://dataverse.harvard.edu/api/access/datafile/5657642
A85_261.jpg,doi:10.7910/DVN/BQLV19,https://dataverse.harvard.edu/api/access/datafile/5657643
A85_262.jpg,doi:10.7910/DVN/N2J5MY,https://dataverse.harvard.edu/api/access/datafile/5657644
A85_263.jpg,doi:10.7910/DVN/E40UJ5,https://dataverse.harvard.edu/api/access/datafile/5657645
A85_264.jpg,doi:10.7910/DVN/QWGYLR,https://dataverse.harvard.edu/api/access/datafile/5657646
A85_265.jpg,doi:10.7910/DVN/UORYID,https://dataverse.harvard.edu/api/access/datafile/5657647
A85_266.jpg,doi:10.7910/DVN/TZW63L,https://dataverse.harvard.edu/api/access/datafile/5657648
A85_267.jpg,doi:10.7910/DVN/EX3JOO,https://dataverse.harvard.edu/api/access/datafile/5657649
A85_268a.jpg,doi:10.7910/DVN/QYRKG4,https://dataverse.harvard.edu/api/access/datafile/5657650
A85_268b.jpg,doi:10.7910/DVN/FASSNA,https://dataverse.harvard.edu/api/access/datafile/5657651
A85_269a.jpg,doi:10.7910/DVN/VMOMWR,https://dataverse.harvard.edu/api/access/datafile/5657652
A85_269b.jpg,doi:10.7910/DVN/KA5FQS,https://dataverse.harvard.edu/api/access/datafile/5657653
A85_270.jpg,doi:10.7910/DVN/WU7HMV,https://dataverse.harvard.edu/api/access/datafile/5657654
A85_271.jpg,doi:10.7910/DVN/QTA3BH,https://dataverse.harvard.edu/api/access/datafile/5657655
A85_272a.jpg,doi:10.7910/DVN/H1CRR8,https://dataverse.harvard.edu/api/access/datafile/5657656
A85_272b.jpg,doi:10.7910/DVN/MKQ0ZA,https://dataverse.harvard.edu/api/access/datafile/5657657
A85_273.jpg,doi:10.7910/DVN/4KFLFV,https://dataverse.harvard.edu/api/access/datafile/5657658
A85_274.jpg,doi:10.7910/DVN/OX92AQ,https://dataverse.harvard.edu/api/access/datafile/5657659
A85_275.jpg,doi:10.7910/DVN/SC381D,https://dataverse.harvard.edu/api/access/datafile/5657660
A85_276.jpg,doi:10.7910/DVN/Z1G269,https://dataverse.harvard.edu/api/access/datafile/5657661
A85_277.jpg,doi:10.7910/DVN/5OIJKG,https://dataverse.harvard.edu/api/access/datafile/5657662
A85_278.jpg,doi:10.7910/DVN/J2PYKP,https://dataverse.harvard.edu/api/access/datafile/5657663
A85_279.jpg,doi:10.7910/DVN/KLPM6H,https://dataverse.harvard.edu/api/access/datafile/5657664
A85_280.jpg,doi:10.7910/DVN/ECIXWA,https://dataverse.harvard.edu/api/access/datafile/5657665
A85_281.jpg,doi:10.7910/DVN/VUGLZ8,https://dataverse.harvard.edu/api/access/datafile/5657666
A85_282.jpg,doi:10.7910/DVN/KWCKXN,https://dataverse.harvard.edu/api/access/datafile/5657667
A85_283.jpg,doi:10.7910/DVN/RWIZQT,https://dataverse.harvard.edu/api/access/datafile/5657668
A85_284.jpg,doi:10.7910/DVN/EWACEW,https://dataverse.harvard.edu/api/access/datafile/5657669
A85_285.jpg,doi:10.7910/DVN/YEI3NR,https://dataverse.harvard.edu/api/access/datafile/5657670
A85_286.jpg,doi:10.7910/DVN/TJQIGE,https://dataverse.harvard.edu/api/access/datafile/5657671
A85_287a.jpg,doi:10.7910/DVN/HQIOEU,https://dataverse.harvard.edu/api/access/datafile/5657672
A85_287b.jpg,doi:10.7910/DVN/D8NRQN,https://dataverse.harvard.edu/api/access/datafile/5657673
A85_288.jpg,doi:10.7910/DVN/NWDVHU,https://dataverse.harvard.edu/api/access/datafile/5657674
A85_290.jpg,doi:10.7910/DVN/Z59FIS,https://dataverse.harvard.edu/api/access/datafile/5657675
A85_291.jpg,doi:10.7910/DVN/OJDCTA,https://dataverse.harvard.edu/api/access/datafile/5657676
A85_292.jpg,doi:10.7910/DVN/HNT0VQ,https://dataverse.harvard.edu/api/access/datafile/5657677
A85_293.jpg,doi:10.7910/DVN/ID7T8Z,https://dataverse.harvard.edu/api/access/datafile/5657678
A85_294.jpg,doi:10.7910/DVN/DAQLD0,https://dataverse.harvard.edu/api/access/datafile/5657679
A85_295.jpg,doi:10.7910/DVN/4APIU4,https://dataverse.harvard.edu/api/access/datafile/5657680
A85_297.jpg,doi:10.7910/DVN/V2N34Z,No file
A85_298.jpg,doi:10.7910/DVN/VICKIU,https://dataverse.harvard.edu/api/access/datafile/5657681
A85_299.jpg,doi:10.7910/DVN/MPQYY7,https://dataverse.harvard.edu/api/access/datafile/5657682
A85_300.jpg,doi:10.7910/DVN/NUCE3O,https://dataverse.harvard.edu/api/access/datafile/5657683
A85_301.jpg,doi:10.7910/DVN/DNFW9C,https://dataverse.harvard.edu/api/access/datafile/5657684
A85_302.jpg,doi:10.7910/DVN/DYCMSL,https://dataverse.harvard.edu/api/access/datafile/5657685
A85_303.jpg,doi:10.7910/DVN/QMLIAG,https://dataverse.harvard.edu/api/access/datafile/5657686
A85_304.jpg,doi:10.7910/DVN/ZA4LL3,https://dataverse.harvard.edu/api/access/datafile/5657687
A85_305.jpg,doi:10.7910/DVN/5BX3E6,https://dataverse.harvard.edu/api/access/datafile/5657688
A85_306.jpg,doi:10.7910/DVN/VXBWIV,https://dataverse.harvard.edu/api/access/datafile/5657689
A85_307.jpg,doi:10.7910/DVN/GZJU5Z,https://dataverse.harvard.edu/api/access/datafile/6097248
A85_308.jpg,doi:10.7910/DVN/NHR7HW,https://dataverse.harvard.edu/api/access/datafile/6097249
A85_309.jpg,doi:10.7910/DVN/FQ9ERS,https://dataverse.harvard.edu/api/access/datafile/6097250
A85_310.jpg,doi:10.7910/DVN/Q6GWYD,https://dataverse.harvard.edu/api/access/datafile/6097251
A85_311.jpg,doi:10.7910/DVN/5EXDLE,No file
A85_312.jpg,doi:10.7910/DVN/14KRE1,No file
A85_313.jpg,doi:10.7910/DVN/5P9VJ9,No file
A85_314.jpg,doi:10.7910/DVN/ZRJ7R6,No file
A85_316.jpg,doi:10.7910/DVN/3MPEBL,No file
A85_317a.jpg,doi:10.7910/DVN/RS3GJB,No file
A85_317b.jpg,doi:10.7910/DVN/3UXONC,No file
A85_317c.jpg,doi:10.7910/DVN/1AYKO9,No file
A85_317d.jpg,doi:10.7910/DVN/FRY6HP,No file
A85_319.jpg,doi:10.7910/DVN/B4TAYQ,No file
A85_321.jpg,doi:10.7910/DVN/KOUGBS,No file
A85_322.jpg,doi:10.7910/DVN/ZQ8EUR,No file
A85_323.jpg,doi:10.7910/DVN/JRHIJM,No file
A85_324a.jpg,doi:10.7910/DVN/OFKJM4,No file
A85_325.jpg,doi:10.7910/DVN/UUDNJK,No file
A85_330.jpg,doi:10.7910/DVN/ID7EOZ,No file
A85_331.jpg,doi:10.7910/DVN/HQLHOH,No file
A85_332.jpg,doi:10.7910/DVN/YZKFQW,No file
A85_333.jpg,doi:10.7910/DVN/DRPXBE,No file
A85_334.jpg,doi:10.7910/DVN/JAEAT6,No file
A85_336.jpg,doi:10.7910/DVN/JBVJJA,No file
A85_337.jpg,doi:10.7910/DVN/RDTFHS,No file
A85_338.jpg,doi:10.7910/DVN/UVQGAR,No file
A85_339.jpg,doi:10.7910/DVN/GSREA1,No file
A85_340.jpg,doi:10.7910/DVN/QMY4WH,No file
A85_341.jpg,doi:10.7910/DVN/U7S4TA,No file
A85_342.jpg,doi:10.7910/DVN/AUVODH,No file
A85_343.jpg,doi:10.7910/DVN/DTHLUH,No file
A85_344.jpg,doi:10.7910/DVN/FZHIPZ,No file
A85_345.jpg,doi:10.7910/DVN/O77QSX,No file
A85_346.jpg,doi:10.7910/DVN/PV0UBY,No file
A85_347.jpg,doi:10.7910/DVN/WJR3WI,No file
A85_503.jpg,doi:10.7910/DVN/6PIUQQ,No file
A85_504.jpg,doi:10.7910/DVN/TIGZAB,No file
A85_505.jpg,doi:10.7910/DVN/CX7YGG,No file
A85_506.jpg,doi:10.7910/DVN/TE5GGV,No file
A85_509a.jpg,doi:10.7910/DVN/WAPN8Z,No file
A85_509b.jpg,doi:10.7910/DVN/EW5VU0,No file
A85_509c.jpg,doi:10.7910/DVN/0RTMSM,No file
A85_516a.jpg,doi:10.7910/DVN/YLQPNA,No file
A85_516b.jpg,doi:10.7910/DVN/OPJQZL,No file
A85_521a.jpg,doi:10.7910/DVN/RBAUWK,No file
A85_521b.jpg,doi:10.7910/DVN/EX8GCX,No file
A85_521c.jpg,doi:10.7910/DVN/Y8QBGG,No file
A85_521d.jpg,doi:10.7910/DVN/UGLG0M,No file
A85_521e.jpg,doi:10.7910/DVN/YPHHFU,No file
A85_522a.jpg,doi:10.7910/DVN/GQX06F,No file
A85_522b.jpg,doi:10.7910/DVN/LDACFL,No file
A85_529.jpg,doi:10.7910/DVN/DMQTJN,No file
A85_531a.jpg,doi:10.7910/DVN/XM8CBJ,No file
A85_531b.jpg,doi:10.7910/DVN/UAH1SJ,No file