,pid,Filename,OCHRE Metadata Permanent Citation URL
1,doi:10.7910/DVN/V2N34Z,A85_297.jpg,http://pi.lib.uchicago.edu/1001/org/ochre/f3a21b88-b5c5-2a02-734f-767dbfd30b89
2,doi:10.7910/DVN/GZJU5Z,A85_307.jpg,http://pi.lib.uchicago.edu/1001/org/ochre/51012026-fb0f-1477-069c-d263e9771755
3,doi:10.7910/DVN/NHR7HW,A85_308.jpg,http://pi.lib.uchicago.edu/1001/org/ochre/c18e80b0-b130-2828-2833-7074bd3c036d
4,doi:10.7910/DVN/FQ9ERS,A85_309.jpg,http://pi.lib.uchicago.edu/1001/org/ochre/4c20f715-a367-b60f-323f-8e287d946078
5,doi:10.7910/DVN/Q6GWYD,A85_310.jpg,http://pi.lib.uchicago.edu/1001/org/ochre/689d3e1a-b52a-1ec9-2ad0-b1371e16b651
6,doi:10.7910/DVN/5EXDLE,A85_311.jpg,http://pi.lib.uchicago.edu/1001/org/ochre/013d0fed-8ddc-21a1-d44f-8eda36631d92
7,doi:10.7910/DVN/14KRE1,A85_312.jpg,http://pi.lib.uchicago.edu/1001/org/ochre/f3c5b9b8-aee9-9612-54b5-24e0d3a2dd5f
8,doi:10.7910/DVN/5P9VJ9,A85_313.jpg,http://pi.lib.uchicago.edu/1001/org/ochre/b432fc48-9f4b-d190-fa18-8a71c8daae74
9,doi:10.7910/DVN/ZRJ7R6,A85_314.jpg,http://pi.lib.uchicago.edu/1001/org/ochre/a0eb2c01-8cca-0412-c9ec-74fb05988023
10,doi:10.7910/DVN/3MPEBL,A85_316.jpg,http://pi.lib.uchicago.edu/1001/org/ochre/c55666fc-3d8f-c615-ac5b-69bffcf05aa4
11,doi:10.7910/DVN/RS3GJB,A85_317a.jpg,http://pi.lib.uchicago.edu/1001/org/ochre/987b4e43-6869-d690-8281-ee20600ece10
12,doi:10.7910/DVN/3UXONC,A85_317b.jpg,http://pi.lib.uchicago.edu/1001/org/ochre/608375f5-202a-e0b8-fb51-a97370c1ef8a
13,doi:10.7910/DVN/1AYKO9,A85_317c.jpg,http://pi.lib.uchicago.edu/1001/org/ochre/0338cc55-b549-6530-1039-f9e530e55cd3
14,doi:10.7910/DVN/FRY6HP,A85_317d.jpg,http://pi.lib.uchicago.edu/1001/org/ochre/cdb2a791-972d-63d7-2f5e-189234b7a9b7
15,doi:10.7910/DVN/B4TAYQ,A85_319.jpg,http://pi.lib.uchicago.edu/1001/org/ochre/cafb66e8-e3ad-7270-4415-e56c535977bd
16,doi:10.7910/DVN/KOUGBS,A85_321.jpg,http://pi.lib.uchicago.edu/1001/org/ochre/1bbdf14d-9367-2462-aba5-fba845e8f58f
17,doi:10.7910/DVN/ZQ8EUR,A85_322.jpg,http://pi.lib.uchicago.edu/1001/org/ochre/014b9c99-cda4-68eb-a4e2-444e3050a08e
18,doi:10.7910/DVN/JRHIJM,A85_323.jpg,http://pi.lib.uchicago.edu/1001/org/ochre/3ce4c19d-65a9-4243-c9ca-96af112d19c0
19,doi:10.7910/DVN/OFKJM4,A85_324a.jpg,http://pi.lib.uchicago.edu/1001/org/ochre/5018e8ab-f9b6-cbb4-e841-9a4e3fb1ccba
20,doi:10.7910/DVN/UUDNJK,A85_325.jpg,http://pi.lib.uchicago.edu/1001/org/ochre/6fc06921-fa8a-22c9-8ff1-4fe06ec5a59a
21,doi:10.7910/DVN/ID7EOZ,A85_330.jpg,http://pi.lib.uchicago.edu/1001/org/ochre/c8706ff1-b4d0-61f2-0a68-065360d9fbd5
22,doi:10.7910/DVN/HQLHOH,A85_331.jpg,http://pi.lib.uchicago.edu/1001/org/ochre/f9543185-e6e5-3656-8c32-baf494b751ad
23,doi:10.7910/DVN/YZKFQW,A85_332.jpg,http://pi.lib.uchicago.edu/1001/org/ochre/514f4283-edcc-71be-9f95-2e92ee1815d8
24,doi:10.7910/DVN/DRPXBE,A85_333.jpg,http://pi.lib.uchicago.edu/1001/org/ochre/9e60001b-287f-b7a6-3061-c9441c6c6d23
25,doi:10.7910/DVN/JAEAT6,A85_334.jpg,http://pi.lib.uchicago.edu/1001/org/ochre/9e031f71-9eee-3db7-ce7e-58e807671e43
26,doi:10.7910/DVN/JBVJJA,A85_336.jpg,http://pi.lib.uchicago.edu/1001/org/ochre/20f66387-bc92-25af-4772-2ccb06ce6d15
27,doi:10.7910/DVN/RDTFHS,A85_337.jpg,http://pi.lib.uchicago.edu/1001/org/ochre/576fd62e-9747-741c-ea87-41066ca6f664
28,doi:10.7910/DVN/UVQGAR,A85_338.jpg,http://pi.lib.uchicago.edu/1001/org/ochre/e5160555-8827-d093-9353-3d6351baa3ca
29,doi:10.7910/DVN/GSREA1,A85_339.jpg,http://pi.lib.uchicago.edu/1001/org/ochre/f641e089-32f5-1946-5dcc-12141b7f9011
30,doi:10.7910/DVN/QMY4WH,A85_340.jpg,http://pi.lib.uchicago.edu/1001/org/ochre/100a87e7-1a7e-aec3-691e-07638f201a70
31,doi:10.7910/DVN/U7S4TA,A85_341.jpg,http://pi.lib.uchicago.edu/1001/org/ochre/4fc20a9c-1d95-9cf4-8a5d-3bb46add6427
32,doi:10.7910/DVN/AUVODH,A85_342.jpg,http://pi.lib.uchicago.edu/1001/org/ochre/7d5c57ea-a387-6b00-2a08-459ca4875e1d
33,doi:10.7910/DVN/DTHLUH,A85_343.jpg,http://pi.lib.uchicago.edu/1001/org/ochre/29281cc7-8bb4-246f-ff03-89818127e4e1
34,doi:10.7910/DVN/FZHIPZ,A85_344.jpg,http://pi.lib.uchicago.edu/1001/org/ochre/b6a1aa41-a1e4-90c1-0d42-8354d5474aaa
35,doi:10.7910/DVN/O77QSX,A85_345.jpg,http://pi.lib.uchicago.edu/1001/org/ochre/0a6bfbc5-dcde-6eab-79fe-434e790cba63
36,doi:10.7910/DVN/PV0UBY,A85_346.jpg,http://pi.lib.uchicago.edu/1001/org/ochre/c4374c1e-8c1f-ac44-f09c-ad5904db4b25
37,doi:10.7910/DVN/WJR3WI,A85_347.jpg,http://pi.lib.uchicago.edu/1001/org/ochre/e17499d2-1708-6f52-5029-50abb2982ce4
38,doi:10.7910/DVN/6PIUQQ,A85_503.jpg,http://pi.lib.uchicago.edu/1001/org/ochre/a7789bd0-41cf-86a6-4563-121dc0658622
39,doi:10.7910/DVN/TIGZAB,A85_504.jpg,http://pi.lib.uchicago.edu/1001/org/ochre/c02b0c41-cff2-69b4-52c4-6ad67606bc01
40,doi:10.7910/DVN/CX7YGG,A85_505.jpg,http://pi.lib.uchicago.edu/1001/org/ochre/9372a52f-454c-b72b-c955-0a89e6a5cb6c
41,doi:10.7910/DVN/TE5GGV,A85_506.jpg,http://pi.lib.uchicago.edu/1001/org/ochre/0ecd2732-b54d-328d-23a8-c3740ce0773d
42,doi:10.7910/DVN/WAPN8Z,A85_509a.jpg,http://pi.lib.uchicago.edu/1001/org/ochre/8a8a2fc6-25b2-4c51-1479-ae2f16a2d98b
43,doi:10.7910/DVN/EW5VU0,A85_509b.jpg,http://pi.lib.uchicago.edu/1001/org/ochre/dc21285d-8a6a-9f64-d1fe-5b11ba9945b7
44,doi:10.7910/DVN/0RTMSM,A85_509c.jpg,http://pi.lib.uchicago.edu/1001/org/ochre/ebe6b8ff-4c13-42d9-99c3-7463177b5062
45,doi:10.7910/DVN/YLQPNA,A85_516a.jpg,http://pi.lib.uchicago.edu/1001/org/ochre/ae7df432-2f24-7b79-3d01-f229fc936e84
46,doi:10.7910/DVN/OPJQZL,A85_516b.jpg,http://pi.lib.uchicago.edu/1001/org/ochre/4a7def6b-c350-75f7-fcb0-f7e8e3d6a8bd
47,doi:10.7910/DVN/RBAUWK,A85_521a.jpg,http://pi.lib.uchicago.edu/1001/org/ochre/f1d7c021-a0e8-6d62-31c9-94042cfe9fba
48,doi:10.7910/DVN/EX8GCX,A85_521b.jpg,http://pi.lib.uchicago.edu/1001/org/ochre/e5e9ba21-a171-1608-69be-c72dce11c592
49,doi:10.7910/DVN/Y8QBGG,A85_521c.jpg,http://pi.lib.uchicago.edu/1001/org/ochre/75a370b5-da49-d8c0-4f55-b0acd90b8aae
50,doi:10.7910/DVN/UGLG0M,A85_521d.jpg,http://pi.lib.uchicago.edu/1001/org/ochre/b3d4e4cf-974c-3a21-a86b-5a8f80d0ee91
51,doi:10.7910/DVN/YPHHFU,A85_521e.jpg,http://pi.lib.uchicago.edu/1001/org/ochre/e6f1c141-e8ee-0cc2-9b53-0838e9061fa3
52,doi:10.7910/DVN/GQX06F,A85_522a.jpg,http://pi.lib.uchicago.edu/1001/org/ochre/56f10b73-46f5-f9b2-4340-209c42db35ed
53,doi:10.7910/DVN/LDACFL,A85_522b.jpg,http://pi.lib.uchicago.edu/1001/org/ochre/794517a8-202d-963e-a904-09319c8f61ab
54,doi:10.7910/DVN/DMQTJN,A85_529.jpg,http://pi.lib.uchicago.edu/1001/org/ochre/d39f779e-be3e-9a51-e42f-6ad4fb287f7f
55,doi:10.7910/DVN/XM8CBJ,A85_531a.jpg,http://pi.lib.uchicago.edu/1001/org/ochre/7fb4fa1b-51f1-162e-8cec-00260d18227b
56,doi:10.7910/DVN/UAH1SJ,A85_531b.jpg,http://pi.lib.uchicago.edu/1001/org/ochre/56b14c47-3eb3-bea2-507d-c4ee1ac0b643
57,doi:10.7910/DVN/QYX2XV,A87_1426.jpg,http://pi.lib.uchicago.edu/1001/org/ochre/83e4cc0a-6987-6055-b714-5583e6cf5e6a
58,doi:10.7910/DVN/XKACEN,A87_1467c.jpg,http://pi.lib.uchicago.edu/1001/org/ochre/0b92e364-3daa-63d0-dd63-b32e2c4f52dd
59,doi:10.7910/DVN/YU2VMX,A87_1219.jpg,http://pi.lib.uchicago.edu/1001/org/ochre/dc066f9e-c5fc-38d0-da32-e82992ce16e1
60,doi:10.7910/DVN/DIEDJN,A89_3133.jpg,http://pi.lib.uchicago.edu/1001/org/ochre/8b29d2fe-b967-39bc-b44e-b39b0a8f2006
61,doi:10.7910/DVN/Y6BBNK,A89_3278.jpg,http://pi.lib.uchicago.edu/1001/org/ochre/08bd2b0b-16fb-97eb-f4a2-fb261e986228
62,doi:10.7910/DVN/CZO91Q,A90_3563.jpg,http://pi.lib.uchicago.edu/1001/org/ochre/70ef9dcf-67d6-9629-9aeb-79fb904058f3
63,doi:10.7910/DVN/LZKCS6,A90_3651f.jpg,http://pi.lib.uchicago.edu/1001/org/ochre/08122853-2340-a4a7-0263-22a487619cdf
64,doi:10.7910/DVN/U7ECEI,A91_4133.jpg,http://pi.lib.uchicago.edu/1001/org/ochre/30fe11ea-1979-7c3c-286a-97f7da55ee30
65,doi:10.7910/DVN/KZ9Z1T,A91_4201a.jpg,http://pi.lib.uchicago.edu/1001/org/ochre/8bcbdd45-8c5d-7c19-1531-c3d0ebff5280
66,doi:10.7910/DVN/J9ZCMF,A92_5170.jpg,http://pi.lib.uchicago.edu/1001/org/ochre/4b2a1cd1-a7f0-10d0-17d8-f83f1b8ddaa0
67,doi:10.7910/DVN/S2A7V1,A94_6021.jpg,http://pi.lib.uchicago.edu/1001/org/ochre/6df6c955-92b3-49bc-dd42-06f0aed845f4
68,doi:10.7910/DVN/SZNO9K,A94_6560.jpg,http://pi.lib.uchicago.edu/1001/org/ochre/8a7dde47-5982-753c-cf1c-14bcdb971d68
69,doi:10.7910/DVN/0O8KUT,A94_6733.jpg,http://pi.lib.uchicago.edu/1001/org/ochre/cf3ce519-f461-0d68-eac7-037aeae8e570
70,doi:10.7910/DVN/PKNK9A,A97_8787.jpg,http://pi.lib.uchicago.edu/1001/org/ochre/84b734ed-6e20-9dc1-33ea-0f025b71f5a3
71,doi:10.7910/DVN/Z6N4TU,A97_8911.jpg,http://pi.lib.uchicago.edu/1001/org/ochre/fbba082e-13bd-2c35-f9b7-c6879e2e7a1a
72,doi:10.7910/DVN/PUJRJQ,A97_8916a.jpg,http://pi.lib.uchicago.edu/1001/org/ochre/ace0e033-cfdd-446f-a32d-16df1612093c
73,doi:10.7910/DVN/Y92BWF,A97_9024.jpg,http://pi.lib.uchicago.edu/1001/org/ochre/4ce7e520-63d1-4310-8586-e396f7ed55a4
74,doi:10.7910/DVN/0JQRZX,A98_10023.jpg,http://pi.lib.uchicago.edu/1001/org/ochre/db3a2e9e-98d1-cb90-1dd3-91482edd2d1a
75,doi:10.7910/DVN/OJRQT0,A98_10122.jpg,http://pi.lib.uchicago.edu/1001/org/ochre/d2161fa6-5b88-43ba-b02d-696a44ceecc8
76,doi:10.7910/DVN/W88WRV,A98_10513.jpg,http://pi.lib.uchicago.edu/1001/org/ochre/3c709491-7a18-444e-8e21-70214088df0c
77,doi:10.7910/DVN/QFDBAT,A98_9490.jpg,http://pi.lib.uchicago.edu/1001/org/ochre/30e40aec-2b5d-4286-8b93-637fa2484cd7
78,doi:10.7910/DVN/LVTY4D,A98_9497.jpg,http://pi.lib.uchicago.edu/1001/org/ochre/e333a565-db27-c645-5d13-cbd47554298b
79,doi:10.7910/DVN/CAE8JD,A98_9624b.jpg,http://pi.lib.uchicago.edu/1001/org/ochre/c3a89cc0-b5eb-4994-be06-8326f0107121
80,doi:10.7910/DVN/PXHGCU,A98_9778.jpg,http://pi.lib.uchicago.edu/1001/org/ochre/5030a0d2-78f9-ace4-44af-fd7085f1064e
81,doi:10.7910/DVN/1PNWNY,A00_12888.JPG,http://pi.lib.uchicago.edu/1001/org/ochre/b505d41f-53d0-c400-f5a7-df024d10657d
82,doi:10.7910/DVN/ATTM27,A00_12899a.JPG,http://pi.lib.uchicago.edu/1001/org/ochre/a67a5186-1d2b-ea62-59cc-ab67950b8973
83,doi:10.7910/DVN/CER52D,A00_12900.JPG,http://pi.lib.uchicago.edu/1001/org/ochre/8ea65448-e0b6-96de-0331-e2e3bda852aa
84,doi:10.7910/DVN/QBXAHV,A04_13919a.JPG,http://pi.lib.uchicago.edu/1001/org/ochre/8612989a-d8b4-750b-e416-64a400eee585
85,doi:10.7910/DVN/8XDGIJ,A04_13920b.JPG,http://pi.lib.uchicago.edu/1001/org/ochre/f87a96aa-26ed-8144-cffd-2e98e8d1e4c5
86,doi:10.7910/DVN/ZIF3HI,A04_13948a.JPG,http://pi.lib.uchicago.edu/1001/org/ochre/3d38dac3-a33c-6849-30b9-5842ac10f50e
87,doi:10.7910/DVN/WXZRUF,A04_13950.JPG,http://pi.lib.uchicago.edu/1001/org/ochre/80b372a9-7c07-4620-1b9b-170fc22b58d7
88,doi:10.7910/DVN/M2PFLV,A04_13989a.JPG,http://pi.lib.uchicago.edu/1001/org/ochre/e09363f2-d64e-c377-ea15-ae05add8b265
89,doi:10.7910/DVN/OTAYZD,A04_14008a.JPG,http://pi.lib.uchicago.edu/1001/org/ochre/ee5d942b-18b5-0d0a-5775-3da7d90e2c52
90,doi:10.7910/DVN/5QV8XD,A04_14071.JPG,http://pi.lib.uchicago.edu/1001/org/ochre/83b46dda-6fa6-d2f2-7987-70e427121995
91,doi:10.7910/DVN/81ZGYA,A04_14073b.JPG,http://pi.lib.uchicago.edu/1001/org/ochre/de120dd9-7c35-6ec7-cfa4-43987c4c27aa
92,doi:10.7910/DVN/FZUSXX,A08_16768.JPG,http://pi.lib.uchicago.edu/1001/org/ochre/d067b4df-8e8f-ad8c-bae9-bf44cc29112e
93,doi:10.7910/DVN/WKWIAD,A08_17000.jpg,http://pi.lib.uchicago.edu/1001/org/ochre/8f0d6ab7-f0d4-04dd-5ffe-43d08f137521
94,doi:10.7910/DVN/YSUS3G,A08_17062.jpg,http://pi.lib.uchicago.edu/1001/org/ochre/0b557572-4c2a-e493-cb71-53f85ffe238e
95,doi:10.7910/DVN/WUHRC5,A08_17448.jpg,http://pi.lib.uchicago.edu/1001/org/ochre/011ccaf8-9a15-6899-d605-e751bb3f0252
96,doi:10.7910/DVN/NWD3NE,A09_17574.JPG,http://pi.lib.uchicago.edu/1001/org/ochre/8c1a66fb-00dd-1886-f9e8-8652a8acecb9
97,doi:10.7910/DVN/GZTKXI,A09_17604.JPG,http://pi.lib.uchicago.edu/1001/org/ochre/fa9d4a8d-58b1-099e-fbaf-af387ece9ab7
98,doi:10.7910/DVN/PI2CYT,A10_18053.JPG,http://pi.lib.uchicago.edu/1001/org/ochre/5f01e9b3-1eb9-4380-b38e-f929c5c9c3d2
99,doi:10.7910/DVN/LTB3EM,A10_18223.jpg,http://pi.lib.uchicago.edu/1001/org/ochre/773fd864-0898-42a4-9e73-0e87af75bc63
100,doi:10.7910/DVN/BRCB17,A10_18243.jpg,http://pi.lib.uchicago.edu/1001/org/ochre/d011609d-9b5d-40dc-900f-3d92cdfe5f83
101,doi:10.7910/DVN/YF1G4C,A10_18367.jpg,http://pi.lib.uchicago.edu/1001/org/ochre/29af4855-a0b8-477e-a0d4-1585260f9aed
102,doi:10.7910/DVN/6BM8X5,A10_18553.jpg,http://pi.lib.uchicago.edu/1001/org/ochre/9382b2e6-573b-47c5-b2e9-24d09956dd41
103,doi:10.7910/DVN/YDUME0,A11_18944.jpg,http://pi.lib.uchicago.edu/1001/org/ochre/da43402a-b63b-478c-9612-d6355a1f8656
104,doi:10.7910/DVN/SAQBWL,A14_26636.jpg,http://pi.lib.uchicago.edu/1001/org/ochre/218623c0-c958-48c8-a344-3efdbdb43c10