filename,doi,fileId
A13_24687.jpg,doi:10.7910/DVN/OE0YGB,6099372
A14_26636.jpg,doi:10.7910/DVN/SAQBWL,6153746
A15_27144.jpg,doi:10.7910/DVN/CCZLIW,6165574
A15_27154.jpg,doi:10.7910/DVN/OP6DGH,6165575
A15_28134.jpg,doi:10.7910/DVN/WVTIRD,6165576
A15_28262.jpg,doi:10.7910/DVN/QKH8QE,6165577
A15_29150.jpg,doi:10.7910/DVN/LOWVGN,6165578
A15_29190.jpg,doi:10.7910/DVN/C60VPB,6165579
A15_29963.jpg,doi:10.7910/DVN/7FHX3B,6165585
A16_30918.jpg,doi:10.7910/DVN/JWNZRY,6153769
A17_33652.jpg,doi:10.7910/DVN/BIP8HT,6153819
A17_33653.jpg,doi:10.7910/DVN/UHQ3AP,6153818
A17_33654.jpg,doi:10.7910/DVN/UFESMD,6153820
A17_33655.jpg,doi:10.7910/DVN/LLDOGO,6153824
A17_33656.jpg,doi:10.7910/DVN/JXNFXJ,6153823
A17_33657.jpg,doi:10.7910/DVN/PVHTSK,6153822
A17_33658.jpg,doi:10.7910/DVN/BBLGRI,6153821
A17_33659.jpg,doi:10.7910/DVN/U8WZXB,6153827
A17_33660.jpg,doi:10.7910/DVN/WMND1I,6153828
A17_33661.jpg,doi:10.7910/DVN/QBDCFI,6153830
A17_33662.jpg,doi:10.7910/DVN/A3NWA7,6153831
A17_33663.jpg,doi:10.7910/DVN/AF3OZU,6153832
A17_33664.jpg,doi:10.7910/DVN/DTORLW,6153833
A17_33665.jpg,doi:10.7910/DVN/XS4K1F,6153834
A17_33666.jpg,doi:10.7910/DVN/5RRCNM,6153835
A17_33667.jpg,doi:10.7910/DVN/OE0OTG,6153837
A17_33668.jpg,doi:10.7910/DVN/ZHJVXE,6153838
A17_33669.jpg,doi:10.7910/DVN/74GHV5,6153839
A17_33670.jpg,doi:10.7910/DVN/QIATMT,6153840
A17_33671.jpg,doi:10.7910/DVN/ZVXK8J,6153841
A17_33672.jpg,doi:10.7910/DVN/FUDG5J,6153842
A17_33673.jpg,doi:10.7910/DVN/EHC3IE,6153843
A17_33674.jpg,doi:10.7910/DVN/7ZQKJ9,6153844
A17_33675.jpg,doi:10.7910/DVN/8JJNJV,6153845
A17_33676.jpg,doi:10.7910/DVN/T4R7QA,6153846
A17_33677.jpg,doi:10.7910/DVN/1HWPGQ,6153847
A17_33678.jpg,doi:10.7910/DVN/G4BZRO,6153848
A17_33679.jpg,doi:10.7910/DVN/JPSMTG,6153849
A17_33680.jpg,doi:10.7910/DVN/YCPZM4,6153850
A17_33681.jpg,doi:10.7910/DVN/R9AKLX,6153851
A17_33682.jpg,doi:10.7910/DVN/Y29O7W,6153852